-- phpMyAdmin SQL Dump
-- version 4.1.14
-- http://www.phpmyadmin.net
--
-- Host: 127.0.0.1
-- Generation Time: Jun 22, 2017 at 05:14 PM
-- Server version: 5.6.17
-- PHP Version: 5.5.12

SET SQL_MODE = "NO_AUTO_VALUE_ON_ZERO";
SET time_zone = "+00:00";


/*!40101 SET @OLD_CHARACTER_SET_CLIENT=@@CHARACTER_SET_CLIENT */;
/*!40101 SET @OLD_CHARACTER_SET_RESULTS=@@CHARACTER_SET_RESULTS */;
/*!40101 SET @OLD_COLLATION_CONNECTION=@@COLLATION_CONNECTION */;
/*!40101 SET NAMES utf8 */;

--
-- Database: `firebrigade`
--
CREATE DATABASE IF NOT EXISTS `firebrigade` DEFAULT CHARACTER SET utf8 COLLATE utf8_general_ci;
USE `firebrigade`;

-- --------------------------------------------------------

--
-- Table structure for table `duty_attendance`
--

DROP TABLE IF EXISTS `duty_attendance`;
CREATE TABLE IF NOT EXISTS `duty_attendance` (
  `unit` varchar(10) NOT NULL,
  `attendance_date` date NOT NULL,
  `time_in` varchar(10) NOT NULL,
  `time_out` varchar(10) NOT NULL,
  `schedule` varchar(10) NOT NULL,
  `date_created` datetime NOT NULL DEFAULT CURRENT_TIMESTAMP,
  `duty_version` int(11) NOT NULL,
  KEY `unit` (`unit`),
  KEY `schedule` (`schedule`),
  KEY `unit_2` (`unit`)
) ENGINE=InnoDB DEFAULT CHARSET=utf8;

--
-- Truncate table before insert `duty_attendance`
--

TRUNCATE TABLE `duty_attendance`;
--
-- Dumping data for table `duty_attendance`
--

INSERT INTO `duty_attendance` (`unit`, `attendance_date`, `time_in`, `time_out`, `schedule`, `date_created`, `duty_version`) VALUES
('94', '2017-05-01', '08:00 PM', '08:00 AM', 'Monday', '2017-05-26 19:56:57', 1),
('90', '2017-05-01', '08:59 PM', '08:00 AM', 'Monday', '2017-05-26 19:57:30', 1),
('92', '2017-05-01', '10:02 PM', '08:00 AM', 'Monday', '2017-05-26 19:58:03', 1),
('83', '2017-05-01', '09:00 PM', '08:00 AM', 'Monday', '2017-05-26 19:58:39', 1),
('88', '2017-05-02', '07:42 PM', '06:00 AM', 'Tuesday', '2017-05-26 20:00:14', 1),
('83', '2017-05-02', '10:45 PM', '09:00 AM', 'Tuesday', '2017-05-26 20:00:49', 1),
('88', '2017-05-03', '08:23 PM', '06:00 AM', 'Wednesday', '2017-05-26 20:01:30', 1),
('94', '2017-05-03', '09:41 PM', '08:00 AM', 'Wednesday', '2017-05-26 20:02:01', 1),
('90', '2017-05-03', '09:43 PM', '08:00 AM', 'Wednesday', '2017-05-26 20:02:22', 1),
('96', '2017-05-03', '09:43 PM', '07:27 AM', 'Wednesday', '2017-05-26 20:02:45', 1),
('92', '2017-05-03', '10:17 PM', '08:00 AM', 'Wednesday', '2017-05-26 20:03:06', 1),
('83', '2017-05-03', '07:30 PM', '08:00 AM', 'Wednesday', '2017-05-26 20:03:26', 1),
('86', '2017-05-03', '10:30 PM', '08:50 AM', 'Wednesday', '2017-05-26 20:03:44', 1),
('89', '2017-05-04', '09:07 PM', '05:41 AM', 'Thursday', '2017-05-26 20:04:17', 1),
('90', '2017-05-04', '09:30 PM', '08:00 AM', 'Thursday', '2017-05-26 20:04:37', 1),
('92', '2017-05-04', '10:10 PM', '08:00 AM', 'Thursday', '2017-05-26 20:05:02', 1),
('86', '2017-05-04', '10:00 PM', '08:03 AM', 'Thursday', '2017-05-26 20:05:21', 1),
('83', '2017-05-04', '10:00 PM', '01:00 PM', 'Thursday', '2017-05-26 20:05:42', 1),
('84', '2017-05-05', '08:34 PM', '08:31 AM', 'Friday', '2017-05-26 20:06:25', 1),
('92', '2017-05-05', '08:53 PM', '08:00 AM', 'Friday', '2017-05-26 20:06:44', 1),
('88', '2017-05-05', '09:23 PM', '08:00 AM', 'Friday', '2017-05-26 20:07:03', 1),
('93', '2017-05-05', '10:10 PM', '07:30 AM', 'Friday', '2017-05-26 20:07:24', 1),
('96', '2017-05-05', '10:46 PM', '07:25 AM', 'Friday', '2017-05-26 20:07:48', 1),
('86', '2017-05-05', '09:00 PM', '09:40 AM', 'Friday', '2017-05-26 20:08:15', 1),
('84', '2017-05-06', '07:48 PM', '09:30 AM', 'Saturday', '2017-05-26 20:08:48', 1),
('91', '2017-05-06', '07:48 PM', '09:30 AM', 'Saturday', '2017-05-26 20:09:09', 1),
('90', '2017-05-06', '07:53 PM', '00:00 AM', 'Saturday', '2017-05-26 20:09:33', 1),
('92', '2017-05-06', '09:40 PM', '08:00 AM', 'Saturday', '2017-05-26 20:10:19', 1),
('83', '2017-05-06', '07:00 PM', '10:00 AM', 'Saturday', '2017-05-26 20:10:53', 1),
('96', '2017-05-06', '10:49 PM', '10:43 AM', 'Saturday', '2017-05-26 20:11:15', 1),
('91', '2017-05-07', '05:30 PM', '10:00 AM', 'Sunday', '2017-05-26 20:14:13', 1),
('90', '2017-05-07', '09:00 PM', '08:00 AM', 'Sunday', '2017-05-26 20:14:37', 1),
('84', '2017-05-07', '10:28 PM', '09:30 AM', 'Sunday', '2017-05-26 20:14:59', 1),
('86', '2017-05-07', '10:40 PM', '05:36 AM', 'Sunday', '2017-05-26 20:15:18', 1),
('83', '2017-05-07', '09:00 PM', '08:00 AM', 'Sunday', '2017-05-26 20:15:37', 1),
('45', '2017-05-07', '08:55 PM', '10:00 AM', 'Sunday', '2017-05-26 20:15:56', 1),
('83', '2017-05-08', '09:30 PM', '08:00 AM', 'Monday', '2017-05-26 20:16:24', 1),
('92', '2017-05-08', '09:00 PM', '08:00 AM', 'Monday', '2017-05-26 20:16:45', 1),
('90', '2017-05-08', '05:10 PM', '08:00 AM', 'Monday', '2017-05-26 20:17:01', 1),
('90', '2017-05-09', '07:58 PM', '08:00 AM', 'Tuesday', '2017-05-26 20:17:25', 1),
('83', '2017-05-09', '06:00 PM', '09:00 AM', 'Tuesday', '2017-05-26 20:17:41', 1),
('88', '2017-05-09', '08:53 PM', '06:00 AM', 'Tuesday', '2017-05-26 20:18:00', 1),
('95', '2017-05-09', '09:17 PM', '08:30 AM', 'Tuesday', '2017-05-26 20:18:26', 1),
('96', '2017-05-10', '09:26 PM', '12:53 PM', 'Wednesday', '2017-05-26 20:19:03', 1),
('09', '2017-05-10', '06:00 PM', '04:00 AM', 'Wednesday', '2017-05-26 20:19:22', 1),
('83', '2017-05-10', '07:00 PM', '01:40 PM', 'Wednesday', '2017-05-26 20:19:50', 1),
('88', '2017-05-10', '10:15 PM', '05:22 AM', 'Wednesday', '2017-05-26 20:20:24', 1),
('92', '2017-05-10', '06:30 PM', '08:00 AM', 'Wednesday', '2017-05-26 20:20:45', 1),
('90', '2017-05-10', '05:10 PM', '06:00 AM', 'Wednesday', '2017-05-26 20:21:03', 1),
('86', '2017-05-11', '08:00 PM', '11:45 PM', 'Thursday', '2017-05-26 20:21:37', 1),
('89', '2017-05-11', '08:33 PM', '05:00 AM', 'Thursday', '2017-05-26 20:22:02', 1),
('90', '2017-05-11', '04:30 PM', '08:00 AM', 'Thursday', '2017-05-26 20:22:20', 1),
('95', '2017-05-11', '09:00 PM', '08:00 AM', 'Thursday', '2017-05-26 20:22:43', 1),
('90', '2017-05-12', '07:52 PM', '08:00 AM', 'Friday', '2017-05-26 20:23:46', 1),
('84', '2017-05-12', '08:27 PM', '04:45 AM', 'Friday', '2017-05-26 20:24:05', 1),
('88', '2017-05-12', '09:28 PM', '07:00 AM', 'Friday', '2017-05-26 20:24:22', 1),
('92', '2017-05-12', '09:00 PM', '08:00 AM', 'Friday', '2017-05-26 20:24:38', 1),
('84', '2017-05-13', '03:30 PM', '10:45 AM', 'Saturday', '2017-05-26 20:25:27', 1),
('93', '2017-05-13', '05:37 PM', '03:03 PM', 'Saturday', '2017-05-26 20:26:17', 1),
('90', '2017-05-13', '08:00 PM', '01:00 PM', 'Saturday', '2017-05-26 20:26:39', 1),
('91', '2017-05-13', '09:04 PM', '10:45 AM', 'Saturday', '2017-05-26 20:27:00', 1),
('97', '2017-05-13', '09:15 PM', '12:50 PM', 'Saturday', '2017-05-26 20:27:22', 1),
('95', '2017-05-13', '09:25 PM', '10:00 AM', 'Saturday', '2017-05-26 20:27:42', 1),
('94', '2017-05-13', '09:46 PM', '08:00 AM', 'Saturday', '2017-05-26 20:29:11', 1),
('96', '2017-05-13', '10:47 PM', '09:30 AM', 'Saturday', '2017-05-26 20:34:22', 1),
('86', '2017-05-13', '07:00 PM', '10:00 AM', 'Saturday', '2017-05-26 20:34:43', 1),
('94', '2017-05-14', '07:54 PM', '08:00 AM', 'Sunday', '2017-05-26 20:35:52', 1),
('90', '2017-05-14', '08:30 PM', '08:00 AM', 'Sunday', '2017-05-26 20:36:07', 1),
('45', '2017-05-14', '09:35 PM', '12:30 PM', 'Sunday', '2017-05-26 20:36:27', 1),
('86', '2017-05-14', '09:44 PM', '08:52 AM', 'Sunday', '2017-05-26 20:36:48', 1),
('84', '2017-05-14', '10:46 PM', '09:20 AM', 'Sunday', '2017-05-26 20:37:22', 1),
('83', '2017-05-14', '09:00 PM', '11:00 AM', 'Sunday', '2017-05-26 20:37:43', 1),
('91', '2017-05-14', '10:46 PM', '07:40 AM', 'Sunday', '2017-05-26 20:38:32', 1),
('90', '2017-05-15', '07:48 PM', '08:00 AM', 'Monday', '2017-05-26 20:39:11', 1),
('92', '2017-05-15', '10:30 PM', '08:00 AM', 'Monday', '2017-05-26 20:39:32', 1),
('94', '2017-05-15', '08:00 PM', '08:00 AM', 'Monday', '2017-05-26 20:39:47', 1),
('86', '2017-05-15', '05:30 PM', '10:34 AM', 'Monday', '2017-05-26 20:40:05', 1),
('83', '2017-05-15', '11:15 PM', '11:00 AM', 'Monday', '2017-05-26 20:40:21', 1),
('95', '2017-05-16', '08:57 PM', '08:00 AM', 'Tuesday', '2017-05-26 20:40:47', 1),
('90', '2017-05-16', '09:01 PM', '05:30 AM', 'Tuesday', '2017-05-26 20:41:07', 1),
('88', '2017-05-16', '09:28 PM', '05:00 AM', 'Tuesday', '2017-05-26 20:41:50', 1),
('86', '2017-05-16', '09:00 PM', '11:04 AM', 'Tuesday', '2017-05-26 20:42:15', 1),
('94', '2017-05-16', '08:00 PM', '09:00 AM', 'Tuesday', '2017-05-26 20:42:57', 1),
('83', '2017-05-16', '06:30 PM', '12:41 PM', 'Tuesday', '2017-05-26 20:43:18', 1),
('90', '2017-05-17', '07:15 PM', '08:00 AM', 'Wednesday', '2017-05-26 20:43:54', 1),
('92', '2017-05-17', '10:10 PM', '08:00 AM', 'Wednesday', '2017-05-26 20:44:12', 1),
('86', '2017-05-17', '10:12 PM', '09:44 AM', 'Wednesday', '2017-05-26 20:44:28', 1),
('83', '2017-05-17', '10:50 PM', '10:30 AM', 'Wednesday', '2017-05-26 20:45:01', 1),
('90', '2017-05-18', '05:30 PM', '08:00 AM', 'Thursday', '2017-05-26 20:45:52', 1),
('95', '2017-05-18', '08:00 PM', '08:00 AM', 'Thursday', '2017-05-26 20:57:15', 1),
('89', '2017-05-18', '08:53 PM', '05:00 AM', 'Thursday', '2017-05-26 20:57:35', 1),
('92', '2017-05-18', '10:39 PM', '08:00 AM', 'Thursday', '2017-05-26 20:58:13', 1),
('83', '2017-05-18', '10:30 PM', '08:00 AM', 'Thursday', '2017-05-26 20:58:27', 1),
('86', '2017-05-18', '08:00 PM', '01:00 PM', 'Thursday', '2017-05-26 20:59:01', 1),
('90', '2017-05-19', '07:28 PM', '08:00 AM', 'Friday', '2017-05-26 20:59:23', 1),
('93', '2017-05-19', '08:30 PM', '06:00 AM', 'Friday', '2017-05-26 20:59:57', 1),
('92', '2017-05-19', '09:00 PM', '08:00 AM', 'Friday', '2017-05-26 21:00:41', 1),
('88', '2017-05-19', '09:32 PM', '08:00 AM', 'Friday', '2017-05-26 21:00:59', 1),
('13', '2017-05-20', '03:30 PM', '07:45 AM', 'Saturday', '2017-05-26 21:02:13', 1),
('95', '2017-05-20', '08:44 PM', '12:20 PM', 'Saturday', '2017-05-26 21:02:32', 1),
('92', '2017-05-20', '08:45 PM', '08:00 AM', 'Saturday', '2017-05-26 21:02:51', 1),
('96', '2017-05-20', '09:30 PM', '07:11 AM', 'Saturday', '2017-05-26 21:03:06', 1),
('89', '2017-05-20', '09:47 PM', '07:24 AM', 'Saturday', '2017-05-26 21:03:44', 1),
('83', '2017-05-21', '07:30 PM', '08:00 AM', 'Sunday', '2017-05-26 21:04:13', 1),
('90', '2017-05-22', '07:12 PM', '08:00 AM', 'Monday', '2017-05-26 21:05:06', 1),
('22', '2017-05-22', '10:10 PM', '06:40 AM', 'Monday', '2017-05-26 21:05:23', 1),
('92', '2017-05-22', '10:17 PM', '08:00 AM', 'Monday', '2017-05-26 21:05:40', 1),
('83', '2017-05-22', '10:57 PM', '01:17 PM', 'Monday', '2017-05-26 21:05:59', 1),
('94', '2017-05-22', '09:00 PM', '08:00 AM', 'Monday', '2017-05-26 21:06:14', 1),
('95', '2017-05-23', '09:00 PM', '09:00 AM', 'Tuesday', '2017-05-27 14:39:04', 1),
('88', '2017-05-23', '09:45 PM', '06:00 AM', 'Tuesday', '2017-05-27 14:39:25', 1),
('94', '2017-05-23', '08:00 PM', '08:00 AM', 'Tuesday', '2017-05-27 14:39:48', 1),
('83', '2017-05-23', '07:00 PM', '10:00 AM', 'Tuesday', '2017-05-27 14:40:25', 1),
('88', '2017-05-24', '09:39 PM', '06:00 AM', 'Wednesday', '2017-05-27 14:40:47', 1),
('96', '2017-05-24', '10:15 PM', '07:36 AM', 'Wednesday', '2017-05-27 14:41:03', 1),
('92', '2017-05-24', '10:30 PM', '08:00 AM', 'Wednesday', '2017-05-27 14:41:23', 1),
('94', '2017-05-24', '08:00 PM', '08:00 AM', 'Wednesday', '2017-05-27 14:41:37', 1),
('89', '2017-05-25', '06:27 PM', '05:00 AM', 'Thursday', '2017-05-27 14:42:04', 1),
('95', '2017-05-25', '07:05 PM', '08:00 AM', 'Thursday', '2017-05-27 14:42:21', 1),
('91', '2017-05-25', '04:30 PM', '12:00 PM', 'Thursday', '2017-05-27 14:42:43', 1),
('90', '2017-05-25', '05:10 PM', '08:00 AM', 'Thursday', '2017-05-27 14:42:59', 1),
('90', '2017-05-26', '09:30 PM', '08:00 AM', 'Friday', '2017-05-27 14:43:32', 1),
('88', '2017-05-26', '10:05 PM', '08:00 AM', 'Friday', '2017-05-27 14:43:48', 1),
('30', '2017-05-26', '10:30 PM', '04:40 AM', 'Friday', '2017-05-27 14:44:07', 1),
('84', '2017-05-26', '10:30 PM', '04:40 AM', 'Friday', '2017-05-27 14:44:18', 1),
('93', '2017-05-26', '10:39 PM', '11:30 AM', 'Friday', '2017-05-27 14:44:36', 1),
('84', '2017-04-01', '04:30 PM', '08:00 AM', 'Saturday', '2017-05-27 14:52:45', 1),
('95', '2017-04-01', '09:45 PM', '08:00 AM', 'Saturday', '2017-05-27 14:53:17', 1),
('89', '2017-04-01', '10:17 PM', '08:00 AM', 'Saturday', '2017-05-27 14:53:35', 1),
('91', '2017-04-01', '10:19 PM', '08:00 AM', 'Saturday', '2017-05-27 14:53:51', 1),
('89', '2017-05-27', '08:34 PM', '07:00 AM', 'Saturday', '2017-06-03 15:14:23', 1),
('45', '2017-05-27', '09:30 PM', '07:00 AM', 'Saturday', '2017-06-03 15:14:49', 1),
('95', '2017-05-27', '09:44 PM', '07:00 AM', 'Saturday', '2017-06-03 15:15:25', 1),
('91', '2017-05-27', '09:00 PM', '07:00 AM', 'Saturday', '2017-06-03 15:15:39', 1),
('96', '2017-05-27', '10:42 PM', '07:00 AM', 'Saturday', '2017-06-03 15:16:12', 1),
('84', '2017-05-28', '09:00 PM', '08:25 AM', 'Sunday', '2017-06-03 15:16:51', 1),
('91', '2017-05-28', '09:00 PM', '07:30 AM', 'Sunday', '2017-06-03 15:17:03', 1),
('90', '2017-05-28', '09:10 PM', '08:00 AM', 'Sunday', '2017-06-03 15:17:24', 1),
('45', '2017-05-28', '06:30 PM', '08:00 AM', 'Sunday', '2017-06-03 15:17:41', 1),
('83', '2017-05-28', '10:15 PM', '10:02 AM', 'Sunday', '2017-06-03 15:18:02', 1),
('90', '2017-05-29', '08:55 PM', '08:00 AM', 'Monday', '2017-06-03 15:18:28', 1),
('92', '2017-05-29', '08:57 PM', '08:00 AM', 'Monday', '2017-06-03 15:18:49', 1),
('83', '2017-05-29', '10:50 PM', '08:00 AM', 'Monday', '2017-06-03 15:19:04', 1),
('90', '2017-05-30', '08:37 PM', '08:00 AM', 'Tuesday', '2017-06-03 15:19:43', 1),
('88', '2017-05-30', '09:32 PM', '06:00 AM', 'Tuesday', '2017-06-03 15:20:01', 1),
('92', '2017-05-30', '10:40 PM', '08:00 AM', 'Tuesday', '2017-06-03 15:20:17', 1),
('83', '2017-05-30', '06:00 PM', '08:00 AM', 'Tuesday', '2017-06-03 15:20:37', 1),
('90', '2017-05-31', '05:10 PM', '08:00 AM', 'Wednesday', '2017-06-03 15:21:11', 1),
('88', '2017-05-31', '09:43 PM', '06:00 AM', 'Wednesday', '2017-06-03 15:21:30', 1),
('94', '2017-05-31', '05:30 PM', '08:00 AM', 'Wednesday', '2017-06-03 15:21:56', 1),
('92', '2017-05-31', '10:40 PM', '08:00 AM', 'Wednesday', '2017-06-03 15:22:17', 1),
('91', '2017-04-02', '06:05 PM', '08:00 AM', 'Sunday', '2017-06-03 15:25:34', 1),
('45', '2017-04-02', '09:05 PM', '08:00 AM', 'Sunday', '2017-06-03 15:25:58', 1),
('84', '2017-04-02', '03:05 PM', '08:00 AM', 'Sunday', '2017-06-03 15:26:11', 1),
('86', '2017-04-02', '08:00 PM', '08:00 AM', 'Sunday', '2017-06-03 15:26:23', 1),
('86', '2017-04-03', '06:00 PM', '12:03 PM', 'Monday', '2017-06-03 15:27:21', 1),
('92', '2017-04-03', '10:53 PM', '08:00 AM', 'Monday', '2017-06-03 15:30:48', 1),
('88', '2017-04-04', '06:00 PM', '05:00 AM', 'Tuesday', '2017-06-03 15:31:34', 1),
('91', '2017-04-04', '04:00 PM', '08:00 AM', 'Tuesday', '2017-06-03 15:31:51', 1),
('86', '2017-04-04', '10:41 PM', '08:00 AM', 'Tuesday', '2017-06-03 15:32:04', 1),
('95', '2017-04-04', '10:45 PM', '08:00 AM', 'Tuesday', '2017-06-03 15:32:21', 1),
('90', '2017-04-05', '08:13 PM', '08:00 AM', 'Wednesday', '2017-06-03 15:32:52', 1),
('88', '2017-04-05', '08:53 PM', '05:00 AM', 'Wednesday', '2017-06-03 15:33:11', 1),
('93', '2017-04-05', '08:57 PM', '08:00 AM', 'Wednesday', '2017-06-03 15:33:27', 1),
('92', '2017-04-05', '10:50 PM', '08:00 AM', 'Wednesday', '2017-06-03 15:33:42', 1),
('89', '2017-04-06', '08:45 PM', '05:00 AM', 'Thursday', '2017-06-03 15:41:12', 1),
('92', '2017-04-06', '10:00 PM', '08:00 AM', 'Thursday', '2017-06-03 15:41:29', 1),
('95', '2017-04-06', '10:43 PM', '08:00 AM', 'Thursday', '2017-06-03 15:41:44', 1),
('83', '2017-04-06', '07:00 PM', '08:00 AM', 'Thursday', '2017-06-03 15:41:58', 1),
('86', '2017-04-06', '08:00 PM', '08:00 AM', 'Thursday', '2017-06-03 15:42:14', 1),
('84', '2017-04-07', '06:25 PM', '08:22 AM', 'Friday', '2017-06-03 15:43:51', 1),
('93', '2017-04-07', '08:41 PM', '08:00 AM', 'Friday', '2017-06-03 15:45:23', 1),
('88', '2017-04-07', '09:22 PM', '07:00 AM', 'Friday', '2017-06-03 15:45:48', 1),
('96', '2017-04-07', '10:00 PM', '08:00 AM', 'Friday', '2017-06-03 15:46:01', 1),
('93', '2017-04-08', '09:57 PM', '08:00 AM', 'Saturday', '2017-06-03 16:03:07', 1),
('84', '2017-04-09', '07:14 PM', '08:00 AM', 'Sunday', '2017-06-03 16:03:57', 1),
('86', '2017-04-09', '08:40 PM', '08:00 AM', 'Sunday', '2017-06-03 16:04:13', 1),
('91', '2017-04-09', '10:17 PM', '08:00 AM', 'Sunday', '2017-06-03 16:04:28', 1),
('45', '2017-04-09', '08:40 PM', '08:00 AM', 'Sunday', '2017-06-03 16:04:45', 1),
('83', '2017-04-09', '07:00 PM', '08:00 AM', 'Sunday', '2017-06-03 16:05:04', 1),
('94', '2017-04-10', '07:25 PM', '08:10 AM', 'Monday', '2017-06-03 16:05:33', 1),
('90', '2017-04-10', '10:25 PM', '08:00 AM', 'Monday', '2017-06-03 16:05:45', 1),
('92', '2017-04-10', '10:45 PM', '08:00 AM', 'Monday', '2017-06-03 16:05:59', 1),
('83', '2017-04-10', '09:00 PM', '08:00 AM', 'Monday', '2017-06-03 16:06:19', 1),
('88', '2017-04-11', '09:04 PM', '05:00 AM', 'Tuesday', '2017-06-03 16:06:42', 1),
('86', '2017-04-11', '06:00 PM', '08:00 AM', 'Tuesday', '2017-06-03 16:06:55', 1),
('83', '2017-04-11', '10:00 PM', '08:00 AM', 'Tuesday', '2017-06-03 16:07:11', 1),
('09', '2017-04-12', '08:15 PM', '04:00 AM', 'Wednesday', '2017-06-03 16:07:36', 1),
('93', '2017-04-12', '07:12 PM', '08:00 AM', 'Wednesday', '2017-06-03 16:07:53', 1),
('45', '2017-04-12', '09:10 PM', '08:00 AM', 'Wednesday', '2017-06-03 16:08:13', 1),
('90', '2017-04-12', '09:30 PM', '07:00 AM', 'Wednesday', '2017-06-03 16:08:29', 1),
('92', '2017-04-12', '10:26 PM', '08:00 AM', 'Wednesday', '2017-06-03 16:08:47', 1),
('88', '2017-04-12', '10:30 PM', '08:00 AM', 'Wednesday', '2017-06-03 16:09:04', 1),
('86', '2017-04-12', '09:30 PM', '06:00 AM', 'Wednesday', '2017-06-03 16:09:37', 1),
('83', '2017-04-12', '07:00 PM', '08:00 AM', 'Wednesday', '2017-06-03 16:09:50', 1),
('91', '2017-04-13', '08:00 AM', '08:00 AM', 'Thursday', '2017-06-03 16:11:44', 1),
('93', '2017-04-13', '08:00 AM', '05:00 PM', 'Thursday', '2017-06-03 16:12:47', 1),
('83', '2017-04-13', '08:00 AM', '08:00 AM', 'Thursday', '2017-06-03 16:13:08', 1),
('96', '2017-04-13', '09:00 AM', '06:12 PM', 'Thursday', '2017-06-03 16:13:53', 1),
('92', '2017-04-13', '08:00 AM', '05:00 PM', 'Thursday', '2017-06-03 16:14:31', 1),
('95', '2017-04-13', '08:00 AM', '12:00 PM', 'Thursday', '2017-06-03 16:15:16', 1),
('84', '2017-04-13', '12:10 PM', '08:00 AM', 'Thursday', '2017-06-03 16:16:09', 1),
('13', '2017-04-13', '04:30 PM', '06:20 AM', 'Thursday', '2017-06-03 16:16:46', 1),
('97', '2017-04-13', '07:10 PM', '08:00 AM', 'Thursday', '2017-06-03 16:17:21', 1),
('90', '2017-04-13', '05:00 PM', '07:00 AM', 'Thursday', '2017-06-03 16:18:02', 1),
('93', '2017-04-14', '02:18 PM', '08:00 AM', 'Friday', '2017-06-03 16:21:19', 1),
('84', '2017-04-14', '05:30 PM', '08:00 AM', 'Friday', '2017-06-03 16:22:36', 1),
('90', '2017-04-14', '03:00 PM', '08:00 AM', 'Friday', '2017-06-03 16:22:56', 1),
('88', '2017-04-14', '07:52 PM', '09:00 AM', 'Friday', '2017-06-03 16:23:17', 1),
('97', '2017-04-14', '08:30 PM', '08:00 AM', 'Friday', '2017-06-03 16:24:24', 1),
('92', '2017-04-14', '09:00 PM', '08:00 AM', 'Friday', '2017-06-03 16:24:42', 1),
('45', '2017-04-14', '09:00 PM', '08:00 AM', 'Friday', '2017-06-03 16:25:43', 1),
('91', '2017-04-14', '08:00 AM', '08:00 AM', 'Friday', '2017-06-03 16:27:09', 1),
('96', '2017-04-14', '09:00 PM', '06:41 AM', 'Friday', '2017-06-03 16:27:32', 1),
('95', '2017-04-14', '12:00 PM', '08:00 AM', 'Friday', '2017-06-03 16:28:03', 1),
('93', '2017-04-15', '08:00 AM', '08:00 AM', 'Saturday', '2017-06-03 16:28:53', 1),
('95', '2017-04-15', '08:00 AM', '08:00 AM', 'Saturday', '2017-06-03 16:29:25', 1),
('97', '2017-04-15', '08:00 AM', '12:00 PM', 'Saturday', '2017-06-03 16:30:10', 1),
('91', '2017-04-15', '08:00 AM', '10:45 AM', 'Saturday', '2017-06-03 16:30:45', 1),
('45', '2017-04-15', '08:00 AM', '08:00 AM', 'Saturday', '2017-06-03 16:31:06', 1),
('84', '2017-04-15', '12:20 PM', '10:45 AM', 'Saturday', '2017-06-03 16:32:25', 1),
('83', '2017-04-15', '01:00 PM', '08:00 AM', 'Saturday', '2017-06-03 16:32:47', 1),
('90', '2017-04-15', '01:00 AM', '08:00 AM', 'Saturday', '2017-06-03 16:33:36', 1),
('92', '2017-04-15', '10:30 PM', '08:00 AM', 'Saturday', '2017-06-03 16:34:03', 1),
('84', '2017-04-16', '09:02 PM', '08:36 AM', 'Sunday', '2017-06-03 16:34:42', 1),
('91', '2017-04-16', '09:02 PM', '08:00 AM', 'Sunday', '2017-06-03 16:34:53', 1),
('86', '2017-04-16', '09:44 PM', '08:00 AM', 'Sunday', '2017-06-03 16:35:05', 1),
('45', '2017-04-16', '08:30 PM', '08:00 AM', 'Sunday', '2017-06-03 16:35:21', 1),
('83', '2017-04-16', '08:45 PM', '08:00 AM', 'Sunday', '2017-06-03 16:35:36', 1),
('94', '2017-04-17', '06:00 PM', '08:00 AM', 'Monday', '2017-06-03 16:38:42', 1),
('92', '2017-04-17', '09:00 PM', '08:00 AM', 'Monday', '2017-06-03 16:39:01', 1),
('90', '2017-04-17', '10:00 PM', '08:00 AM', 'Monday', '2017-06-03 16:39:13', 1),
('86', '2017-04-17', '07:00 PM', '08:00 AM', 'Monday', '2017-06-03 16:39:33', 1),
('83', '2017-04-17', '10:45 PM', '08:00 AM', 'Monday', '2017-06-03 16:39:52', 1),
('88', '2017-04-18', '09:16 PM', '05:00 AM', 'Tuesday', '2017-06-03 16:41:02', 1),
('86', '2017-04-18', '06:00 PM', '10:32 AM', 'Tuesday', '2017-06-03 16:41:21', 1),
('83', '2017-04-18', '09:30 PM', '08:00 AM', 'Tuesday', '2017-06-03 16:41:39', 1),
('95', '2017-04-18', '08:00 PM', '08:00 AM', 'Tuesday', '2017-06-03 16:41:54', 1),
('93', '2017-04-19', '04:34 PM', '08:00 AM', 'Wednesday', '2017-06-03 16:42:22', 1),
('88', '2017-04-19', '08:40 PM', '05:00 AM', 'Wednesday', '2017-06-03 16:42:44', 1),
('90', '2017-04-19', '09:45 PM', '08:00 AM', 'Wednesday', '2017-06-03 16:43:00', 1),
('92', '2017-04-19', '10:30 PM', '08:00 AM', 'Wednesday', '2017-06-03 16:43:15', 1),
('83', '2017-04-19', '09:00 PM', '08:00 AM', 'Wednesday', '2017-06-03 16:43:54', 1),
('86', '2017-04-19', '08:30 PM', '08:00 AM', 'Wednesday', '2017-06-03 16:44:11', 1),
('89', '2017-04-20', '08:55 PM', '05:00 AM', 'Thursday', '2017-06-03 16:45:52', 1),
('90', '2017-04-20', '08:30 PM', '08:00 AM', 'Thursday', '2017-06-03 16:46:08', 1),
('94', '2017-04-20', '07:10 PM', '08:00 AM', 'Thursday', '2017-06-03 16:46:24', 1),
('83', '2017-04-20', '10:45 PM', '08:00 AM', 'Thursday', '2017-06-03 16:47:11', 1),
('84', '2017-04-21', '06:42 PM', '08:40 AM', 'Friday', '2017-06-03 16:48:20', 1),
('93', '2017-04-21', '08:38 PM', '08:00 AM', 'Friday', '2017-06-03 16:49:30', 1),
('90', '2017-04-21', '09:20 PM', '08:00 AM', 'Friday', '2017-06-03 16:49:44', 1),
('88', '2017-04-21', '08:45 PM', '08:00 AM', 'Friday', '2017-06-03 16:49:56', 1),
('95', '2017-04-21', '09:00 PM', '08:00 AM', 'Friday', '2017-06-03 16:50:12', 1),
('94', '2017-04-21', '08:00 PM', '08:00 AM', 'Friday', '2017-06-03 16:50:28', 1),
('83', '2017-04-21', '08:00 PM', '08:00 AM', 'Friday', '2017-06-03 16:50:39', 1),
('84', '2017-04-22', '07:36 PM', '06:10 AM', 'Saturday', '2017-06-03 16:51:10', 1),
('90', '2017-04-22', '09:45 PM', '08:00 AM', 'Saturday', '2017-06-03 16:51:25', 1),
('89', '2017-04-22', '09:58 PM', '10:52 AM', 'Saturday', '2017-06-03 16:51:46', 1),
('95', '2017-04-22', '10:00 PM', '08:00 AM', 'Saturday', '2017-06-03 16:52:09', 1),
('86', '2017-04-22', '06:00 PM', '08:00 AM', 'Saturday', '2017-06-03 16:52:29', 1),
('93', '2017-04-22', '05:00 PM', '08:00 AM', 'Saturday', '2017-06-03 16:53:28', 1),
('45', '2017-04-23', '08:13 PM', '08:00 AM', 'Sunday', '2017-06-03 16:54:13', 1),
('84', '2017-04-23', '09:09 PM', '08:23 AM', 'Sunday', '2017-06-03 16:54:30', 1),
('86', '2017-04-23', '09:30 PM', '08:00 AM', 'Sunday', '2017-06-03 16:54:50', 1),
('83', '2017-04-23', '09:30 PM', '08:00 AM', 'Sunday', '2017-06-03 16:55:02', 1),
('94', '2017-04-24', '09:00 PM', '08:00 AM', 'Monday', '2017-06-03 16:55:33', 1),
('90', '2017-04-24', '09:30 PM', '08:00 AM', 'Monday', '2017-06-03 16:55:46', 1),
('92', '2017-04-24', '10:29 PM', '08:00 AM', 'Monday', '2017-06-03 16:56:04', 1),
('86', '2017-04-24', '06:00 PM', '10:23 AM', 'Monday', '2017-06-03 16:56:30', 1),
('83', '2017-04-24', '09:30 PM', '08:00 AM', 'Monday', '2017-06-03 16:56:46', 1),
('88', '2017-04-25', '09:02 PM', '05:00 AM', 'Tuesday', '2017-06-03 16:58:16', 1),
('86', '2017-04-25', '06:00 PM', '08:00 AM', 'Tuesday', '2017-06-03 16:58:32', 1),
('90', '2017-04-25', '09:20 PM', '08:00 AM', 'Tuesday', '2017-06-03 16:58:53', 1),
('45', '2017-04-26', '09:25 PM', '08:00 AM', 'Wednesday', '2017-06-03 17:01:31', 1),
('88', '2017-04-26', '09:48 PM', '05:30 AM', 'Wednesday', '2017-06-03 17:01:44', 1),
('86', '2017-04-26', '06:00 PM', '10:49 AM', 'Wednesday', '2017-06-03 17:02:06', 1),
('95', '2017-04-27', '06:30 PM', '08:00 AM', 'Thursday', '2017-06-03 17:03:15', 1),
('89', '2017-04-27', '07:16 PM', '08:00 AM', 'Thursday', '2017-06-03 17:03:37', 1),
('84', '2017-04-27', '05:45 PM', '08:38 AM', 'Thursday', '2017-06-03 17:03:57', 1),
('83', '2017-04-27', '06:45 PM', '08:00 AM', 'Thursday', '2017-06-03 17:04:14', 1),
('94', '2017-04-27', '05:00 PM', '08:00 AM', 'Thursday', '2017-06-03 17:04:35', 1),
('45', '2017-04-27', '07:00 PM', '09:30 AM', 'Thursday', '2017-06-03 17:04:56', 1),
('86', '2017-04-27', '06:00 PM', '12:00 PM', 'Thursday', '2017-06-03 17:05:16', 1),
('84', '2017-04-28', '07:09 PM', '08:28 AM', 'Friday', '2017-06-03 17:06:00', 1),
('88', '2017-04-28', '09:39 PM', '08:00 AM', 'Friday', '2017-06-03 17:06:19', 1),
('93', '2017-04-28', '10:08 PM', '08:00 AM', 'Friday', '2017-06-03 17:06:40', 1),
('91', '2017-04-29', '03:00 PM', '10:25 AM', 'Saturday', '2017-06-03 17:07:13', 1),
('84', '2017-04-29', '07:25 PM', '08:30 AM', 'Saturday', '2017-06-03 17:07:36', 1),
('96', '2017-04-29', '09:15 PM', '08:00 AM', 'Saturday', '2017-06-03 17:07:54', 1),
('45', '2017-04-29', '09:25 PM', '08:00 AM', 'Saturday', '2017-06-03 17:08:06', 1),
('91', '2017-04-30', '07:00 PM', '09:11 AM', 'Sunday', '2017-06-03 17:08:33', 1),
('45', '2017-04-30', '08:55 PM', '08:00 AM', 'Sunday', '2017-06-03 17:08:47', 1),
('84', '2017-04-30', '10:00 PM', '09:11 AM', 'Sunday', '2017-06-03 17:09:17', 1),
('30', '2017-04-30', '10:00 PM', '09:11 AM', 'Sunday', '2017-06-03 17:09:30', 1),
('83', '2017-04-30', '10:00 PM', '08:00 AM', 'Sunday', '2017-06-03 17:09:43', 1),
('90', '2017-03-01', '10:00 PM', '07:00 AM', 'Wednesday', '2017-06-05 14:26:56', 2),
('92', '2017-03-01', '10:54 PM', '08:00 AM', 'Wednesday', '2017-06-05 14:27:16', 2),
('83', '2017-03-01', '11:00 PM', '08:00 AM', 'Wednesday', '2017-06-05 14:27:28', 2),
('86', '2017-03-01', '09:30 PM', '08:00 AM', 'Wednesday', '2017-06-05 14:27:53', 2),
('89', '2017-03-02', '09:22 PM', '05:00 AM', 'Thursday', '2017-06-05 14:28:20', 2),
('90', '2017-03-02', '10:00 PM', '08:00 AM', 'Thursday', '2017-06-05 14:28:32', 2),
('83', '2017-03-02', '10:00 PM', '08:00 AM', 'Thursday', '2017-06-05 14:31:11', 2),
('84', '2017-03-03', '06:45 PM', '08:19 AM', 'Friday', '2017-06-05 14:32:05', 2),
('90', '2017-03-03', '05:00 PM', '08:00 AM', 'Friday', '2017-06-05 14:32:27', 2),
('93', '2017-03-03', '10:05 PM', '08:00 AM', 'Friday', '2017-06-05 14:33:02', 2),
('88', '2017-03-03', '10:24 PM', '08:00 AM', 'Friday', '2017-06-05 14:33:13', 2),
('92', '2017-03-03', '10:55 PM', '08:00 AM', 'Friday', '2017-06-05 14:34:08', 2),
('86', '2017-03-03', '10:00 PM', '08:00 AM', 'Friday', '2017-06-05 14:34:22', 2),
('84', '2017-03-04', '09:23 PM', '08:00 AM', 'Saturday', '2017-06-05 14:34:52', 2),
('96', '2017-03-04', '09:00 PM', '08:00 AM', 'Saturday', '2017-06-05 15:32:28', 2),
('98', '2017-03-04', '09:57 PM', '10:11 AM', 'Saturday', '2017-06-05 15:34:20', 2),
('90', '2017-03-04', '10:38 PM', '08:00 AM', 'Saturday', '2017-06-05 15:34:57', 2),
('86', '2017-03-04', '10:00 PM', '08:00 AM', 'Saturday', '2017-06-05 15:35:15', 2),
('84', '2017-03-05', '09:00 PM', '08:00 AM', 'Sunday', '2017-06-05 15:36:00', 2),
('91', '2017-03-05', '08:00 PM', '08:00 AM', 'Sunday', '2017-06-05 15:36:19', 2),
('45', '2017-03-05', '08:45 PM', '08:00 AM', 'Sunday', '2017-06-05 15:36:44', 2),
('86', '2017-03-05', '10:00 PM', '08:00 AM', 'Sunday', '2017-06-05 15:37:30', 2),
('83', '2017-03-05', '10:00 PM', '08:00 AM', 'Sunday', '2017-06-05 15:38:13', 2),
('92', '2017-03-06', '10:00 PM', '08:00 AM', 'Monday', '2017-06-05 15:38:33', 2),
('90', '2017-03-06', '10:05 PM', '08:00 AM', 'Monday', '2017-06-05 15:38:44', 2),
('83', '2017-03-06', '05:00 PM', '08:00 AM', 'Monday', '2017-06-05 15:39:03', 2),
('88', '2017-03-07', '09:06 PM', '05:00 AM', 'Tuesday', '2017-06-05 15:39:57', 2),
('94', '2017-03-07', '06:00 PM', '08:00 AM', 'Tuesday', '2017-06-05 15:40:18', 2),
('83', '2017-03-07', '07:00 PM', '08:00 AM', 'Tuesday', '2017-06-05 15:40:33', 2),
('94', '2017-03-08', '08:24 PM', '08:00 AM', 'Wednesday', '2017-06-05 15:40:54', 2),
('88', '2017-03-08', '09:20 PM', '05:30 AM', 'Wednesday', '2017-06-05 15:41:23', 2),
('90', '2017-03-08', '09:30 PM', '08:00 AM', 'Wednesday', '2017-06-05 15:41:37', 2),
('92', '2017-03-08', '10:48 PM', '08:00 AM', 'Wednesday', '2017-06-05 15:41:55', 2),
('89', '2017-03-09', '08:04 PM', '05:00 AM', 'Thursday', '2017-06-05 15:44:22', 2),
('98', '2017-03-09', '09:02 PM', '06:13 AM', 'Thursday', '2017-06-05 15:45:18', 2),
('94', '2017-03-09', '09:40 PM', '08:00 AM', 'Thursday', '2017-06-05 15:45:38', 2),
('83', '2017-03-09', '06:30 PM', '08:00 AM', 'Thursday', '2017-06-05 15:46:05', 2),
('86', '2017-03-09', '09:00 PM', '08:00 AM', 'Thursday', '2017-06-05 15:46:26', 2),
('84', '2017-03-10', '09:25 PM', '08:14 AM', 'Friday', '2017-06-05 15:49:30', 2),
('94', '2017-03-10', '09:30 PM', '08:00 AM', 'Friday', '2017-06-05 15:49:48', 2),
('88', '2017-03-10', '10:10 PM', '06:00 AM', 'Friday', '2017-06-05 15:50:06', 2),
('92', '2017-03-10', '09:35 PM', '08:00 AM', 'Friday', '2017-06-05 15:50:42', 2),
('84', '2017-03-11', '07:27 PM', '08:00 AM', 'Saturday', '2017-06-05 15:51:09', 2),
('93', '2017-03-11', '10:04 PM', '08:00 AM', 'Saturday', '2017-06-05 15:51:23', 2),
('45', '2017-03-12', '09:52 PM', '08:00 AM', 'Sunday', '2017-06-05 15:51:46', 2),
('83', '2017-03-12', '09:00 PM', '08:00 AM', 'Sunday', '2017-06-05 15:51:57', 2),
('86', '2017-03-12', '10:00 PM', '08:00 AM', 'Sunday', '2017-06-05 15:52:11', 2),
('94', '2017-03-13', '08:30 PM', '08:00 AM', 'Monday', '2017-06-05 15:52:42', 2),
('90', '2017-03-13', '05:00 PM', '08:00 AM', 'Monday', '2017-06-05 15:53:22', 2),
('45', '2017-03-13', '10:30 PM', '08:00 AM', 'Monday', '2017-06-05 15:53:36', 2),
('92', '2017-03-13', '11:55 PM', '08:00 AM', 'Monday', '2017-06-05 15:53:49', 2),
('86', '2017-03-13', '09:30 PM', '08:00 AM', 'Monday', '2017-06-05 15:54:04', 2),
('83', '2017-03-13', '10:00 PM', '08:00 AM', 'Monday', '2017-06-05 15:55:06', 2),
('94', '2017-03-14', '08:58 PM', '08:00 AM', 'Tuesday', '2017-06-05 16:02:11', 2),
('45', '2017-03-14', '08:35 PM', '08:00 AM', 'Tuesday', '2017-06-05 16:02:23', 2),
('83', '2017-03-14', '07:00 PM', '08:00 AM', 'Tuesday', '2017-06-05 16:02:34', 2),
('86', '2017-03-14', '09:00 PM', '08:00 AM', 'Tuesday', '2017-06-05 16:02:49', 2),
('90', '2017-03-15', '10:11 PM', '08:00 AM', 'Wednesday', '2017-06-05 18:11:30', 2),
('88', '2017-03-15', '10:46 PM', '05:00 AM', 'Wednesday', '2017-06-05 18:11:45', 2),
('92', '2017-03-15', '10:52 PM', '08:00 AM', 'Wednesday', '2017-06-05 18:12:02', 2),
('94', '2017-03-15', '09:30 PM', '08:00 AM', 'Wednesday', '2017-06-05 18:12:16', 2),
('83', '2017-03-15', '07:00 PM', '08:00 AM', 'Wednesday', '2017-06-05 18:13:21', 2),
('98', '2017-03-16', '07:02 PM', '05:39 AM', 'Thursday', '2017-06-05 18:15:28', 2),
('83', '2017-03-16', '09:30 PM', '08:00 AM', 'Thursday', '2017-06-05 18:15:42', 2),
('86', '2017-03-16', '07:00 PM', '08:00 AM', 'Thursday', '2017-06-05 18:15:57', 2),
('84', '2017-03-17', '07:20 PM', '08:15 AM', 'Friday', '2017-06-05 18:16:20', 2),
('88', '2017-03-17', '10:26 PM', '07:00 AM', 'Friday', '2017-06-05 18:16:37', 2),
('92', '2017-03-17', '10:55 PM', '08:00 AM', 'Friday', '2017-06-05 18:16:52', 2),
('95', '2017-03-17', '10:00 PM', '08:00 AM', 'Friday', '2017-06-05 18:17:09', 2),
('83', '2017-03-17', '07:00 PM', '08:00 AM', 'Friday', '2017-06-05 18:17:25', 2),
('86', '2017-03-17', '09:30 PM', '08:00 AM', 'Friday', '2017-06-05 18:17:38', 2),
('84', '2017-03-18', '05:30 PM', '09:00 AM', 'Saturday', '2017-06-05 18:17:58', 2),
('95', '2017-03-18', '09:58 PM', '08:00 AM', 'Saturday', '2017-06-05 18:18:13', 2),
('89', '2017-03-18', '10:05 PM', '08:00 AM', 'Saturday', '2017-06-05 18:18:32', 2),
('92', '2017-03-18', '10:51 PM', '08:00 AM', 'Saturday', '2017-06-05 18:18:47', 2),
('45', '2017-03-19', '08:40 PM', '08:00 AM', 'Sunday', '2017-06-05 18:19:12', 2),
('84', '2017-03-19', '09:08 PM', '08:00 AM', 'Sunday', '2017-06-05 18:21:04', 2),
('91', '2017-03-19', '09:08 PM', '05:40 AM', 'Sunday', '2017-06-05 18:21:15', 2),
('86', '2017-03-19', '10:45 PM', '08:00 AM', 'Sunday', '2017-06-05 18:21:31', 2),
('83', '2017-03-19', '06:45 PM', '08:00 AM', 'Sunday', '2017-06-05 18:21:45', 2),
('90', '2017-03-20', '07:30 PM', '08:00 AM', 'Monday', '2017-06-05 18:22:17', 2),
('94', '2017-03-20', '08:32 PM', '08:00 AM', 'Monday', '2017-06-05 18:22:31', 2),
('92', '2017-03-20', '10:50 PM', '08:00 AM', 'Monday', '2017-06-05 18:22:47', 2),
('86', '2017-03-20', '08:00 PM', '08:01 AM', 'Monday', '2017-06-05 18:23:03', 2),
('88', '2017-03-21', '09:34 PM', '05:00 AM', 'Tuesday', '2017-06-05 19:17:29', 2),
('94', '2017-03-21', '09:37 PM', '08:00 AM', 'Tuesday', '2017-06-05 19:17:43', 2),
('83', '2017-03-21', '07:00 PM', '08:00 AM', 'Tuesday', '2017-06-05 19:17:58', 2),
('86', '2017-03-21', '09:00 PM', '07:36 AM', 'Tuesday', '2017-06-05 19:18:16', 2),
('88', '2017-03-22', '09:34 PM', '05:00 AM', 'Wednesday', '2017-06-05 19:18:51', 2),
('90', '2017-03-22', '09:48 PM', '08:00 AM', 'Wednesday', '2017-06-05 19:19:16', 2),
('92', '2017-03-22', '10:52 PM', '08:00 AM', 'Wednesday', '2017-06-05 19:19:43', 2),
('86', '2017-03-22', '09:00 PM', '08:00 AM', 'Wednesday', '2017-06-05 19:19:59', 2),
('83', '2017-03-22', '09:00 PM', '08:00 AM', 'Wednesday', '2017-06-05 19:20:08', 2),
('94', '2017-03-23', '08:40 PM', '08:00 AM', 'Thursday', '2017-06-05 19:20:34', 2),
('89', '2017-03-23', '09:30 PM', '04:08 AM', 'Thursday', '2017-06-05 19:21:07', 2),
('90', '2017-03-23', '05:20 PM', '08:00 AM', 'Thursday', '2017-06-05 19:21:41', 2),
('83', '2017-03-23', '07:00 PM', '08:00 AM', 'Thursday', '2017-06-05 19:21:59', 2),
('86', '2017-03-23', '09:00 PM', '08:00 AM', 'Thursday', '2017-06-05 19:22:14', 2),
('84', '2017-03-24', '09:43 PM', '08:27 AM', 'Friday', '2017-06-05 19:24:55', 2),
('93', '2017-03-24', '09:58 PM', '08:00 AM', 'Friday', '2017-06-05 19:25:08', 2),
('83', '2017-03-24', '08:00 PM', '08:00 AM', 'Friday', '2017-06-05 19:25:26', 2),
('92', '2017-03-24', '08:00 PM', '08:00 AM', 'Friday', '2017-06-05 19:25:36', 2),
('93', '2017-03-25', '09:06 PM', '08:00 AM', 'Saturday', '2017-06-05 19:26:02', 2),
('92', '2017-03-25', '10:50 PM', '06:00 AM', 'Saturday', '2017-06-05 19:26:25', 2),
('86', '2017-03-25', '08:40 PM', '08:00 AM', 'Saturday', '2017-06-05 19:26:40', 2),
('84', '2017-03-26', '09:05 PM', '08:00 AM', 'Sunday', '2017-06-05 19:27:01', 2),
('91', '2017-03-26', '09:05 PM', '08:00 AM', 'Sunday', '2017-06-05 19:27:10', 2),
('92', '2017-03-27', '10:52 PM', '08:00 AM', 'Monday', '2017-06-05 19:27:38', 2),
('86', '2017-03-27', '10:30 PM', '09:41 AM', 'Monday', '2017-06-05 19:28:02', 2),
('88', '2017-03-28', '09:40 PM', '05:00 AM', 'Tuesday', '2017-06-05 19:34:05', 2),
('94', '2017-03-28', '09:58 PM', '08:00 AM', 'Tuesday', '2017-06-05 19:34:20', 2),
('86', '2017-03-28', '10:30 PM', '08:00 AM', 'Tuesday', '2017-06-05 19:34:45', 2),
('88', '2017-03-29', '09:18 PM', '05:00 AM', 'Wednesday', '2017-06-05 19:35:20', 2),
('90', '2017-03-29', '08:55 PM', '08:00 AM', 'Wednesday', '2017-06-05 19:35:34', 2),
('95', '2017-03-29', '09:47 PM', '07:30 AM', 'Wednesday', '2017-06-05 19:35:53', 2),
('92', '2017-03-29', '10:53 PM', '08:00 AM', 'Wednesday', '2017-06-05 19:36:11', 2),
('45', '2017-03-29', '08:35 PM', '08:00 AM', 'Wednesday', '2017-06-05 19:36:24', 2),
('89', '2017-03-30', '08:50 PM', '05:00 AM', 'Thursday', '2017-06-05 19:36:43', 2),
('90', '2017-03-30', '05:10 PM', '08:00 AM', 'Thursday', '2017-06-05 19:36:57', 2),
('45', '2017-03-30', '07:00 PM', '08:00 AM', 'Thursday', '2017-06-05 19:37:11', 2),
('86', '2017-03-30', '10:45 PM', '08:00 AM', 'Thursday', '2017-06-05 19:37:32', 2),
('84', '2017-03-31', '06:55 PM', '08:23 AM', 'Friday', '2017-06-05 19:37:55', 2),
('88', '2017-03-31', '09:52 PM', '07:00 AM', 'Friday', '2017-06-05 19:38:11', 2),
('95', '2017-03-31', '10:00 PM', '08:55 AM', 'Friday', '2017-06-05 19:38:25', 2),
('92', '2017-03-31', '10:00 PM', '08:00 AM', 'Friday', '2017-06-05 19:39:12', 2),
('91', '2017-03-31', '04:30 PM', '03:05 PM', 'Friday', '2017-06-05 19:39:29', 2),
('93', '2017-03-31', '10:41 PM', '08:00 AM', 'Friday', '2017-06-05 19:39:47', 2),
('86', '2017-03-31', '09:00 PM', '08:00 AM', 'Friday', '2017-06-05 19:40:06', 2),
('97', '2017-02-01', '06:10 PM', '08:00 AM', 'Wednesday', '2017-06-05 19:48:50', 2),
('90', '2017-02-01', '08:57 PM', '08:00 AM', 'Wednesday', '2017-06-05 19:49:06', 2),
('88', '2017-02-01', '10:29 PM', '05:30 AM', 'Wednesday', '2017-06-05 19:49:20', 2),
('92', '2017-02-01', '10:51 PM', '08:00 AM', 'Wednesday', '2017-06-05 19:50:25', 2),
('83', '2017-02-01', '06:30 PM', '08:00 AM', 'Wednesday', '2017-06-05 19:50:41', 2),
('98', '2017-02-02', '07:37 PM', '06:00 AM', 'Thursday', '2017-06-05 19:51:15', 2),
('89', '2017-02-02', '09:30 PM', '05:00 AM', 'Thursday', '2017-06-05 19:51:27', 2),
('90', '2017-02-02', '08:30 PM', '08:00 AM', 'Thursday', '2017-06-05 19:51:39', 2),
('83', '2017-02-02', '11:00 PM', '08:00 AM', 'Thursday', '2017-06-05 19:51:52', 2),
('93', '2017-02-03', '09:47 PM', '08:00 AM', 'Friday', '2017-06-05 19:54:03', 2),
('88', '2017-02-03', '09:56 PM', '07:00 AM', 'Friday', '2017-06-05 19:54:16', 2),
('84', '2017-02-03', '09:56 PM', '08:00 AM', 'Friday', '2017-06-05 19:54:27', 2),
('97', '2017-02-03', '09:57 PM', '08:00 AM', 'Friday', '2017-06-05 19:54:41', 2),
('98', '2017-02-03', '07:30 PM', '09:42 AM', 'Friday', '2017-06-05 19:55:09', 2),
('92', '2017-02-03', '09:40 PM', '08:00 AM', 'Friday', '2017-06-05 19:55:27', 2),
('98', '2017-02-04', '05:56 PM', '08:16 AM', 'Saturday', '2017-06-05 19:56:06', 2),
('97', '2017-02-04', '08:40 PM', '08:00 AM', 'Saturday', '2017-06-05 19:56:20', 2),
('84', '2017-02-04', '09:20 PM', '08:00 AM', 'Saturday', '2017-06-05 19:56:35', 2),
('86', '2017-02-04', '09:00 PM', '08:00 AM', 'Saturday', '2017-06-05 19:57:02', 2),
('95', '2017-02-04', '09:34 PM', '08:00 AM', 'Saturday', '2017-06-05 19:58:34', 2),
('45', '2017-02-05', '08:25 PM', '08:00 AM', 'Sunday', '2017-06-05 19:58:52', 2),
('83', '2017-02-05', '09:00 PM', '08:00 AM', 'Sunday', '2017-06-05 19:59:06', 2),
('86', '2017-02-05', '10:00 PM', '08:00 AM', 'Sunday', '2017-06-05 19:59:19', 2),
('97', '2017-02-06', '07:30 PM', '08:00 AM', 'Monday', '2017-06-05 19:59:42', 2),
('90', '2017-02-06', '09:30 PM', '08:00 AM', 'Monday', '2017-06-05 19:59:54', 2),
('92', '2017-02-06', '10:49 PM', '08:00 AM', 'Monday', '2017-06-05 20:00:07', 2),
('83', '2017-02-06', '10:45 PM', '08:00 AM', 'Monday', '2017-06-05 20:00:19', 2),
('88', '2017-02-07', '08:02 PM', '05:30 AM', 'Tuesday', '2017-06-05 20:00:47', 2),
('98', '2017-02-07', '08:06 PM', '04:00 AM', 'Tuesday', '2017-06-05 20:00:58', 2),
('97', '2017-02-08', '05:32 PM', '08:00 AM', 'Wednesday', '2017-06-05 20:01:37', 2),
('90', '2017-02-08', '09:02 PM', '08:00 AM', 'Wednesday', '2017-06-05 20:01:52', 2),
('88', '2017-02-08', '10:34 PM', '05:30 AM', 'Wednesday', '2017-06-05 20:02:06', 2),
('92', '2017-02-08', '10:51 PM', '08:00 AM', 'Wednesday', '2017-06-05 20:02:19', 2),
('83', '2017-02-08', '10:30 PM', '08:00 AM', 'Wednesday', '2017-06-05 20:02:31', 2),
('98', '2017-02-09', '09:14 PM', '08:00 AM', 'Thursday', '2017-06-05 20:02:58', 2),
('90', '2017-02-09', '09:16 PM', '08:00 AM', 'Thursday', '2017-06-05 20:03:11', 2),
('83', '2017-02-09', '10:00 PM', '08:00 AM', 'Thursday', '2017-06-05 20:03:24', 2),
('84', '2017-02-10', '06:42 PM', '07:40 AM', 'Friday', '2017-06-05 20:07:43', 2),
('90', '2017-02-10', '08:53 PM', '08:00 AM', 'Friday', '2017-06-05 20:07:59', 2),
('88', '2017-02-10', '09:11 PM', '06:30 AM', 'Friday', '2017-06-05 20:08:15', 2),
('94', '2017-02-10', '09:25 PM', '06:00 AM', 'Friday', '2017-06-05 20:08:33', 2),
('92', '2017-02-10', '10:04 PM', '08:00 AM', 'Friday', '2017-06-05 20:08:57', 2),
('84', '2017-02-11', '08:15 PM', '08:20 AM', 'Saturday', '2017-06-05 20:09:37', 2),
('98', '2017-02-11', '09:05 PM', '09:17 AM', 'Saturday', '2017-06-05 20:10:02', 2),
('95', '2017-02-11', '10:15 PM', '08:00 AM', 'Saturday', '2017-06-05 20:10:20', 2),
('97', '2017-02-11', '05:30 PM', '08:00 AM', 'Saturday', '2017-06-05 20:10:36', 2),
('86', '2017-02-11', '10:00 PM', '08:00 AM', 'Saturday', '2017-06-05 20:10:47', 2),
('83', '2017-02-12', '09:45 PM', '08:00 AM', 'Sunday', '2017-06-05 20:11:14', 2),
('84', '2017-02-12', '09:51 PM', '08:15 AM', 'Sunday', '2017-06-05 20:11:36', 2),
('91', '2017-02-12', '09:51 PM', '06:30 AM', 'Sunday', '2017-06-05 20:11:47', 2),
('94', '2017-02-13', '07:14 PM', '08:00 AM', 'Monday', '2017-06-05 20:12:14', 2),
('90', '2017-02-13', '10:00 PM', '08:00 AM', 'Monday', '2017-06-05 20:12:27', 2),
('92', '2017-02-13', '10:57 PM', '08:00 AM', 'Monday', '2017-06-05 20:12:42', 2),
('83', '2017-02-13', '07:00 PM', '08:00 AM', 'Monday', '2017-06-05 20:12:54', 2),
('86', '2017-02-13', '10:15 PM', '08:00 AM', 'Monday', '2017-06-05 20:13:20', 2),
('98', '2017-02-14', '07:40 PM', '06:49 AM', 'Tuesday', '2017-06-05 20:13:49', 2),
('94', '2017-02-14', '09:30 PM', '08:00 AM', 'Tuesday', '2017-06-05 20:14:02', 2),
('83', '2017-02-14', '09:00 PM', '08:00 AM', 'Tuesday', '2017-06-05 20:14:16', 2),
('88', '2017-02-15', '09:38 PM', '05:30 AM', 'Wednesday', '2017-06-05 20:14:46', 2),
('92', '2017-02-15', '10:53 PM', '08:00 AM', 'Wednesday', '2017-06-05 20:15:06', 2),
('86', '2017-02-15', '08:30 PM', '09:12 AM', 'Wednesday', '2017-06-05 20:15:25', 2),
('83', '2017-02-15', '07:30 PM', '08:00 AM', 'Wednesday', '2017-06-05 20:15:41', 2),
('94', '2017-02-16', '08:30 PM', '08:00 AM', 'Thursday', '2017-06-05 20:16:05', 2),
('89', '2017-02-16', '09:10 PM', '05:00 AM', 'Thursday', '2017-06-05 20:16:18', 2),
('86', '2017-02-16', '08:30 PM', '08:00 AM', 'Thursday', '2017-06-05 20:16:32', 2),
('45', '2017-02-17', '09:10 PM', '07:00 AM', 'Friday', '2017-06-05 20:24:06', 2),
('93', '2017-02-17', '09:56 PM', '08:00 AM', 'Friday', '2017-06-05 20:24:18', 2),
('90', '2017-02-17', '09:00 PM', '08:00 AM', 'Friday', '2017-06-05 20:24:33', 2),
('84', '2017-02-17', '10:50 PM', '08:00 AM', 'Friday', '2017-06-05 20:24:45', 2),
('86', '2017-02-17', '08:30 PM', '08:00 AM', 'Friday', '2017-06-05 20:24:58', 2),
('84', '2017-02-18', '07:45 PM', '08:00 AM', 'Saturday', '2017-06-05 20:25:19', 2),
('45', '2017-02-18', '09:15 PM', '08:00 AM', 'Saturday', '2017-06-05 20:26:02', 2),
('98', '2017-02-18', '09:27 PM', '12:27 PM', 'Saturday', '2017-06-05 20:26:37', 2),
('93', '2017-02-18', '09:52 PM', '08:00 AM', 'Saturday', '2017-06-05 20:27:02', 2),
('90', '2017-02-18', '09:59 PM', '08:00 AM', 'Saturday', '2017-06-05 20:27:14', 2),
('83', '2017-02-18', '06:00 PM', '08:00 AM', 'Saturday', '2017-06-05 20:27:26', 2),
('86', '2017-02-18', '10:50 PM', '08:00 AM', 'Saturday', '2017-06-05 20:27:38', 2),
('83', '2017-02-19', '09:30 PM', '08:00 AM', 'Sunday', '2017-06-05 20:28:00', 2),
('45', '2017-02-19', '09:15 PM', '08:00 AM', 'Sunday', '2017-06-05 20:28:13', 2),
('86', '2017-02-19', '09:00 PM', '08:00 AM', 'Sunday', '2017-06-05 20:28:24', 2),
('94', '2017-02-20', '08:00 PM', '08:00 AM', 'Monday', '2017-06-05 20:28:45', 2),
('90', '2017-02-20', '09:38 PM', '08:00 AM', 'Monday', '2017-06-05 20:29:00', 2),
('45', '2017-02-20', '08:15 PM', '09:00 AM', 'Monday', '2017-06-05 20:29:17', 2),
('86', '2017-02-20', '08:00 PM', '08:00 AM', 'Monday', '2017-06-05 20:29:31', 2),
('83', '2017-02-20', '10:00 PM', '08:00 AM', 'Monday', '2017-06-05 20:29:45', 2),
('98', '2017-02-21', '08:27 PM', '05:30 AM', 'Tuesday', '2017-06-05 20:30:05', 2),
('88', '2017-02-21', '08:45 PM', '05:30 AM', 'Tuesday', '2017-06-05 20:30:18', 2),
('86', '2017-02-21', '09:00 PM', '08:00 AM', 'Tuesday', '2017-06-05 20:30:30', 2),
('83', '2017-02-21', '06:00 PM', '08:00 AM', 'Tuesday', '2017-06-05 20:30:41', 2),
('94', '2017-02-21', '08:00 PM', '08:00 AM', 'Tuesday', '2017-06-05 20:30:58', 2),
('90', '2017-02-22', '09:32 PM', '08:00 AM', 'Wednesday', '2017-06-05 20:31:21', 2),
('88', '2017-02-22', '10:07 PM', '05:30 AM', 'Wednesday', '2017-06-05 20:31:39', 2),
('92', '2017-02-22', '10:50 PM', '08:00 AM', 'Wednesday', '2017-06-05 20:31:49', 2),
('86', '2017-02-22', '10:55 PM', '08:00 AM', 'Wednesday', '2017-06-05 20:32:00', 2),
('83', '2017-02-22', '11:00 PM', '08:00 AM', 'Wednesday', '2017-06-05 20:32:11', 2),
('98', '2017-02-23', '10:09 PM', '05:00 AM', 'Thursday', '2017-06-05 20:32:28', 2),
('83', '2017-02-23', '10:00 PM', '08:00 AM', 'Thursday', '2017-06-05 20:32:41', 2),
('90', '2017-02-23', '10:00 PM', '08:00 AM', 'Thursday', '2017-06-05 20:32:49', 2),
('94', '2017-02-23', '10:00 PM', '08:00 AM', 'Thursday', '2017-06-05 20:32:59', 2),
('86', '2017-02-23', '10:00 PM', '08:00 AM', 'Thursday', '2017-06-05 20:33:08', 2),
('92', '2017-02-24', '09:16 PM', '08:00 AM', 'Friday', '2017-06-05 20:33:26', 2),
('84', '2017-02-24', '09:42 PM', '10:41 AM', 'Friday', '2017-06-05 20:33:46', 2),
('93', '2017-02-24', '09:42 PM', '08:00 AM', 'Friday', '2017-06-05 20:34:04', 2),
('88', '2017-02-24', '09:50 PM', '08:00 AM', 'Friday', '2017-06-05 20:34:18', 2),
('45', '2017-02-25', '08:45 PM', '08:00 AM', 'Saturday', '2017-06-05 20:36:16', 2),
('84', '2017-02-25', '10:40 PM', '08:00 AM', 'Saturday', '2017-06-05 20:36:27', 2),
('90', '2017-02-25', '10:40 PM', '08:00 AM', 'Saturday', '2017-06-05 20:36:34', 2),
('92', '2017-02-25', '10:40 PM', '08:00 AM', 'Saturday', '2017-06-05 20:36:42', 2),
('86', '2017-02-25', '10:00 PM', '08:00 AM', 'Saturday', '2017-06-05 20:36:53', 2),
('90', '2017-02-26', '10:47 PM', '08:00 AM', 'Sunday', '2017-06-05 20:37:11', 2),
('45', '2017-02-26', '09:50 PM', '08:00 AM', 'Sunday', '2017-06-05 20:37:27', 2),
('86', '2017-02-26', '09:00 PM', '08:00 AM', 'Sunday', '2017-06-05 20:37:40', 2),
('83', '2017-02-26', '07:00 PM', '08:00 AM', 'Sunday', '2017-06-05 20:37:54', 2),
('94', '2017-02-27', '07:30 PM', '08:00 AM', 'Monday', '2017-06-05 20:38:13', 2),
('90', '2017-02-27', '09:19 PM', '08:00 AM', 'Monday', '2017-06-05 20:38:25', 2),
('92', '2017-02-27', '10:54 PM', '08:00 AM', 'Monday', '2017-06-05 20:38:37', 2),
('83', '2017-02-27', '10:55 PM', '08:00 AM', 'Monday', '2017-06-05 20:38:49', 2),
('86', '2017-02-27', '08:00 PM', '10:00 AM', 'Monday', '2017-06-05 20:39:02', 2),
('88', '2017-02-28', '08:45 PM', '05:30 AM', 'Tuesday', '2017-06-05 20:39:30', 2),
('94', '2017-02-28', '07:00 PM', '08:00 AM', 'Tuesday', '2017-06-05 20:39:42', 2),
('83', '2017-02-28', '11:00 PM', '08:00 AM', 'Tuesday', '2017-06-05 20:39:54', 2),
('86', '2017-02-28', '10:00 PM', '08:48 AM', 'Tuesday', '2017-06-05 20:40:15', 2),
('84', '2017-01-01', '09:14 PM', '07:00 AM', 'Sunday', '2017-06-06 13:41:44', 2),
('91', '2017-01-01', '09:14 PM', '07:00 AM', 'Sunday', '2017-06-06 13:41:55', 2),
('97', '2017-01-01', '08:00 PM', '08:00 AM', 'Sunday', '2017-06-06 14:51:14', 2),
('45', '2017-01-02', '07:45 PM', '09:30 AM', 'Monday', '2017-06-06 14:51:52', 2),
('92', '2017-01-02', '10:55 PM', '08:00 AM', 'Monday', '2017-06-06 14:52:12', 2),
('86', '2017-01-02', '10:00 PM', '08:00 AM', 'Monday', '2017-06-06 14:53:39', 2),
('83', '2017-01-02', '11:00 PM', '08:00 AM', 'Monday', '2017-06-06 14:53:56', 2),
('98', '2017-01-03', '07:43 PM', '05:00 AM', 'Tuesday', '2017-06-06 14:54:16', 2),
('45', '2017-01-03', '10:10 PM', '10:00 AM', 'Tuesday', '2017-06-06 14:54:35', 2),
('83', '2017-01-03', '07:00 PM', '08:00 AM', 'Tuesday', '2017-06-06 14:54:53', 2),
('86', '2017-01-03', '09:50 PM', '07:00 AM', 'Tuesday', '2017-06-06 14:57:55', 2),
('90', '2017-01-04', '09:58 PM', '08:00 AM', 'Wednesday', '2017-06-06 14:58:18', 2),
('92', '2017-01-04', '10:55 PM', '08:00 AM', 'Wednesday', '2017-06-06 14:58:31', 2),
('86', '2017-01-04', '08:00 PM', '08:00 AM', 'Wednesday', '2017-06-06 14:58:48', 2),
('83', '2017-01-04', '06:00 PM', '08:00 AM', 'Wednesday', '2017-06-06 14:59:03', 2),
('89', '2017-01-05', '10:27 PM', '05:00 AM', 'Thursday', '2017-06-06 15:03:30', 2),
('90', '2017-01-05', '10:50 PM', '08:00 AM', 'Thursday', '2017-06-06 15:03:51', 2),
('83', '2017-01-05', '09:30 PM', '08:00 AM', 'Thursday', '2017-06-06 15:04:07', 2),
('93', '2017-01-06', '09:52 PM', '08:00 AM', 'Friday', '2017-06-06 15:04:28', 2),
('83', '2017-01-06', '10:30 PM', '08:00 AM', 'Friday', '2017-06-06 15:04:41', 2),
('86', '2017-01-06', '10:30 PM', '09:03 AM', 'Friday', '2017-06-06 15:04:59', 2),
('97', '2017-01-07', '07:30 PM', '08:00 AM', 'Saturday', '2017-06-06 15:05:21', 2),
('90', '2017-01-07', '09:00 PM', '08:00 AM', 'Saturday', '2017-06-06 15:05:36', 2),
('84', '2017-01-07', '09:30 PM', '08:00 AM', 'Saturday', '2017-06-06 15:05:47', 2),
('93', '2017-01-07', '09:38 PM', '08:00 AM', 'Saturday', '2017-06-06 15:06:02', 2),
('96', '2017-01-07', '09:45 PM', '09:00 AM', 'Saturday', '2017-06-06 15:06:23', 2),
('91', '2017-01-07', '09:52 PM', '08:00 AM', 'Saturday', '2017-06-06 15:06:43', 2),
('92', '2017-01-07', '10:55 PM', '08:00 AM', 'Saturday', '2017-06-06 15:06:58', 2),
('89', '2017-01-07', '11:44 PM', '09:54 AM', 'Saturday', '2017-06-06 15:07:21', 2),
('83', '2017-01-07', '08:00 PM', '08:00 AM', 'Saturday', '2017-06-06 15:07:34', 2),
('83', '2017-01-08', '08:45 PM', '08:00 AM', 'Sunday', '2017-06-06 15:08:00', 2),
('86', '2017-01-08', '09:30 PM', '07:27 AM', 'Sunday', '2017-06-06 15:08:20', 2),
('97', '2017-01-09', '05:30 PM', '08:00 AM', 'Monday', '2017-06-06 15:08:43', 2),
('90', '2017-01-09', '10:10 PM', '07:30 AM', 'Monday', '2017-06-06 15:09:05', 2),
('92', '2017-01-09', '10:52 PM', '08:00 AM', 'Monday', '2017-06-06 15:09:19', 2),
('83', '2017-01-09', '07:30 PM', '08:00 AM', 'Monday', '2017-06-06 15:09:33', 2),
('86', '2017-01-09', '10:55 PM', '07:44 AM', 'Monday', '2017-06-06 15:09:48', 2),
('88', '2017-01-10', '09:09 PM', '05:00 AM', 'Tuesday', '2017-06-06 15:10:08', 2),
('86', '2017-01-10', '10:00 PM', '08:00 AM', 'Tuesday', '2017-06-06 15:10:23', 2),
('45', '2017-01-10', '10:12 PM', '08:00 AM', 'Tuesday', '2017-06-06 15:10:37', 2),
('97', '2017-01-11', '07:50 PM', '08:00 AM', 'Wednesday', '2017-06-06 15:11:00', 2),
('90', '2017-01-11', '08:46 PM', '08:00 AM', 'Wednesday', '2017-06-06 15:11:12', 2),
('92', '2017-01-11', '10:45 PM', '08:00 AM', 'Wednesday', '2017-06-06 15:11:24', 2),
('83', '2017-01-11', '07:00 PM', '08:00 AM', 'Wednesday', '2017-06-06 15:11:40', 2),
('98', '2017-01-12', '07:05 PM', '06:00 AM', 'Thursday', '2017-06-06 15:12:16', 2),
('45', '2017-01-12', '08:15 PM', '11:14 AM', 'Thursday', '2017-06-06 15:12:32', 2),
('94', '2017-01-12', '08:00 PM', '08:00 AM', 'Thursday', '2017-06-06 15:12:46', 2),
('90', '2017-01-12', '06:00 PM', '08:00 AM', 'Thursday', '2017-06-06 15:13:01', 2),
('92', '2017-01-12', '08:00 PM', '08:00 AM', 'Thursday', '2017-06-06 15:14:12', 2),
('83', '2017-01-12', '09:00 PM', '08:00 AM', 'Thursday', '2017-06-06 15:14:23', 2),
('92', '2017-01-13', '09:34 PM', '08:00 AM', 'Friday', '2017-06-06 15:14:43', 2),
('93', '2017-01-13', '09:42 PM', '08:00 AM', 'Friday', '2017-06-06 15:14:55', 2),
('88', '2017-01-13', '10:02 PM', '08:00 AM', 'Friday', '2017-06-06 15:15:09', 2),
('45', '2017-01-13', '08:40 PM', '08:00 AM', 'Friday', '2017-06-06 15:15:21', 2),
('95', '2017-01-13', '10:45 PM', '08:00 PM', 'Friday', '2017-06-06 15:15:35', 2),
('91', '2017-01-14', '07:18 PM', '08:00 AM', 'Saturday', '2017-06-06 15:15:56', 2),
('84', '2017-01-14', '07:18 PM', '08:00 AM', 'Saturday', '2017-06-06 15:16:08', 2),
('97', '2017-01-14', '06:00 PM', '08:00 AM', 'Saturday', '2017-06-06 15:16:24', 2),
('98', '2017-01-14', '10:42 PM', '08:00 AM', 'Saturday', '2017-06-06 15:16:36', 2),
('94', '2017-01-14', '08:00 PM', '08:00 AM', 'Saturday', '2017-06-06 15:17:06', 2),
('45', '2017-01-14', '08:30 PM', '09:00 AM', 'Saturday', '2017-06-06 15:18:02', 2),
('86', '2017-01-14', '10:45 PM', '08:00 AM', 'Saturday', '2017-06-06 15:18:43', 2),
('83', '2017-01-14', '08:30 PM', '08:00 AM', 'Saturday', '2017-06-06 15:18:59', 2),
('94', '2017-01-15', '08:10 PM', '08:00 AM', 'Sunday', '2017-06-06 15:19:31', 2),
('91', '2017-01-15', '08:00 AM', '07:30 AM', 'Sunday', '2017-06-06 15:20:01', 2),
('45', '2017-01-15', '08:00 AM', '08:00 AM', 'Sunday', '2017-06-06 15:21:47', 2),
('84', '2017-01-15', '08:00 AM', '08:00 AM', 'Sunday', '2017-06-06 15:21:58', 2),
('86', '2017-01-15', '08:00 AM', '08:00 AM', 'Sunday', '2017-06-06 15:22:13', 2),
('83', '2017-01-15', '09:00 PM', '08:00 AM', 'Sunday', '2017-06-06 15:22:23', 2);
INSERT INTO `duty_attendance` (`unit`, `attendance_date`, `time_in`, `time_out`, `schedule`, `date_created`, `duty_version`) VALUES
('83', '2017-01-16', '08:00 AM', '08:00 AM', 'Monday', '2017-06-06 15:22:49', 2),
('45', '2017-01-16', '08:27 PM', '08:00 AM', 'Monday', '2017-06-06 15:46:21', 2),
('90', '2017-01-16', '08:54 PM', '08:00 AM', 'Monday', '2017-06-06 15:46:37', 2),
('92', '2017-01-16', '09:14 PM', '08:00 AM', 'Monday', '2017-06-06 15:46:49', 2),
('86', '2017-01-16', '08:00 PM', '08:00 AM', 'Monday', '2017-06-06 15:47:03', 2),
('88', '2017-01-17', '07:56 PM', '05:00 AM', 'Tuesday', '2017-06-06 15:47:24', 2),
('97', '2017-01-17', '07:00 PM', '08:00 AM', 'Tuesday', '2017-06-06 15:47:37', 2),
('97', '2017-01-18', '08:00 PM', '08:00 AM', 'Wednesday', '2017-06-06 15:48:10', 2),
('88', '2017-01-18', '08:30 PM', '05:00 AM', 'Wednesday', '2017-06-06 15:48:45', 2),
('83', '2017-01-18', '07:00 PM', '08:00 AM', 'Wednesday', '2017-06-06 15:49:06', 2),
('90', '2017-01-18', '09:27 PM', '08:00 AM', 'Wednesday', '2017-06-06 15:49:18', 2),
('92', '2017-01-18', '10:56 PM', '08:00 AM', 'Wednesday', '2017-06-06 15:49:30', 2),
('86', '2017-01-18', '10:30 PM', '08:00 AM', 'Wednesday', '2017-06-06 15:49:45', 2),
('83', '2017-01-19', '10:00 PM', '08:00 AM', 'Thursday', '2017-06-06 15:50:53', 2),
('88', '2017-01-20', '09:09 PM', '06:00 AM', 'Friday', '2017-06-06 15:51:14', 2),
('93', '2017-01-20', '09:51 PM', '08:00 AM', 'Friday', '2017-06-06 15:51:28', 2),
('84', '2017-01-20', '10:17 PM', '07:08 AM', 'Friday', '2017-06-06 15:51:45', 2),
('83', '2017-01-20', '10:17 PM', '08:00 AM', 'Friday', '2017-06-06 15:51:57', 2),
('84', '2017-01-21', '06:17 PM', '10:45 AM', 'Saturday', '2017-06-06 15:52:20', 2),
('97', '2017-01-21', '06:48 PM', '08:00 AM', 'Saturday', '2017-06-06 15:52:34', 2),
('93', '2017-01-21', '08:42 PM', '08:00 AM', 'Saturday', '2017-06-06 15:52:45', 2),
('45', '2017-01-21', '08:48 PM', '07:00 AM', 'Saturday', '2017-06-06 15:52:57', 2),
('83', '2017-01-21', '07:00 PM', '08:00 AM', 'Saturday', '2017-06-06 15:53:11', 2),
('86', '2017-01-21', '08:00 PM', '08:08 AM', 'Saturday', '2017-06-06 15:53:18', 2),
('97', '2017-01-22', '09:50 PM', '08:00 AM', 'Sunday', '2017-06-06 19:01:35', 2),
('86', '2017-01-22', '10:30 PM', '08:00 AM', 'Sunday', '2017-06-06 19:01:52', 2),
('45', '2017-01-22', '08:30 PM', '08:00 AM', 'Sunday', '2017-06-06 19:02:04', 2),
('83', '2017-01-22', '04:00 PM', '08:00 AM', 'Sunday', '2017-06-06 19:02:15', 2),
('94', '2017-01-23', '08:30 PM', '08:00 AM', 'Monday', '2017-06-06 19:02:37', 2),
('90', '2017-01-23', '06:30 PM', '08:00 AM', 'Monday', '2017-06-06 19:02:53', 2),
('92', '2017-01-23', '10:53 PM', '08:00 AM', 'Monday', '2017-06-06 19:03:06', 2),
('86', '2017-01-23', '10:30 PM', '08:00 AM', 'Monday', '2017-06-06 19:03:19', 2),
('83', '2017-01-23', '08:00 PM', '08:00 AM', 'Monday', '2017-06-06 19:03:39', 2),
('98', '2017-01-24', '08:03 PM', '06:00 AM', 'Tuesday', '2017-06-06 19:04:04', 2),
('88', '2017-01-24', '09:42 PM', '05:00 AM', 'Tuesday', '2017-06-06 19:04:16', 2),
('83', '2017-01-24', '09:30 PM', '08:00 AM', 'Tuesday', '2017-06-06 19:04:29', 2),
('94', '2017-01-24', '09:30 PM', '08:00 AM', 'Tuesday', '2017-06-06 19:04:41', 2),
('97', '2017-01-25', '07:10 PM', '08:00 AM', 'Wednesday', '2017-06-06 19:05:20', 2),
('88', '2017-01-25', '08:51 PM', '05:00 AM', 'Wednesday', '2017-06-06 19:05:36', 2),
('90', '2017-01-25', '09:27 PM', '08:00 AM', 'Wednesday', '2017-06-06 19:05:51', 2),
('92', '2017-01-25', '10:51 PM', '08:00 AM', 'Wednesday', '2017-06-06 19:06:06', 2),
('83', '2017-01-25', '10:30 PM', '08:00 AM', 'Wednesday', '2017-06-06 19:06:17', 2),
('98', '2017-01-26', '06:55 PM', '06:00 AM', 'Thursday', '2017-06-06 19:06:40', 2),
('95', '2017-01-26', '07:50 PM', '08:00 PM', 'Thursday', '2017-06-06 19:07:02', 2),
('89', '2017-01-26', '08:00 PM', '05:00 AM', 'Thursday', '2017-06-06 19:07:16', 2),
('90', '2017-01-26', '05:00 PM', '08:00 AM', 'Thursday', '2017-06-06 19:07:28', 2),
('94', '2017-01-26', '08:00 PM', '08:00 AM', 'Thursday', '2017-06-06 19:08:09', 2),
('83', '2017-01-26', '09:30 PM', '08:00 AM', 'Thursday', '2017-06-06 19:08:21', 2),
('86', '2017-01-26', '08:00 PM', '08:00 AM', 'Thursday', '2017-06-06 19:08:38', 2),
('84', '2017-01-27', '06:34 PM', '08:00 AM', 'Friday', '2017-06-06 19:08:57', 2),
('88', '2017-01-27', '09:32 PM', '07:00 AM', 'Friday', '2017-06-06 19:09:14', 2),
('92', '2017-01-27', '10:16 PM', '08:00 AM', 'Friday', '2017-06-06 19:09:29', 2),
('93', '2017-01-27', '10:25 PM', '08:00 AM', 'Friday', '2017-06-06 19:09:42', 2),
('83', '2017-01-27', '10:00 PM', '08:00 AM', 'Friday', '2017-06-06 19:10:01', 2),
('93', '2017-01-28', '08:24 PM', '08:00 AM', 'Saturday', '2017-06-06 19:10:21', 2),
('45', '2017-01-28', '09:10 PM', '08:00 AM', 'Saturday', '2017-06-06 19:10:36', 2),
('97', '2017-01-28', '09:20 PM', '08:00 AM', 'Saturday', '2017-06-06 19:10:50', 2),
('84 ', '2017-01-28', '09:57 PM', '08:00 AM', 'Saturday', '2017-06-06 19:11:02', 2),
('95', '2017-01-28', '10:00 PM', '08:00 PM', 'Saturday', '2017-06-06 19:47:05', 2),
('83', '2017-01-28', '10:00 PM', '08:00 AM', 'Saturday', '2017-06-06 19:47:22', 2),
('86', '2017-01-29', '10:20 PM', '08:00 AM', 'Sunday', '2017-06-06 19:47:46', 2),
('45', '2017-01-29', '08:55 PM', '08:00 AM', 'Sunday', '2017-06-06 19:48:03', 2),
('83', '2017-01-29', '08:45 PM', '08:00 AM', 'Sunday', '2017-06-06 19:48:20', 2),
('90', '2017-01-30', '09:10 PM', '08:00 AM', 'Monday', '2017-06-06 19:48:40', 2),
('97', '2017-01-30', '08:30 PM', '08:00 AM', 'Monday', '2017-06-06 19:48:52', 2),
('86', '2017-01-30', '08:20 PM', '08:00 AM', 'Monday', '2017-06-06 19:49:03', 2),
('94', '2017-01-30', '08:00 PM', '08:00 AM', 'Monday', '2017-06-06 19:49:14', 2),
('92', '2017-01-30', '10:50 PM', '08:00 AM', 'Monday', '2017-06-06 19:49:25', 2),
('83', '2017-01-30', '08:30 PM', '08:00 AM', 'Monday', '2017-06-06 19:49:39', 2),
('95', '2017-01-31', '08:05 PM', '08:00 PM', 'Tuesday', '2017-06-06 19:49:57', 2),
('88', '2017-01-31', '09:54 PM', '05:30 AM', 'Tuesday', '2017-06-06 19:50:12', 2),
('90', '2017-06-01', '09:07 PM', '08:00 AM', 'Thursday', '2017-06-08 20:27:54', 1),
('89', '2017-06-01', '08:58 PM', '05:00 AM', 'Thursday', '2017-06-08 20:28:27', 1),
('83', '2017-06-01', '07:00 PM', '08:00 AM', 'Thursday', '2017-06-08 20:28:58', 1),
('84', '2017-06-02', '07:37 PM', '08:25 AM', 'Friday', '2017-06-08 20:29:48', 1),
('96', '2017-06-02', '09:27 PM', '07:32 AM', 'Friday', '2017-06-08 20:30:22', 1),
('88', '2017-06-02', '09:29 PM', '08:30 AM', 'Friday', '2017-06-08 20:30:42', 1),
('93', '2017-06-02', '09:42 PM', '12:11 PM', 'Friday', '2017-06-08 20:31:04', 1),
('92', '2017-06-02', '10:20 PM', '08:00 AM', 'Friday', '2017-06-08 20:31:20', 1),
('84', '2017-06-03', '05:20 PM', '09:06 AM', 'Saturday', '2017-06-08 20:31:55', 1),
('91', '2017-06-03', '05:41 PM', '09:06 AM', 'Saturday', '2017-06-08 20:32:21', 1),
('97', '2017-06-03', '08:30 PM', '01:00 PM', 'Saturday', '2017-06-08 20:32:40', 1),
('90', '2017-06-04', '08:21 PM', '08:00 AM', 'Sunday', '2017-06-08 20:33:01', 1),
('83', '2017-06-04', '08:15 PM', '11:00 AM', 'Sunday', '2017-06-08 20:33:14', 1),
('91', '2017-06-04', '08:46 PM', '06:47 AM', 'Sunday', '2017-06-08 20:33:30', 1),
('84', '2017-06-04', '08:56 PM', '08:01 AM', 'Sunday', '2017-06-08 20:33:46', 1),
('45', '2017-06-04', '08:35 PM', '10:00 AM', 'Sunday', '2017-06-08 20:34:03', 1),
('92', '2017-06-05', '09:25 PM', '08:00 AM', 'Monday', '2017-06-08 20:34:26', 1),
('90', '2017-06-05', '10:12 PM', '08:00 AM', 'Monday', '2017-06-08 20:34:43', 1),
('88', '2017-06-06', '09:23 PM', '05:00 AM', 'Tuesday', '2017-06-08 20:36:11', 1),
('83', '2017-06-06', '07:00 PM', '10:45 AM', 'Tuesday', '2017-06-08 20:36:28', 1),
('93', '2017-06-07', '07:00 PM', '08:00 AM', 'Wednesday', '2017-06-08 20:37:04', 1),
('90', '2017-06-07', '05:10 PM', '08:00 AM', 'Wednesday', '2017-06-08 20:37:17', 1),
('92', '2017-06-07', '10:45 PM', '08:00 AM', 'Wednesday', '2017-06-08 20:37:29', 1),
('89', '2017-06-08', '08:55 PM', '05:00 AM', 'Thursday', '2017-06-11 16:23:33', 1),
('86', '2017-06-08', '10:00 PM', '09:26 AM', 'Thursday', '2017-06-11 16:24:02', 1),
('83', '2017-06-08', '07:00 PM', '10:00 AM', 'Thursday', '2017-06-11 16:25:20', 1),
('93', '2017-06-09', '03:00 PM', '07:00 AM', 'Friday', '2017-06-11 16:25:42', 1),
('96', '2017-06-09', '09:30 PM', '07:24 AM', 'Friday', '2017-06-11 16:26:06', 1),
('90', '2017-06-09', '09:24 PM', '08:00 AM', 'Friday', '2017-06-11 16:26:27', 1),
('98', '2017-01-19', '08:13 PM', '06:00 AM', 'Thursday', '2017-06-11 16:46:08', 2),
('90', '2017-01-19', '09:19 PM', '08:00 AM', 'Thursday', '2017-06-11 16:46:33', 2),
('89', '2017-01-19', '10:25 PM', '05:00 AM', 'Thursday', '2017-06-11 16:46:55', 2),
('86', '2017-01-19', '10:30 PM', '08:00 AM', 'Thursday', '2017-06-11 16:47:10', 2),
('92', '2017-05-26', '09:00 PM', '03:30 PM', 'Friday', '2017-06-12 13:38:58', 1),
('96', '2017-04-08', '09:40 PM', '08:00 AM', 'Saturday', '2017-06-12 13:41:02', 1),
('89', '2017-04-08', '09:20 PM', '08:44 AM', 'Saturday', '2017-06-12 13:41:30', 1),
('84', '2017-04-08', '04:20 PM', '10:30 AM', 'Saturday', '2017-06-12 13:41:50', 1),
('93', '2017-06-10', '05:20 PM', '08:40 AM', 'Saturday', '2017-06-12 14:05:08', 1),
('97', '2017-06-10', '08:20 PM', '10:00 AM', 'Saturday', '2017-06-12 14:05:28', 1),
('94', '2017-06-10', '09:21 PM', '04:04 AM', 'Saturday', '2017-06-12 14:06:06', 1),
('96', '2017-06-10', '10:41 PM', '11:02 AM', 'Saturday', '2017-06-12 14:06:57', 1),
('83', '2017-06-10', '09:00 PM', '06:00 AM', 'Saturday', '2017-06-12 14:11:06', 1),
('94', '2017-06-11', '12:00 PM', '08:00 AM', 'Sunday', '2017-06-12 14:11:55', 1),
('45', '2017-06-11', '08:45 PM', '01:30 PM', 'Sunday', '2017-06-12 14:12:19', 1),
('83', '2017-06-11', '09:00 PM', '09:40 AM', 'Sunday', '2017-06-12 14:12:41', 1),
('86', '2017-06-11', '08:30 PM', '08:12 AM', 'Sunday', '2017-06-12 14:13:00', 1),
('86', '2017-06-12', '10:30 AM', '08:55 AM', 'Monday', '2017-06-15 14:03:59', 1),
('83', '2017-06-12', '10:30 PM', '01:00 PM', 'Monday', '2017-06-15 14:05:13', 1),
('94', '2017-06-12', '08:00 AM', '08:00 AM', 'Monday', '2017-06-15 14:05:41', 1),
('90', '2017-06-12', '10:10 PM', '08:00 AM', 'Monday', '2017-06-15 14:05:56', 1),
('13', '2017-06-13', '02:00 PM', '06:30 AM', 'Tuesday', '2017-06-15 14:06:55', 1),
('94', '2017-06-13', '08:00 PM', '08:00 AM', 'Tuesday', '2017-06-15 14:07:14', 1),
('83', '2017-06-13', '08:00 PM', '10:44 AM', 'Tuesday', '2017-06-15 14:07:30', 1),
('93', '2017-06-14', '06:20 PM', '10:40 AM', 'Wednesday', '2017-06-15 14:09:27', 1),
('90', '2017-06-14', '07:49 PM', '08:00 AM', 'Wednesday', '2017-06-15 14:09:51', 1),
('88', '2017-06-14', '09:19 PM', '05:30 AM', 'Wednesday', '2017-06-15 14:10:09', 1),
('89', '2017-06-15', '08:33 PM', '05:00 AM', 'Thursday', '2017-06-16 12:43:17', 1),
('90', '2017-06-15', '05:10 PM', '08:00 AM', 'Thursday', '2017-06-16 12:43:42', 1),
('94', '2017-06-15', '05:00 PM', '08:00 AM', 'Thursday', '2017-06-16 12:46:03', 1),
('83', '2017-06-15', '10:45 PM', '09:01 AM', 'Thursday', '2017-06-16 12:46:23', 1),
('90', '2016-12-01', '08:00 PM', '08:00 AM', 'Thursday', '2017-06-20 20:26:33', 2),
('89', '2016-12-01', '10:21 PM', '05:00 AM', 'Thursday', '2017-06-20 20:27:10', 2),
('92', '2016-12-01', '10:50 PM', '05:00 AM', 'Thursday', '2017-06-20 20:28:24', 2),
('86', '2016-12-01', '09:30 PM', '08:00 AM', 'Thursday', '2017-06-20 20:28:38', 2),
('83', '2016-12-01', '11:45 PM', '08:00 AM', 'Thursday', '2017-06-20 20:28:57', 2),
('92', '2016-12-02', '09:33 PM', '05:00 AM', 'Friday', '2017-06-20 20:29:45', 2),
('88', '2016-12-02', '10:11 PM', '04:00 AM', 'Friday', '2017-06-20 20:30:01', 2),
('90', '2016-12-02', '10:37 PM', '08:00 AM', 'Friday', '2017-06-20 20:31:47', 2),
('98', '2016-12-03', '05:53 PM', '08:00 AM', 'Saturday', '2017-06-20 20:32:19', 2),
('97', '2016-12-03', '04:30 PM', '08:00 AM', 'Saturday', '2017-06-20 20:32:38', 2),
('84', '2016-12-03', '04:50 PM', '10:44 AM', 'Saturday', '2017-06-20 20:33:05', 2),
('89', '2016-12-03', '08:00 PM', '07:22 AM', 'Saturday', '2017-06-20 20:34:17', 2),
('45', '2016-12-03', '07:30 PM', '10:00 AM', 'Saturday', '2017-06-20 20:34:37', 2),
('86', '2016-12-03', '04:00 PM', '03:00 AM', 'Saturday', '2017-06-20 20:34:59', 2),
('84', '2016-12-04', '07:59 PM', '08:16 AM', 'Sunday', '2017-06-20 20:35:52', 2),
('45', '2016-12-04', '08:40 PM', '08:00 AM', 'Sunday', '2017-06-20 20:36:06', 2),
('86', '2016-12-04', '09:30 PM', '08:00 AM', 'Sunday', '2017-06-20 20:37:26', 2),
('83', '2016-12-04', '06:30 PM', '08:00 AM', 'Sunday', '2017-06-20 20:37:42', 2),
('97', '2016-12-05', '08:10 PM', '08:00 AM', 'Monday', '2017-06-20 20:38:05', 2),
('90', '2016-12-05', '09:20 PM', '08:00 AM', 'Monday', '2017-06-20 20:38:22', 2),
('92', '2016-12-05', '10:53 PM', '08:00 AM', 'Monday', '2017-06-20 20:38:47', 2),
('83', '2016-12-05', '08:30 PM', '08:00 AM', 'Monday', '2017-06-20 20:39:18', 2),
('88', '2016-12-06', '10:20 PM', '04:00 AM', 'Tuesday', '2017-06-20 20:40:13', 2),
('86', '2016-12-06', '10:40 PM', '08:00 AM', 'Tuesday', '2017-06-20 20:40:31', 2),
('83', '2016-12-06', '06:00 PM', '08:00 AM', 'Tuesday', '2017-06-20 20:40:45', 2),
('88', '2016-12-07', '09:22 PM', '05:00 AM', 'Wednesday', '2017-06-20 20:41:17', 2),
('97', '2016-12-07', '09:00 PM', '08:00 AM', 'Wednesday', '2017-06-20 20:41:32', 2),
('92', '2016-12-07', '10:45 PM', '08:00 AM', 'Wednesday', '2017-06-20 20:41:49', 2),
('94', '2016-12-07', '10:45 PM', '08:00 AM', 'Wednesday', '2017-06-20 20:42:01', 2),
('90', '2016-12-07', '10:49 PM', '08:00 AM', 'Wednesday', '2017-06-20 20:42:27', 2),
('90', '2016-12-08', '09:00 PM', '08:00 AM', 'Thursday', '2017-06-20 20:43:03', 2),
('89', '2016-12-08', '09:13 PM', '05:00 AM', 'Thursday', '2017-06-20 20:43:26', 2),
('94', '2016-12-08', '08:00 PM', '08:00 AM', 'Thursday', '2017-06-20 20:43:39', 2),
('83', '2016-12-08', '09:00 PM', '08:00 AM', 'Thursday', '2017-06-20 20:44:00', 2),
('95', '2016-12-09', '10:23 PM', '08:00 AM', 'Friday', '2017-06-20 20:44:21', 2),
('92', '2016-12-09', '10:24 PM', '08:00 AM', 'Friday', '2017-06-20 20:44:35', 2),
('93', '2016-12-09', '10:48 PM', '08:00 AM', 'Friday', '2017-06-20 20:44:58', 2),
('93', '2016-12-10', '07:00 PM', '08:00 AM', 'Saturday', '2017-06-20 20:45:33', 2),
('97', '2016-12-10', '03:40 PM', '08:00 AM', 'Saturday', '2017-06-20 20:45:55', 2),
('98', '2016-12-10', '05:00 PM', '09:30 AM', 'Saturday', '2017-06-20 20:46:13', 2),
('94', '2016-12-10', '08:00 AM', '08:00 AM', 'Saturday', '2017-06-20 20:47:40', 2),
('83', '2016-12-11', '09:30 PM', '08:00 AM', 'Sunday', '2017-06-20 20:50:19', 2),
('86', '2016-12-11', '10:30 PM', '12:17 PM', 'Sunday', '2017-06-20 20:51:08', 2),
('90', '2016-12-12', '09:30 PM', '08:00 AM', 'Monday', '2017-06-20 20:52:44', 2),
('97', '2016-12-12', '09:30 PM', '08:00 AM', 'Monday', '2017-06-20 20:56:02', 2),
('86', '2016-12-12', '06:00 PM', '09:02 AM', 'Monday', '2017-06-20 20:58:05', 2),
('83', '2016-12-12', '09:30 PM', '08:00 AM', 'Monday', '2017-06-20 20:59:33', 2);

-- --------------------------------------------------------

--
-- Table structure for table `duty_schedule`
--

DROP TABLE IF EXISTS `duty_schedule`;
CREATE TABLE IF NOT EXISTS `duty_schedule` (
  `id` int(11) NOT NULL AUTO_INCREMENT,
  `unit` varchar(10) NOT NULL,
  `schedule` varchar(10) NOT NULL,
  `date_created` datetime NOT NULL DEFAULT CURRENT_TIMESTAMP,
  `version` int(5) NOT NULL,
  PRIMARY KEY (`id`),
  KEY `unit` (`unit`),
  KEY `schedule` (`schedule`)
) ENGINE=InnoDB  DEFAULT CHARSET=utf8 AUTO_INCREMENT=111 ;

--
-- Truncate table before insert `duty_schedule`
--

TRUNCATE TABLE `duty_schedule`;
--
-- Dumping data for table `duty_schedule`
--

INSERT INTO `duty_schedule` (`id`, `unit`, `schedule`, `date_created`, `version`) VALUES
(1, '94', 'Monday', '2017-01-17 16:31:42', 1),
(3, '88', 'Tuesday', '2017-01-17 16:32:32', 1),
(10, '91', 'Sunday', '2017-01-17 16:51:51', 1),
(12, '92', 'Monday', '2017-01-17 17:01:23', 1),
(15, '92', 'Friday', '2017-01-17 17:02:03', 1),
(16, '90', 'Monday', '2017-01-17 17:02:54', 1),
(18, '86', 'Monday', '2017-01-17 17:03:03', 1),
(19, '83', 'Monday', '2017-01-17 17:03:07', 1),
(21, '95', 'Tuesday', '2017-01-17 17:03:24', 1),
(24, '98', 'Tuesday', '2017-01-17 17:03:43', 1),
(30, '89', 'Thursday', '2017-01-17 17:04:34', 1),
(31, '83', 'Thursday', '2017-01-17 17:04:40', 1),
(32, '90', 'Thursday', '2017-01-17 17:04:44', 1),
(34, '98', 'Thursday', '2017-01-17 17:04:56', 1),
(35, '88', 'Friday', '2017-01-17 17:05:12', 1),
(36, '93', 'Friday', '2017-01-17 17:05:21', 1),
(38, '96', 'Friday', '2017-01-17 17:05:28', 1),
(44, '97', 'Monday', '2017-05-24 12:37:56', 1),
(45, '94', 'Tuesday', '2017-05-24 12:40:54', 1),
(46, '83', 'Tuesday', '2017-05-24 12:41:02', 1),
(47, '90', 'Wednesday', '2017-05-24 12:41:30', 1),
(48, '86', 'Wednesday', '2017-05-24 12:41:37', 1),
(49, '88', 'Wednesday', '2017-05-24 12:41:40', 1),
(50, '92', 'Wednesday', '2017-05-24 12:41:50', 1),
(51, '93', 'Wednesday', '2017-05-24 12:41:54', 1),
(52, '96', 'Wednesday', '2017-05-24 12:41:57', 1),
(53, '97', 'Wednesday', '2017-05-24 12:42:01', 1),
(54, '95', 'Thursday', '2017-05-24 12:42:24', 1),
(55, '84', 'Friday', '2017-05-24 12:42:50', 1),
(56, '84', 'Saturday', '2017-05-24 12:43:17', 1),
(57, '89', 'Saturday', '2017-05-24 12:43:25', 1),
(58, '91', 'Saturday', '2017-05-24 12:43:30', 1),
(59, '93', 'Saturday', '2017-05-24 12:43:36', 1),
(60, '95', 'Saturday', '2017-05-24 12:43:46', 1),
(61, '96', 'Saturday', '2017-05-24 12:43:49', 1),
(62, '97', 'Saturday', '2017-05-24 12:43:52', 1),
(63, '98', 'Saturday', '2017-05-24 12:43:55', 1),
(64, '45', 'Sunday', '2017-05-24 12:44:22', 1),
(65, '84', 'Sunday', '2017-05-24 12:44:31', 1),
(66, '94', 'Sunday', '2017-05-24 12:44:34', 1),
(67, '86', 'Sunday', '2017-05-24 12:44:44', 1),
(68, '94', 'Monday', '2017-06-12 13:46:27', 2),
(69, '83', 'Monday', '2017-06-12 13:46:31', 2),
(70, '86', 'Monday', '2017-06-12 13:46:33', 2),
(71, '85', 'Monday', '2017-06-12 13:46:34', 2),
(72, '90', 'Monday', '2017-06-12 13:46:35', 2),
(73, '92', 'Monday', '2017-06-12 13:46:38', 2),
(74, '97', 'Monday', '2017-06-12 13:46:40', 2),
(75, '85', 'Tuesday', '2017-06-12 13:46:45', 2),
(76, '88', 'Tuesday', '2017-06-12 13:46:46', 2),
(77, '94', 'Tuesday', '2017-06-12 13:46:47', 2),
(78, '95', 'Tuesday', '2017-06-12 13:46:48', 2),
(79, '96', 'Tuesday', '2017-06-12 13:46:50', 2),
(80, '98', 'Tuesday', '2017-06-12 13:46:51', 2),
(81, '90', 'Wednesday', '2017-06-12 13:46:55', 2),
(82, '86', 'Wednesday', '2017-06-12 13:46:56', 2),
(83, '85', 'Wednesday', '2017-06-12 13:46:58', 2),
(84, '92', 'Wednesday', '2017-06-12 13:47:01', 2),
(85, '88', 'Wednesday', '2017-06-12 13:47:03', 2),
(86, '97', 'Wednesday', '2017-06-12 13:47:04', 2),
(87, '89', 'Thursday', '2017-06-12 13:47:09', 2),
(88, '83', 'Thursday', '2017-06-12 13:47:10', 2),
(89, '90', 'Thursday', '2017-06-12 13:47:11', 2),
(90, '93', 'Thursday', '2017-06-12 13:47:12', 2),
(91, '98', 'Thursday', '2017-06-12 13:47:14', 2),
(92, '92', 'Friday', '2017-06-12 13:47:18', 2),
(93, '88', 'Friday', '2017-06-12 13:47:19', 2),
(94, '93', 'Friday', '2017-06-12 13:47:21', 2),
(95, '95', 'Friday', '2017-06-12 13:47:22', 2),
(96, '96', 'Friday', '2017-06-12 13:47:23', 2),
(97, '84', 'Friday', '2017-06-12 13:47:25', 2),
(98, '93', 'Saturday', '2017-06-12 13:47:29', 2),
(99, '89', 'Saturday', '2017-06-12 13:47:30', 2),
(100, '91', 'Saturday', '2017-06-12 13:47:32', 2),
(101, '95', 'Saturday', '2017-06-12 13:47:33', 2),
(102, '96', 'Saturday', '2017-06-12 13:47:35', 2),
(103, '97', 'Saturday', '2017-06-12 13:47:37', 2),
(104, '98', 'Saturday', '2017-06-12 13:47:38', 2),
(105, '84', 'Saturday', '2017-06-12 13:47:39', 2),
(106, '91', 'Sunday', '2017-06-12 13:47:43', 2),
(107, '83', 'Sunday', '2017-06-12 13:47:45', 2),
(108, '94', 'Sunday', '2017-06-12 13:47:47', 2),
(109, '86', 'Sunday', '2017-06-12 13:47:49', 2),
(110, '84', 'Sunday', '2017-06-12 13:47:50', 2);

-- --------------------------------------------------------

--
-- Table structure for table `duty_version`
--

DROP TABLE IF EXISTS `duty_version`;
CREATE TABLE IF NOT EXISTS `duty_version` (
  `id` int(10) NOT NULL AUTO_INCREMENT,
  `name` varchar(100) NOT NULL,
  `status` enum('active','inactive') NOT NULL DEFAULT 'active',
  PRIMARY KEY (`id`)
) ENGINE=InnoDB  DEFAULT CHARSET=utf8 AUTO_INCREMENT=3 ;

--
-- Truncate table before insert `duty_version`
--

TRUNCATE TABLE `duty_version`;
--
-- Dumping data for table `duty_version`
--

INSERT INTO `duty_version` (`id`, `name`, `status`) VALUES
(1, 'As of April 2017', 'active'),
(2, 'As of 2016 Apr', 'active');

-- --------------------------------------------------------

--
-- Table structure for table `fire_apparata`
--

DROP TABLE IF EXISTS `fire_apparata`;
CREATE TABLE IF NOT EXISTS `fire_apparata` (
  `id` bigint(11) NOT NULL AUTO_INCREMENT,
  `fire_data_id` bigint(10) NOT NULL,
  `engine` varchar(10) DEFAULT NULL,
  `time_out` varchar(11) DEFAULT NULL,
  `fto_out` varchar(11) DEFAULT NULL,
  `time_in` varchar(11) DEFAULT NULL,
  `fto_in` varchar(11) DEFAULT NULL,
  `onboard` text,
  PRIMARY KEY (`id`),
  KEY `fire_data_id` (`fire_data_id`)
) ENGINE=InnoDB  DEFAULT CHARSET=utf8 AUTO_INCREMENT=602 ;

--
-- Truncate table before insert `fire_apparata`
--

TRUNCATE TABLE `fire_apparata`;
--
-- Dumping data for table `fire_apparata`
--

INSERT INTO `fire_apparata` (`id`, `fire_data_id`, `engine`, `time_out`, `fto_out`, `time_in`, `fto_in`, `onboard`) VALUES
(1, 28, 'E22', '4:04', '22', '5:41', '22', '90,92,94,Rey'),
(2, 28, 'E18', '4:05', 'D2', '5:15', 'D2', 'Rodel'),
(17, 30, 'E20', '3:28AM', '88', '6:09AM', '88', '13, 95, 96'),
(18, 30, 'E21', '3:28AM', '55', '6:09AM', '55', 'R3'),
(19, 30, 'E19', '3:29AM', '22', '4:05AM', 'D1', '90'),
(20, 30, 'E14', '3:29AM', '27', '5:09AM', '27', '89'),
(21, 30, 'E18', '3:53AM', 'D1', '6:18AM', '22', '43, 83'),
(25, 31, 'E18', '1:37AM', 'D1', '3:29AM', 'D1', '13, 95, 96'),
(26, 31, 'E14', '1:44AM', '27', '2:58AM', '27', '89'),
(27, 31, 'E20', '1:50AM', '88', '2:58AM', '88', '63'),
(28, 31, 'E19', '1:56AM', '22', '3:00AM', '22', '55'),
(33, 32, 'E20', '8:25AM', '88', '8:36AM', '88', '92, R2'),
(34, 32, 'E18', '8:25AM', 'D1', '8:36AM', 'D1', 'NA'),
(49, 34, 'E20', '1:07PM', 'D1', '1:18PM', 'D1', 'R2'),
(50, 34, 'E18', '1:07PM', 'D2', '1:23PM', 'D2', 'R3'),
(65, 36, 'E18', '9:08PM', 'D2', '10:02PM', 'D2', 'R3'),
(66, 36, 'E20', '9:08PM', '87', '10:02PM', '87', '86, 94, 90'),
(73, 37, 'E20', '11:59AM', 'D1', '1:34PM', 'D1', 'R2'),
(74, 37, 'E18', '12:03PM', 'D2', '12:48PM', 'D2', '87, R3'),
(97, 40, 'E20', '5:53PM', '38', '6:25PM', '38', '83, 86, 90'),
(98, 40, 'E18', '5:53PM', 'D2', '6:25PM', 'D2', 'R3'),
(105, 41, 'E18', '6:15PM', 'D2', '7:16PM', 'D2', '90, 92, R3'),
(113, 42, 'E21', '9:30AM', 'D1', '9:35AM', 'D1', 'R1, R2'),
(129, 44, 'E20', '2:38PM', 'D1', '3:09PM', 'D1', '86, R2'),
(130, 44, 'E18', '2:38PM', 'D2', '2:56PM', 'D2', 'R1, R3'),
(137, 45, 'E18', '7:15PM', 'D2', '7:51PM', 'D2', '94, R1, R3'),
(145, 46, 'E20', '10:38AM', 'D1', '11:54PM', 'D1', ''),
(185, 51, 'E20', '3:52PM', 'D1', '5:22PM', 'D1', '13, 77, 42, R1'),
(186, 51, 'E18', '3:53PM', 'D2', '5:16PM', 'D2', 'R2, R3'),
(201, 53, 'E18', '6:04AM', 'D2', '6:57AM', 'D2', '86, 93'),
(202, 53, 'E14', '6:10AM', '27', '6:42AM', '27', '95'),
(203, 53, 'E20', '6:17AM', '22', '6:41AM', '22', '09, 13, 87'),
(225, 56, 'E18', '12:35AM', 'D2', '1:49AM', 'D2', '84, 91, 93'),
(226, 56, 'E20', '12:42AM', '88', '1:47AM', '88', '45, 92'),
(227, 56, 'E14', '12:49AM', '27', '1:02AM', '27', '22'),
(233, 46, 'E18', '10:38 AM', 'D2', '11:56 AM', 'D2', NULL),
(234, 46, 'E21', '11:04 AM', '22', '11:15 AM', '22', NULL),
(235, 43, 'E18', '7:24 PM', 'D2', '7:45 PM', 'D2', '86, R3'),
(236, 43, 'E14', '7:32 PM', '27', '7:45 PM', '27', '90'),
(237, 58, 'E18', '10:09PM', 'D2', '10:54PM', 'D2', '93, 95'),
(238, 58, 'E14', '10:16PM', '27', '10:45PM', '27', '92'),
(239, 58, 'E20', '10:17PM', '88', '10:45PM', '88', '90'),
(240, 59, 'E20', '2:26AM', '88', '2:30AM', '88', '13, 84, 90, 91'),
(241, 59, 'E18', '2:27AM', 'D2', '2:30AM', 'D2', '92, 97'),
(242, 61, 'E18', '12:41PM', 'D2', '1:54PM', 'D2', '90, R3'),
(243, 61, 'E20', '12:39PM', 'D1', '3:16PM', 'D1', '30, R1, R2'),
(244, 61, 'E14', '12:45PM', '27', '1:44PM', '27', '-'),
(245, 61, 'E19', '1:00PM', '22', '1:42PM', '22', '62'),
(246, 63, 'E18', '8:36PM', 'D2', '9:09PM', 'D2', '90, R3'),
(247, 63, 'E20', '8:37PM', '27', '9:02PM', '27', '80, 92, R3'),
(248, 66, 'E20', '1:04PM', 'D1', '1:48PM', 'D1', '91, R1, R2'),
(249, 66, 'E18', '1:04PM', 'D2', '3:02PM', 'D2', 'R3'),
(250, 67, 'E18', '7:52PM', 'D2', '8:13PM', 'D2', '86, 90, R3'),
(251, 74, 'E20', '2:22PM', 'D2', '4:22PM', 'D2', '90, 92, R3'),
(252, 74, 'E21', '2:27PM', '87', '4:22PM', '87', '09, 95'),
(253, 74, 'E19', '2:34PM', '22', '4:22PM', '22', '88'),
(254, 74, 'E18', '', '40', '4:21PM', '40', '30, 84, 94'),
(255, 78, 'E18', '6:56AM', 'D2', '7:56AM', 'D2', '90, R1, R3'),
(256, 83, 'E18', '3:34AM', 'D2', '4:53AM', 'D2', '83, 86'),
(257, 83, 'E14', '3:40AM', '27', '4:53AM', '27', '90, 98'),
(258, 88, 'E20', '4:28 AM', 'D2', '4:59 AM', 'D2', '90,92,95'),
(259, 90, 'E18', '3:10 AM', 'D2', '3:48 AM', 'D2', '83,90,R3,R1'),
(260, 90, 'E14', '3:12 AM', '27', '3:34 AM', '27', '92'),
(261, 91, 'E20', '10:35 PM', '88', '11:33 PM', '88', '94,95,93,80'),
(262, 91, 'E18', '10:36 PM', 'D2', '11:37 PM', 'D2', '98,97'),
(263, 91, 'E14', '10:39 PM', '27', '11:14 PM', '27', 'R3,R1,62'),
(264, 92, 'E20', '11:51 AM', '79', '12:26 PM', '79', 'R1'),
(265, 92, 'E18', '11:51 AM', 'D1', '12:26 PM', 'D1', 'R3'),
(266, 95, 'E20', '12:16 AM', '88', '', '88', '83, 90, 92'),
(267, 95, 'E18', '12:17 AM', 'D2', '12:32 AM', 'D2', 'R3'),
(268, 96, 'E20', '9:14 AM', 'D1', '9:25 AM', 'D1', '94,83,95,R2'),
(269, 96, 'E18', '9:14 AM', 'D2', '9:25 AM', 'D2', 'R3'),
(270, 98, 'E20', '12:34 PM', 'D1', '1:15 PM', 'D1', '94, R2'),
(271, 98, 'E18', '12:34 PM', 'D2', '1:10 PM', 'D2', 'R3'),
(272, 99, 'E20', '11:35 AM', 'D1', '12:46 PM ', 'D1', '94, 83'),
(273, 99, 'E18', '11:35 AM', 'D2', '12:46 PM', 'D2', 'R3'),
(274, 99, 'E14', '11:47 AM', '62', '12:46 PM', '62', '48'),
(275, 99, 'E19', '11:50 AM', '22', '12:46 PM', '22', '18'),
(276, 100, 'E20', '9:33AM', 'D1', '10:41AM', 'D1', '77, R1, R2'),
(277, 100, 'E18', '9:33AM', 'D2', '10:44AM', 'D2', 'R3'),
(278, 103, 'E21', '10:01AM', 'D1', 'PROCEED TO ', 'D1', '40, 72, R3'),
(279, 105, 'E20', '2:33PM', 'D1', '3:00PM', 'D1', '48, R1, R2'),
(280, 105, 'E18', '2:33PM', 'D2', '3:00PM', 'D2', 'R3'),
(281, 106, 'E20', '12:07PM', 'D1', '12:49PM', 'D1', '90, 91, 94, R2'),
(282, 106, 'E18', '12:07PM', 'D2', '12:45PM', 'D2', 'R3'),
(283, 107, 'E20', '8:07PM', '80', '8:34PM', '80', '30, 84, 90'),
(284, 107, 'E18', '8:07PM', 'D2', '8:39pm', 'D2', '94, R3'),
(285, 107, 'E21', '8:11PM', '87', '8:26PM', '87', '88, 92'),
(286, 108, 'E20', '12:42AM', '88', '3:23AM', '88', '45, 83, R3'),
(287, 108, 'E18', '12:45AM', 'D2', '2:35AM', '22', ''),
(288, 108, 'E19', '12:50AM', '22', '3:18AM', 'D2', ''),
(289, 108, 'E21', '12:55M', '55', '2:45AM', '55', '98'),
(290, 108, 'CC6', '1:46AM', '40', '3:18AM', '40', '30, 91'),
(291, 108, 'E14', '2:10AM', '62', '3:20AM', '62', '90, 92'),
(292, 112, 'E20', '2:58AM', '88', '3:09AM', '88', '84, 86, 90, 92'),
(293, 120, 'E18', '10:59PM', 'D2', '', 'D2', '83, R1, R3'),
(294, 120, 'E20', '11:05PM', '27', '11:48PM', '27', '86, 90, 92, 94, 95'),
(295, 120, 'E21', '11:07PM', '55', '11:35PM', '55', '80'),
(296, 120, 'E19', '11:10PM', '22', '11:30PM', '22', '42, 88'),
(297, 124, 'E18', '2:32PM', 'D2', '2:52PM', 'D2', '94, R3'),
(298, 136, 'E20', '12:55AM', '88', '4:37AM', '88', '92, 95, 96'),
(299, 136, 'E18', '12:55AM', 'D2', '4:26AM', 'D2', '87'),
(300, 136, 'E19', '1:08AM', '22', '4:04AM', '22', '0'),
(301, 136, 'E21', '1:08AM', '55', '4:30AM', '55', '48'),
(302, 136, 'E14', '1:08AM', '27', '3:35AM', '27', '0'),
(303, 136, 'E12', '2:32AM', '38', '2:39AM', '38', '82, 83, R1'),
(304, 138, 'E19', '1:08AM', '22', '4:04AM', '22', '18'),
(305, 142, 'E18', '11:19PM', 'D2', '11:25PM', 'D2', '89, 90, R1, R3'),
(306, 144, 'E20', '10:40AM', 'D1', '12:45PM', 'D1', '83, 86'),
(307, 144, 'E18', '10:45AM', 'D2', '1:01PM', 'D2', 'R3'),
(308, 145, 'E18', '6:20PM', 'D2', '7:08PM', 'D2', '90, 92'),
(309, 145, 'E20', '6:33PM', '88', '7:08PM', '88', 'R3'),
(310, 146, 'E20', '10:27AM', 'D1', '12:00PM', 'D1', '43, 27, R2'),
(311, 146, 'E18', '10:27AM', 'D2', '11:53AM', 'D2', 'R3'),
(312, 147, 'E18', '05:25PM', 'D2', '05:51PM', 'D2', '90, R3'),
(313, 147, 'E20', '05:32PM', 'D1', '05:48PM', 'D1', '92'),
(314, 148, 'E20', '06:38PM', 'D2', '06:45PM', 'D2', '90, 92'),
(315, 150, 'E20', '04:32AM', 'D2', '6:17AM', '27', '45, 86, 83'),
(316, 150, 'E14', '04:40AM', '27', '06:13AM', '62', '90'),
(317, 150, 'E21', '04:47AMA', '87', '05:40AM', '87', '0'),
(318, 150, 'E18', '05:18AM', '62', '6:17AM', 'D2', '43'),
(319, 151, 'E20', '05:28AM', '27', '06:17AM', '27', '45, 83, 86'),
(320, 151, 'E14', '05:58AM', '62', '06:17AM', '62', '90'),
(321, 153, 'E21', '3:05 PM', 'D2', '4:05 PM', 'D2', '92'),
(322, 154, 'E19', '6:20 AM', 'D2', '6:36 AM', 'D2', '85, 92, 90'),
(323, 155, 'E19', '2:35AM', 'D2', '3:10 AM', 'D2', '83, 85, 86'),
(324, 155, 'E14', '2:43 AM', '27', '2:53AM', '27', '88, 90, 92'),
(325, 156, 'E19', '6:57 PM', 'D2', '7:07 PM', 'D2', '88, 96'),
(326, 156, 'E20', '6:57 PM', '22', '7:02 PM', '22', '09, 48, 75, 85, 80, 90, 92, 94, 83, 86'),
(327, 161, 'E20', '4:33PM', 'D1', '4:52PM', 'D1', '79, 77, 83'),
(328, 161, 'E19', '4:33PM', 'D2', '4:48PM', 'D2', 'R3, R2'),
(329, 162, 'E20', '6:27PM', '80', '6;59PM', '80', '83'),
(330, 162, 'E19', '6:30PM', 'D2', '9:14PM', 'D2', ''),
(331, 162, 'E21', '6:35PM', '22', '7:49PM', '22', '88, 95'),
(332, 162, 'E18', '6:55PM', '55', '7:10PM', '55', '42,90, 92'),
(333, 163, 'E19', '10:46PM', 'D2', '11:31PM', 'D2', '83, 85, 90'),
(334, 164, 'E20', '9:22AM', 'D1', '9:43AM', 'D1', '45,83,85,R2'),
(335, 164, 'E19', '9:22AM', 'D2', '9:46AM', 'D2', '88,92,R1'),
(336, 165, 'E20', '7:53AM', 'D1', '7:57AM', 'D1', '45, 85, 83'),
(337, 165, 'E19', '7:54AM', 'D2', '7:57AM', 'D2', 'R2'),
(338, 166, 'E19', '7:30AM', 'D1', '1:40PM', 'D1', 'R3'),
(339, 167, 'E19', '2:19PM', 'D1', '4:08PM', 'D1', 'R3'),
(340, 169, 'E20', '7:02AM', 'D1', '9:36AM', 'D1', '88,85,R1'),
(341, 169, 'E19', '7:03AM', 'D2', '9:40AM', 'D2', '95,R3'),
(342, 169, 'E21', '7:09', '27', '9:37AM', '27', '95'),
(343, 173, 'E20', '3:59PM', 'D1', '7:35PM', '79', ''),
(344, 173, 'E19', '3:59PM', 'D2', '7:39PM', 'D1', ''),
(345, 173, 'E21', '4:11PM', '22', '7:43PM', '22', '48,77,83,85'),
(346, 173, 'E18', '4:41PM', 'D2', '7:12PM', 'D2', ''),
(347, 173, 'E14', '5:15PM', '27', '7:13PM', '27', ''),
(348, 173, 'CC6', '5:20PM', '55', '7:34PM', '43', '55, 92'),
(349, 173, 'CC5', '6:30PM', '43', '7:39PM', '42', '90, 87'),
(350, 174, 'E20', '6:13PM', 'D1', '7:40PM', 'D1', '85,83,90,45'),
(351, 174, 'E21', '6:17PM', 'D2', '7:26PM', 'D2', '88,95'),
(352, 174, 'E14', '6:24PM', '27', '7:26PM', '27', '92'),
(353, 175, 'E20', '1:30PM', 'D1', '1:40PM', 'D1', '85,R1,R2,R3'),
(354, 181, 'E20', '11:17AM', '62', '12:10PM', '62', '82,22'),
(355, 181, 'E19', '11:21AM', 'D2', '12:13PM', 'D2', 'R3'),
(356, 183, 'E19', '4:30PM', 'D2', '4:57PM', 'D2', '48, 30, R3'),
(357, 183, 'E20', '4:32PM', 'D1', '4:54PM', 'D1', '86, R3'),
(358, 186, 'E19', '3:59PM', 'D1', '4:45PM', 'D1', 'R3'),
(359, 186, 'E20', '3:59PM', '79', '4:45PM', '79', '48, R2'),
(360, 187, 'E19', '6:20PM', 'D2', '6:45PM', 'D2', '80, R3'),
(361, 189, 'E19', '1:07PM', 'D2', '1:23PM', 'D2', 'R3'),
(362, 189, 'E20', '1:07PM', 'D1', '1:24PM', 'D1', '85, R2'),
(363, 196, 'E19', '9:05PM', 'D2', '10:30PM', 'D2', '85,90,95'),
(364, 201, 'E18', '7:49PM', 'D2', '7:55PM', 'D2', '85, R3'),
(365, 202, 'E20', '6:36AM', 'D1', '7:38AM', 'D1', '45, 85'),
(366, 202, 'E18', '6:36AM', '63', '7:41AM', 'D2', '63, 90, R3'),
(367, 202, 'E21', '6:41AM', '27', '8:00AM', '27', ''),
(368, 202, 'E14', '6:48AM', '62', '8:00AM', '62', ''),
(369, 204, 'E20', '4:03AM', 'D1', '4:23AM', 'D1', '88,90,92,95'),
(370, 204, 'E18', '4:03AM', 'D2', '4:19AM', 'D2', 'R3,R1'),
(371, 207, 'E20', '10:23AM', 'D1', '10:39AM', 'D1', '77, R1, R2'),
(372, 207, 'E18', '10:23AM', 'D2', '10:43AM', 'D2', 'R3'),
(373, 208, 'E20', '11:44PM', 'D1', '1:23AM', 'D1', '90, 92, R1'),
(374, 208, 'E18', '11:44PM', 'D2', '1:23AM', 'D2', '94, R3'),
(375, 208, 'E21', '11:58PM', '22', '1:27AM', '22', '88'),
(376, 208, 'E14', '12:12PM', '27', '1:23AM', '27', '45'),
(377, 209, 'E18', '5:34PM', 'D2', '7:09PM', 'D2', ''),
(378, 209, 'E20', '5:40PM', 'D1', '7:25PM', 'D1', '90'),
(379, 209, 'E21', '5:40PM', '55', '7:25PM', '55', ''),
(380, 209, 'E14', '5:42PM', '27', '7:46PM', '27', '92'),
(381, 209, 'E22', '5:56PM', '22', '7:46PM', '22', '30'),
(382, 209, 'E19', '5:56PM', '35', '7:46PM', '35', '95'),
(383, 209, 'CC6', '7:17PM', '42', '7:40PM', '42', ''),
(384, 210, 'E20', '3:41PM', 'D1', '5:41PM', 'D1', '80, R2, R1'),
(385, 210, 'E18', '3:41PM', 'D2', '5:43PM', 'D2', '92'),
(386, 210, 'E19', '3:45PM', '35', '5:41PM', '35', '90'),
(387, 210, 'E14', '3:45PM', '27', '5:41PM', '27', '88, 72'),
(388, 210, 'E21', '3:53PM', '55', '5:42PM', '55', '30'),
(389, 210, 'E22', '4:02PM', '22', '5:39PM', '22', '48,96,82'),
(390, 210, 'E12', '4:11PM', '50', '5:39PM', '50', '40, 09'),
(391, 216, 'E18', '10:01PM', 'D2', '11:12PM', 'D2', '94, R3'),
(392, 216, 'E20', '10:11PM', '63', '10:58PM', '63', '82,88,90,92'),
(393, 217, 'E20', '03:14PM', 'D1', '04:01PM', 'D1', 'R1, R2'),
(394, 217, 'E18', '03:14PM', 'D2', '04:01PM', 'D2', 'R3'),
(395, 217, 'E14', '03:18PM', '27', '03:47PM', '27', '09'),
(396, 221, 'E20', '12:43PM', 'D1', '1:06PM', 'D1', '09, R3'),
(397, 221, 'E18', '12:42PM', 'D2', '1:07PM', 'D2', '85, R2, R1'),
(398, 223, 'E18', '7:18PM', 'D2', '8:04PM', 'D2', '85,30,R3'),
(399, 223, 'E20', '7:25PM', 'D1', '7:53PM', 'D1', '92,87'),
(400, 226, 'E18', '4:26AM', 'D2', '05:45AM', 'D2', '89,94,R3'),
(401, 226, 'E20', '4:27AM', '27', '04:42AM', '27', '92'),
(402, 229, 'E18', '10:43AM', 'D2', '11:06AM', 'D2', 'R3'),
(403, 229, 'E20', '10:40AM', 'D1', '11:06AM', 'D1', '62'),
(404, 229, 'E19', '10:40AM', '27', '11:05AM', '27', ''),
(405, 233, 'E20', '6:43AM', 'D1', '7:37AM', 'D1', '45,90,94,83, R1'),
(406, 233, 'E18', '6:43AM', 'D2', '7:41AM', 'D2', '85,R3'),
(407, 233, 'E19', '6:53AM', '27', '6:58AM', '27', ''),
(408, 235, 'E18', '5:05AM', 'D2', '5:28AM', 'D2', '84,89,95,R3'),
(409, 235, 'E20', '5:08AM', '27', '5:28AM', '27', '96'),
(410, 236, 'E20', '11:41PM', '27', '1:30AM', '27', '83,45,92'),
(411, 236, 'E18', '11:41PM', 'D2', '1:25AM', 'D2', 'R3'),
(412, 236, 'E19', '11:45AM', '22', '1:30AM', '22', '79, 88, 90'),
(413, 236, 'E21', '11:55PM', '55', '1:30AM', '55', '48,95'),
(414, 236, 'E14', '12:24AM', '35', '12:57AM', '35', ''),
(415, 243, 'E20', '10:46AM', 'D1', '12:02NN', 'D1', '88, R1, R2'),
(416, 243, 'E18', '10:46AM', 'D2', '12:02NN', 'D2', 'R3'),
(417, 243, 'E21', '10:51AM', '22', '11:24AM', '22', '62, 30'),
(418, 247, 'E20', '4:13AM', 'D2', '4:50AM', 'D2', '88,92,95,R1'),
(419, 247, 'E18', '4:14AM', '27', '4:43AM', '27', 'R3'),
(420, 248, 'E18', '9:54pm', 'D2', '10:37PM', 'D2', '85, 95, R3'),
(421, 248, 'E20', '10:06PM', '27', '10:21PM', '27', '92,93,90,96'),
(422, 251, 'E18', '10:12PM', 'D2', '10:40PM', 'D2', '90,92'),
(423, 251, 'E20', '10:17PM', '27', '10:40PM', '27', '88, 94, R3'),
(424, 252, 'E18', '11:51PM', 'D2', '12:03PM', 'D2', '88, 92'),
(425, 253, 'E20', '4:30AM', '27', '5:00AM', '27', '88, 83, 96'),
(426, 253, 'E18', '4:33AM', 'D2', '4:54AM', 'D2', '87'),
(427, 253, 'E19', '4:35AM', 'D1', '4:54AM', 'D1', '63'),
(428, 254, 'E18', '10:35PM', 'D2', '12:52AM', 'D2', '92, 95, 93'),
(429, 254, 'E20', '10:42PM', 'D1', '12:52AM', 'D1', '94, 90, R3, R1'),
(430, 254, 'E14', '10:59PM', '62', '11:25PM', '62', '82, 87'),
(431, 257, 'E20', '4:16PM', 'D1', '5:29PM', 'D1', 'R1,80'),
(432, 257, 'E18', '4:16PM', 'D2', '5:45PM', 'D2', 'R3'),
(433, 257, 'E19', '4:32PM', '22', '4:51PM', '22', '88'),
(434, 258, 'E18', '12:37AM', 'D1', '1:28AM', 'D1', '89, 90, R3'),
(435, 258, 'E20', '12:46AM', '27', '1:27', '27', '88'),
(436, 258, 'E21', '12:56', '55', '1:27', '55', '77'),
(437, 260, 'E20', '10:42PM', '22', '11:08PM', '22', '18, 89, 90, R1'),
(438, 265, 'E20', '10:31PM', 'D2', '10:33PM', 'D2', '88, 92, R1, R3'),
(439, 268, 'E20', '4:58PM', 'D1', '5:47PM', 'D1', '90'),
(440, 268, 'E18', '4:58PM', '27', '5:47PM', '27', '92, 92, 95'),
(441, 269, 'E20', '6:14PM', '79', '7:08PM', '79', '77'),
(442, 269, 'E21', '6:17PM', '55', '7:09PM', '55', '84'),
(443, 269, 'E18', '6:25PM', 'D2', '6:50PM', 'D2', '92,R3'),
(444, 270, 'E18', '7:48PM', 'D2', '7:58', 'D2', '86, 86, 90'),
(445, 271, 'E20', '8:36AM', 'D1', '9:12AM', 'D1', '94, 91, R2'),
(446, 271, 'E18', '8:36AM', 'D2', '9:05AM', 'D2', 'R3'),
(447, 272, 'E18', '9:39PM', 'D1', '9:55PM', 'D1', '90, R3'),
(448, 274, 'E20', '11:42AM', 'D1', '12:00NN', 'D1', '85,83'),
(449, 274, 'E19', '11:43AM', 'D2', '11:59AM', 'D2', ''),
(450, 275, 'E18', '2:17AM', '27', '3:39AM', '27', '84,91,92'),
(451, 275, 'E20', '2:26AM', '79', '3:45AM', '79', '88, 90'),
(452, 275, 'E19', '2:28AM', '22', '3:40AM', '22', '87'),
(453, 279, 'E18', '12:22PM', 'D2', '12:32PM', 'D2', 'R3,85,R2'),
(454, 281, 'E20', '5:53PM', 'D2', '6:02PM', 'D2', '92,83,R2'),
(455, 285, 'E20', '9:31AM', 'D1', '11:31AM', 'D1', '30, R1, R2'),
(456, 285, 'E18', '9:31AM', 'D2', '11:29AM', 'D2', 'R3'),
(457, 285, 'E19', '9:56AM', '22', '11:06AM', '22', '48, 94'),
(458, 285, 'E14', '9:50AM', '27', '11:02AM', '27', '88'),
(459, 285, 'CC6', '9:50AM', '85', '11:01AM', '85', '09,82'),
(460, 292, 'E20', '2:20PM', 'D1', '3:51PM', 'D1', '77, R3'),
(461, 292, 'E18', '2:21PM', '27', '3:51PM', '27', '90, 92'),
(462, 292, 'E19', '2:28PM', '22', '3:52PM', '22', '88, 95'),
(463, 292, 'E21', '2:51', '55', '3:17PM', '55', '48'),
(464, 294, 'E20', '2:57PM', 'D1', '3:50PM', 'D1', '85,R1'),
(465, 294, 'E18', '2:57PM', 'D2', '3:51PM', 'D2', 'R3'),
(466, 294, 'E14', '3:06PM', '27', '3:22PM', '27', '90'),
(467, 294, 'E19', '3:06PM', '35', '3:23PM', '35', '92'),
(468, 295, 'E20', '7:28AM', '22', '9:28AM', '22', '83,94,R1'),
(469, 295, 'E18', '7:28AM', 'D2', '9:28AM', 'D2', 'R3'),
(470, 295, 'E14', '7:32AM', '27', '9:27AM', '27', '88,90'),
(471, 295, 'E21', '7:50AM', '35', '9:28AM', '35', '85,30'),
(472, 296, 'E16', '11:14PM', 'D2', '12:46AM', 'D2', '85,92,R1'),
(473, 296, 'E20', '11:22PM', '62', '12:45AM', '62', '88'),
(474, 296, 'E14', '11:23PM', '27', '12:31AM', '27', 'R3'),
(475, 296, 'E19', '11:35PM', '22', '12:32AM', '22', '48, 82'),
(476, 296, 'E21', '11:40PM', '40', '12:20PM', '40', '09,30,94'),
(477, 297, 'E19', '7:28PM', 'D2', '9:00PM', 'D2', '85, R3'),
(478, 297, 'E20', '7:28PM', 'D1', '8:10PM', 'D1', '90, 95'),
(479, 298, 'E20', '3:30PM', 'D1', '3:31PM', 'D1', '85,R1,R2,R3'),
(480, 299, 'E19', '10:24PM', 'D2', '10:34PM', 'D2', '85,95,R3'),
(481, 300, 'E18', '8:58PM', 'D2', '9:10PM', 'D2', '80, 88'),
(482, 301, 'E20', '3:10PM', 'D1', '4:18PM', 'D1', '80,90,R1,R2'),
(483, 301, 'E18', '3:10PM', 'D2', '3:49PM', 'D2', '94,R3'),
(484, 301, 'E14', '3:22PM', '62', '3:32PM', '62', '85,86'),
(485, 302, 'E20', '11:22AM', 'D1', '11:58AM', 'D1', '83,85'),
(486, 302, 'E18', '11:32AM', 'D2', '11:50AM', 'D2', ''),
(487, 303, 'E18', '6:18PM', 'D1', '8:05PM', 'D1', ''),
(488, 303, 'E21', '6:28PM', '35', '8:05PM', '35', '95'),
(489, 303, 'E20', '6:28PM', '55', '8:18PM', '55', '85'),
(490, 303, 'E14', '6:32PM', '27', '8:02PM', '27', '89'),
(491, 303, 'E19', '7:05PM', 'D1', '7:28PM', 'D1', '92'),
(492, 303, 'E18', '7:32PM', '62', '8:18PM', '62', '82'),
(493, 303, 'CC6', '7:40PM', '43', '8:13PM', '43', 'D1'),
(494, 304, 'E20', '7:35AM', 'D2', '8:07AM', 'D2', '85, 93, R3'),
(495, 304, 'E19', '7:36AM', 'D1', '8:03', 'D1', ''),
(496, 307, 'E20', '1:07PM', 'D1', '2:32PM', '27', '92,30'),
(497, 307, 'E19', '1:07PM', '27', '2:32PM', 'D1', 'R3'),
(498, 307, 'E22', '1:15PM', '22', '2:32PM', '22', '48,85,88'),
(499, 307, 'E18', '1:15PM', '35', '2:32PM', '35', '80,83'),
(500, 307, 'E21', '1:35PM', '55', '2:32PM', '55', '79'),
(501, 308, 'E20', '2:28AM', 'D2', '3:18AM', 'D2', '91, 88'),
(502, 308, 'E18', '2:33AM', '27', '3:12AM', '27', '92'),
(503, 309, 'E20', '12:19PM', 'D2', '12:25PM', 'D2', '83,92,R3'),
(504, 310, 'E19', '7:42PM', 'D1', '8:58PM', 'D1', '91,R3'),
(505, 310, 'E20', '7:46PM', '27', '8:47', '27', '90,92'),
(506, 310, 'E21', '8:05PM', '22', '8:50PM', '22', '88,95'),
(507, 311, 'E20', '8:37AM', 'D1', '9:37AM', 'D1', '30,R2,R3'),
(508, 311, 'E19', '8:37AM', 'D2', '9:37AM', 'D2', 'R1'),
(509, 311, 'E21', '8:39AM', '55', '10:22AM', '55', ''),
(510, 311, 'E14', '9:07AM', '22', '10:22AM', '22', ''),
(511, 311, 'E18', '9:26AM', '55', '', 'D1', ''),
(512, 312, 'E18', '10:31AM', '55', '10:59AM', '55', '13'),
(513, 312, 'E22', '10:32AM', '22', '10:59', '22', '09,88,85'),
(514, 313, 'E20', '2:27PM', 'D1', '2:42PM', 'D1', '96,18,R1,R2'),
(515, 313, 'E19', '2:27PM', 'D2', '2:45PM', 'D2', 'R3'),
(516, 314, 'E20', '6:16PM', 'D1', '10:02PM', 'D1', '85,R2'),
(517, 314, 'E18', '6:16PM', 'D2', '10:04PM', 'D2', '92'),
(518, 314, 'E19', '6:28PM', '22', '10:06PM', '22', '88'),
(519, 314, 'E14', '6:36PM', '27', '8:36PM', '27', ''),
(520, 314, 'E21', '6:39PM', '55', '8:43PM', '55', '09'),
(521, 314, 'CC6', '7:08PM', '83', '10:06PM', '83', '89,30,35,90'),
(522, 315, 'E20', '4:47PM', 'D1', '5:12PM', 'D1', '88,09,R1'),
(523, 315, 'E18', '4:47PM', 'D2', '5:15PM', 'D2', 'R3'),
(524, 316, 'E18', '7:41PM', 'D2', '8:26PM', 'D2', '80,87,85'),
(525, 316, 'E20', '7:49PM', '55', '8:47PM', '55', '48,90,92'),
(526, 316, 'E21', '7:58PM', '22', '8:13PM', '22', '88,95'),
(527, 317, 'E20', '11:59PM', 'D1', '1:30PM', 'D1', '30,84,R1,R2'),
(528, 317, 'E18', '11:59PM', 'D2', '1:30PM', 'D2', 'R3'),
(529, 317, 'E21', '12:14PM', '22', '12:27PM', '22', '88,87,09'),
(530, 317, 'E19', '12:19PM', '55', '12:27PM', '55', '48'),
(531, 318, 'E21', '12:40PM', '22', '1:13PM', '22', '88,87,09'),
(532, 318, 'E19', '12:46PM', '55', '1:13PM', '55', '48'),
(533, 319, 'E20', '5:11PM', '88', '6:26PM', '88', '48,92,94'),
(534, 319, 'E19', '5:12PM', 'D1', '6:25PM', 'D1', '80,R3'),
(535, 319, 'E21', '5:12PM', '22', '6:23PM', '22', '09'),
(536, 319, 'E18', '5:17PM', '55', '6:16PM', '55', '62'),
(537, 319, 'CC6', '5:27PM', '35', '6:21PM', '35', '85,82,96'),
(538, 320, 'E20', '2:23PM', 'D1', '', '', '83,R1,R2'),
(539, 320, 'E19', '2:23PM', 'D2', '', '', 'R3'),
(540, 320, 'E21', '2:33PM', '55', '', '', ''),
(541, 320, 'E18', '2:38PM', '35', '', '', ''),
(542, 320, 'E14', '2:38PM', '62', '', '', ''),
(543, 320, 'E22', '2:38', '22', '', '', ''),
(544, 321, 'E20', '12:10NN', 'D1', '12:46NN', 'D1', '92,93,R3'),
(545, 321, 'E18', '12:10NN', 'D2', '12:34', 'D2', '94,R3'),
(546, 322, 'E21', '3:43PM', 'D1', '4:38PM', 'D1', 'R3'),
(547, 323, 'E20', '11:40PM', 'D1', '12:35AM', 'D1', '84,92,R3'),
(548, 323, 'E21', '11:46PM', '55', '12:24', '55', '90'),
(549, 323, 'E19', '11:50PM', '62', '12:32', '62', '96'),
(550, 323, 'E18', '11:50PM', '22', '12:32AM', '22', '88'),
(551, 324, 'E20', '10:24PM', 'D1', '10:36PM', 'D1', '88,83,86,92'),
(552, 324, 'E18', '10:24PM', 'D2', '10:36PM', 'D2', '95,96,R3'),
(553, 325, 'E19', '5:40PM', 'D2', '6:02PM', 'D2', '92, R3'),
(554, 325, 'E20', '5:45PM', '62', '6:02PM', '62', '27, 80'),
(555, 326, 'E20', '10:31AM', 'D1', '12:09NN', 'D1', 'R1.R2'),
(556, 326, 'E18', '10:41AM', 'D2', '12"09NN', 'D2', 'R3'),
(557, 326, 'E14', '10:50AM', '27', '12:29NN', '27', '88'),
(558, 327, 'E20', '9:37PM', '88', '2:56AM', '88', '94, 95'),
(559, 327, 'E21', '9:37PM', '55', '10:46PM', '55', ''),
(560, 327, 'E18', '9:37PM', 'D2', '2:56AM', 'D2', '90'),
(561, 327, 'E19', '9:40PM', '63', '10:44PM', '63', ''),
(562, 327, 'E22', '9:56PM', '22', '10:31PM', '22', ''),
(563, 327, 'E14', '10:03PM', '27', '10:36PM', '62', ''),
(564, 328, 'E22', '9:35AM', 'D1', '10:42AM', 'D1', '83,94,R3'),
(565, 328, 'E14', '10:29AM', '27', '10:42AM', '27', '30'),
(566, 329, 'E19', '9:40AM', 'D2', '10:59AM', 'D2', 'R1.R3.86'),
(567, 330, 'E20', '1:49AM', '88', '5:11AM', '88', '85,96,83'),
(568, 330, 'E18', '1:49AM', 'D2', '4:53AM', 'D2', '92,R3'),
(569, 330, 'E14', '2:00AM', '27', '4:42AM', '27', '90'),
(570, 330, 'E21', '2:03AM', '55', '5:10AM', '55', '79,87'),
(571, 330, 'E19', '2:03AM', '62', '4:42AM', '62', ''),
(572, 330, 'E22', '2:11AM', '22', '4:50', '22', '35'),
(573, 331, 'E20', '1:56PM', 'D1', '2:03PM', 'D1', '90,R2'),
(574, 331, 'E19', '1:56PM', 'D2', '2:03PM', 'D2', 'R3'),
(575, 332, 'E19', '4:00PM', 'D2', '4:03PM', 'D2', '90,R1'),
(576, 333, 'E20', '10:49AM', 'D1', '3:22PM', 'D1', ''),
(577, 333, 'E18', '10:49AM', 'D2', '2:51PM', 'D2', '30,82,R3,R1,CARLO'),
(578, 333, 'E21', '11:00AM', '22', '1:35PM', '22', '48, 72, 94'),
(579, 333, 'E19', '11:03AM', '62', '1:35PM', '62', '18'),
(580, 333, 'E22', '11:14AM', '35', '3:22PM', '35', '09'),
(581, 334, 'E22', '7:06AM', 'D1', '8:19AM', 'D1', '83,85,09,R1'),
(582, 334, 'E18', '7:06AM', 'D2', '8:20AM', 'D2', 'R3'),
(583, 334, 'E14', '7:11AM', '27', '8:18AM', '27', ''),
(584, 334, 'E21', '7:17AM', '55', '8:09AM', '55', '62,76'),
(585, 334, 'E19', '7:18', '62', '8:11AM', '62', ''),
(586, 334, 'CC6', '7:31AM', '35', '8:19AM', '35', '40,30,91,42,63'),
(587, 336, 'E18', '5:44AM', 'D2', '6:05AM', 'D2', '83,85,86'),
(588, 336, 'E22', '5:58AM', '22', '6:40AM', '22', '88,92,94,96,R3'),
(589, 343, 'E22', '5:12PM', 'D1', '6:29PM', 'D1', '09, 94'),
(590, 343, 'E18', '5:12PM', 'D2', '6:29PM', 'D2', '92,R3,80'),
(591, 344, 'E18', '1:53AM', 'D2', '3:22AM', 'D2', ''),
(592, 344, 'E14', '1:59AM', '27', '3:22', '27', ''),
(593, 344, 'E19', '2:08AM', '22', '2:55', '22', ''),
(594, 344, 'CC6', '2:16AM', '87', '2:57', '88', ''),
(595, 347, 'E22', '9:51AM', 'D1', '11:17AM', 'D1', '86,R1,R2'),
(596, 347, 'E18', '9:51AM', 'D2', '11:17AM', 'D2', 'R3'),
(597, 347, 'E21', '10:08AM', '22', '10:46AM', '22', '62,88,9'),
(598, 350, 'E18', '6:22PM', '27', '8:08PM', '27', '83,92,48,86'),
(599, 350, 'E22', '6:30PM', '22', '8:02', '22', '85,95,89,90,88'),
(600, 350, 'E21', '6:35PM', 'D1', '7:49PM', 'D1', '18'),
(601, 350, 'E14', '7:14PM', 'D1', '7:44PM', '62', '72');

-- --------------------------------------------------------

--
-- Table structure for table `fire_attendance`
--

DROP TABLE IF EXISTS `fire_attendance`;
CREATE TABLE IF NOT EXISTS `fire_attendance` (
  `id` bigint(20) NOT NULL AUTO_INCREMENT,
  `unit` varchar(10) NOT NULL,
  `fire_data_id` bigint(11) NOT NULL,
  `attendance_date` date NOT NULL,
  `remarks` text,
  `status` varchar(20) NOT NULL DEFAULT 'active',
  PRIMARY KEY (`id`),
  KEY `unit` (`unit`),
  KEY `attendance_date` (`attendance_date`),
  KEY `unit_2` (`unit`),
  KEY `unit_3` (`unit`,`fire_data_id`,`attendance_date`),
  KEY `fire_data_id` (`fire_data_id`)
) ENGINE=InnoDB  DEFAULT CHARSET=utf8 AUTO_INCREMENT=2058 ;

--
-- Truncate table before insert `fire_attendance`
--

TRUNCATE TABLE `fire_attendance`;
--
-- Dumping data for table `fire_attendance`
--

INSERT INTO `fire_attendance` (`id`, `unit`, `fire_data_id`, `attendance_date`, `remarks`, `status`) VALUES
(1, '09', 28, '2017-05-23', NULL, 'active'),
(2, '22', 28, '2017-05-23', NULL, 'active'),
(3, '90', 28, '2017-05-23', NULL, 'active'),
(4, '92', 28, '2017-05-23', NULL, 'active'),
(5, '94', 28, '2017-05-23', NULL, 'active'),
(6, 'R1', 28, '2017-05-23', NULL, 'active'),
(7, 'R3', 28, '2017-05-23', NULL, 'active'),
(8, 'D2', 28, '2017-05-23', NULL, 'active'),
(9, '75', 28, '2017-05-23', NULL, 'active'),
(10, '09', 30, '2017-05-21', NULL, 'active'),
(11, '13', 30, '2017-05-21', NULL, 'active'),
(12, '22', 30, '2017-05-21', NULL, 'active'),
(13, '27', 30, '2017-05-21', NULL, 'active'),
(14, '43', 30, '2017-05-21', NULL, 'active'),
(15, '55', 30, '2017-05-21', NULL, 'active'),
(16, '72', 30, '2017-05-21', NULL, 'active'),
(17, '40', 30, '2017-05-21', NULL, 'active'),
(18, '75', 30, '2017-05-21', NULL, 'active'),
(19, '83', 30, '2017-05-21', NULL, 'active'),
(20, '88', 30, '2017-05-21', NULL, 'active'),
(21, '89', 30, '2017-05-21', NULL, 'active'),
(22, '90', 30, '2017-05-21', NULL, 'active'),
(23, '95', 30, '2017-05-21', NULL, 'active'),
(24, '96', 30, '2017-05-21', NULL, 'active'),
(26, 'D1', 30, '2017-05-21', NULL, 'active'),
(27, '92', 30, '2017-05-21', NULL, 'active'),
(28, '84', 30, '2017-05-21', NULL, 'active'),
(29, '63', 31, '2017-05-21', NULL, 'active'),
(30, 'R3', 31, '2017-05-21', NULL, 'active'),
(31, '09', 31, '2017-05-21', NULL, 'active'),
(32, '13', 31, '2017-05-21', NULL, 'active'),
(33, '27', 31, '2017-05-21', NULL, 'active'),
(34, '22', 31, '2017-05-21', NULL, 'active'),
(35, '55', 31, '2017-05-21', NULL, 'active'),
(36, '88', 31, '2017-05-21', NULL, 'active'),
(37, '89', 31, '2017-05-21', NULL, 'active'),
(38, '95', 31, '2017-05-21', NULL, 'active'),
(39, '96', 31, '2017-05-21', NULL, 'active'),
(40, '72', 31, '2017-05-21', NULL, 'active'),
(41, 'D1', 31, '2017-05-21', NULL, 'active'),
(42, '92', 31, '2017-05-21', NULL, 'active'),
(43, 'R3', 30, '2017-05-21', NULL, 'active'),
(44, '88', 32, '2017-05-20', NULL, 'active'),
(45, '86', 32, '2017-05-20', NULL, 'active'),
(46, '92', 32, '2017-05-20', NULL, 'active'),
(47, 'D1', 32, '2017-05-20', NULL, 'active'),
(48, 'R2', 32, '2017-05-20', NULL, 'active'),
(49, 'R3', 32, '2017-05-20', NULL, 'active'),
(50, '29', 34, '2017-05-18', NULL, 'active'),
(51, '55', 34, '2017-05-18', NULL, 'active'),
(52, '68', 34, '2017-05-18', NULL, 'active'),
(53, '72', 34, '2017-05-18', NULL, 'active'),
(54, '75', 34, '2017-05-18', NULL, 'active'),
(55, '95', 34, '2017-05-18', NULL, 'active'),
(56, '63', 34, '2017-05-18', NULL, 'active'),
(57, 'D1', 34, '2017-05-18', NULL, 'active'),
(58, 'D2', 34, '2017-05-18', NULL, 'active'),
(59, 'R2', 34, '2017-05-18', NULL, 'active'),
(60, 'R3', 34, '2017-05-18', NULL, 'active'),
(61, '87', 36, '2017-05-15', NULL, 'active'),
(62, '72', 36, '2017-05-15', NULL, 'active'),
(63, '86', 36, '2017-05-15', NULL, 'active'),
(64, '90', 36, '2017-05-15', NULL, 'active'),
(65, '94', 36, '2017-05-15', NULL, 'active'),
(66, '96', 36, '2017-05-15', NULL, 'active'),
(67, 'D2', 36, '2017-05-15', NULL, 'active'),
(68, 'R3', 36, '2017-05-15', NULL, 'active'),
(69, '29', 37, '2017-05-15', NULL, 'active'),
(70, '72', 37, '2017-05-15', NULL, 'active'),
(71, '75', 37, '2017-05-15', NULL, 'active'),
(72, '68', 37, '2017-05-15', NULL, 'active'),
(73, 'R2', 37, '2017-05-15', NULL, 'active'),
(74, 'R3', 37, '2017-05-15', NULL, 'active'),
(75, '87', 37, '2017-05-15', NULL, 'active'),
(76, '45', 37, '2017-05-15', NULL, 'active'),
(77, '38', 40, '2017-05-04', NULL, 'active'),
(78, '83', 40, '2017-05-04', NULL, 'active'),
(79, '86', 40, '2017-05-04', NULL, 'active'),
(80, '90', 40, '2017-05-04', NULL, 'active'),
(81, 'D2', 40, '2017-05-04', NULL, 'active'),
(82, 'R3', 40, '2017-05-04', NULL, 'active'),
(83, '90', 41, '2017-05-03', NULL, 'active'),
(84, '92', 41, '2017-05-03', NULL, 'active'),
(85, 'R3', 41, '2017-05-03', NULL, 'active'),
(86, 'D2', 41, '2017-05-03', NULL, 'active'),
(87, '86', 44, '2017-05-02', NULL, 'active'),
(88, 'R1', 44, '2017-05-02', NULL, 'active'),
(89, 'R2', 44, '2017-05-02', NULL, 'active'),
(90, 'R3', 44, '2017-05-02', NULL, 'active'),
(91, 'D1', 44, '2017-05-02', NULL, 'active'),
(92, 'D2', 44, '2017-05-02', NULL, 'active'),
(93, '94', 45, '2017-05-01', NULL, 'active'),
(94, 'R1', 45, '2017-05-01', NULL, 'active'),
(95, 'R3', 45, '2017-05-01', NULL, 'active'),
(96, 'D2', 45, '2017-05-01', NULL, 'active'),
(97, '13', 51, '2017-04-20', NULL, 'active'),
(99, '75', 51, '2017-04-20', NULL, 'active'),
(100, '77', 51, '2017-04-20', NULL, 'active'),
(101, '80', 51, '2017-04-20', NULL, 'active'),
(102, 'R1', 51, '2017-04-20', NULL, 'active'),
(103, 'R2', 51, '2017-04-20', NULL, 'active'),
(104, 'R3', 51, '2017-04-20', NULL, 'active'),
(105, '09', 53, '2017-04-20', NULL, 'active'),
(106, '13', 53, '2017-04-20', NULL, 'active'),
(107, '22', 53, '2017-04-20', NULL, 'active'),
(108, '27', 53, '2017-04-20', NULL, 'active'),
(109, '40', 53, '2017-04-20', NULL, 'active'),
(110, '72', 53, '2017-04-20', NULL, 'active'),
(111, '77', 53, '2017-04-20', NULL, 'active'),
(112, '75', 53, '2017-04-20', NULL, 'active'),
(113, '83', 53, '2017-04-20', NULL, 'active'),
(114, '86', 53, '2017-04-20', NULL, 'active'),
(115, '87', 53, '2017-04-20', NULL, 'active'),
(116, '93', 53, '2017-04-20', NULL, 'active'),
(117, '95', 53, '2017-04-20', NULL, 'active'),
(118, 'D2', 53, '2017-04-20', NULL, 'active'),
(119, 'R3', 53, '2017-04-20', NULL, 'active'),
(120, '42', 51, '2017-04-20', NULL, 'active'),
(121, '22', 56, '2017-04-16', NULL, 'active'),
(122, '84', 56, '2017-04-16', NULL, 'active'),
(123, '27', 56, '2017-04-16', NULL, 'active'),
(124, '91', 56, '2017-04-16', NULL, 'active'),
(125, '92', 56, '2017-04-16', NULL, 'active'),
(126, '93', 56, '2017-04-16', NULL, 'active'),
(127, '63', 56, '2017-04-16', NULL, 'active'),
(128, '95', 56, '2017-04-16', NULL, 'active'),
(129, '88', 56, '2017-04-16', NULL, 'active'),
(130, '45', 56, '2017-04-16', NULL, 'active'),
(131, 'D2', 56, '2017-04-16', NULL, 'active'),
(132, '27', 43, '2017-05-02', NULL, 'active'),
(133, '75', 43, '2017-05-02', NULL, 'active'),
(134, '86', 43, '2017-05-02', NULL, 'active'),
(135, '90', 43, '2017-05-02', NULL, 'active'),
(136, 'R3', 43, '2017-05-02', NULL, 'active'),
(137, 'D2', 43, '2017-05-02', NULL, 'active'),
(138, '22', 46, '2017-05-01', NULL, 'active'),
(139, '45', 46, '2017-05-01', NULL, 'active'),
(140, '72', 46, '2017-05-01', NULL, 'active'),
(141, '88', 46, '2017-05-01', NULL, 'active'),
(142, '92', 46, '2017-05-01', NULL, 'active'),
(143, 'R1', 46, '2017-05-01', NULL, 'active'),
(144, 'R3', 46, '2017-05-01', NULL, 'active'),
(145, 'D1', 46, '2017-05-01', NULL, 'active'),
(146, 'D2', 46, '2017-05-01', NULL, 'active'),
(147, '27', 58, '2017-04-15', NULL, 'active'),
(148, '63', 58, '2017-04-15', NULL, 'active'),
(149, '72', 58, '2017-04-15', NULL, 'active'),
(150, '88', 58, '2017-04-15', NULL, 'active'),
(151, '90', 58, '2017-04-15', NULL, 'active'),
(152, '92', 58, '2017-04-15', NULL, 'active'),
(153, '93', 58, '2017-04-15', NULL, 'active'),
(154, 'D2', 58, '2017-04-15', NULL, 'active'),
(155, '95', 58, '2017-04-15', NULL, 'active'),
(156, '13', 59, '2017-04-14', NULL, 'active'),
(157, '22', 59, '2017-04-14', NULL, 'active'),
(158, '27', 59, '2017-04-14', NULL, 'active'),
(159, '88', 59, '2017-04-14', NULL, 'active'),
(160, '90', 59, '2017-04-14', NULL, 'active'),
(161, '92', 59, '2017-04-14', NULL, 'active'),
(162, '84', 59, '2017-04-14', NULL, 'active'),
(163, '97', 59, '2017-04-14', NULL, 'active'),
(164, '95', 59, '2017-04-14', NULL, 'active'),
(165, '91', 59, '2017-04-14', NULL, 'active'),
(166, 'D2', 59, '2017-04-14', NULL, 'active'),
(167, '83', 59, '2017-04-14', NULL, 'active'),
(168, '09', 61, '2017-04-10', NULL, 'active'),
(169, '30', 61, '2017-04-10', NULL, 'active'),
(170, '22', 61, '2017-04-10', NULL, 'active'),
(171, '27', 61, '2017-04-10', NULL, 'active'),
(172, '48', 61, '2017-04-10', NULL, 'active'),
(173, '55', 61, '2017-04-10', NULL, 'active'),
(174, '62', 61, '2017-04-10', NULL, 'active'),
(175, '68', 61, '2017-04-10', NULL, 'active'),
(176, '72', 61, '2017-04-10', NULL, 'active'),
(177, '75', 61, '2017-04-10', NULL, 'active'),
(178, '90', 61, '2017-04-10', NULL, 'active'),
(179, 'R1', 61, '2017-04-10', NULL, 'active'),
(180, 'R2', 61, '2017-04-10', NULL, 'active'),
(181, 'R3', 61, '2017-04-10', NULL, 'active'),
(182, 'D1', 61, '2017-04-10', NULL, 'active'),
(183, 'D2', 61, '2017-04-10', NULL, 'active'),
(184, '27', 63, '2017-04-05', NULL, 'active'),
(185, '63', 63, '2017-04-05', NULL, 'active'),
(186, '80', 63, '2017-04-05', NULL, 'active'),
(187, '75', 63, '2017-04-05', NULL, 'active'),
(188, '90', 63, '2017-04-05', NULL, 'active'),
(189, '92', 63, '2017-04-05', NULL, 'active'),
(190, 'R3', 63, '2017-04-05', NULL, 'active'),
(191, 'D2', 63, '2017-04-05', NULL, 'active'),
(192, 'R1', 63, '2017-04-05', NULL, 'active'),
(193, '75', 66, '2017-04-04', NULL, 'active'),
(194, '91', 66, '2017-04-04', NULL, 'active'),
(195, 'R1', 66, '2017-04-04', NULL, 'active'),
(196, 'R2', 66, '2017-04-04', NULL, 'active'),
(197, 'R3', 66, '2017-04-04', NULL, 'active'),
(198, 'D1', 66, '2017-04-04', NULL, 'active'),
(199, 'D2', 66, '2017-04-04', NULL, 'active'),
(200, '27', 67, '2017-04-03', NULL, 'active'),
(201, '80', 67, '2017-04-03', NULL, 'active'),
(202, '86', 67, '2017-04-03', NULL, 'active'),
(203, '90', 67, '2017-04-03', NULL, 'active'),
(204, '92', 67, '2017-04-03', NULL, 'active'),
(205, '94', 67, '2017-04-03', NULL, 'active'),
(206, '75', 67, '2017-04-03', NULL, 'active'),
(207, 'D2', 67, '2017-04-03', NULL, 'active'),
(208, 'R3', 67, '2017-04-03', NULL, 'active'),
(209, '09', 74, '2017-03-26', NULL, 'active'),
(210, '22', 74, '2017-03-26', NULL, 'active'),
(211, '30', 74, '2017-03-26', NULL, 'active'),
(212, '38', 74, '2017-03-26', NULL, 'active'),
(213, '40', 74, '2017-03-26', NULL, 'active'),
(214, '72', 74, '2017-03-26', NULL, 'active'),
(215, '84', 74, '2017-03-26', NULL, 'active'),
(216, '87', 74, '2017-03-26', NULL, 'active'),
(217, '88', 74, '2017-03-26', NULL, 'active'),
(218, '90', 74, '2017-03-26', NULL, 'active'),
(219, '92', 74, '2017-03-26', NULL, 'active'),
(220, '94', 74, '2017-03-26', NULL, 'active'),
(221, '95', 74, '2017-03-26', NULL, 'active'),
(222, 'R3', 74, '2017-03-26', NULL, 'active'),
(223, 'D2', 74, '2017-03-26', NULL, 'active'),
(224, '90', 78, '2017-03-22', NULL, 'active'),
(225, '68', 78, '2017-03-22', NULL, 'active'),
(226, 'R1', 78, '2017-03-22', NULL, 'active'),
(227, 'R3', 78, '2017-03-22', NULL, 'active'),
(228, 'D2', 78, '2017-03-22', NULL, 'active'),
(229, '94', 83, '2017-03-13', NULL, 'active'),
(230, '09', 83, '2017-03-13', NULL, 'active'),
(231, '22', 83, '2017-03-13', NULL, 'active'),
(232, '83', 83, '2017-03-13', NULL, 'active'),
(233, '86', 83, '2017-03-13', NULL, 'active'),
(234, '98', 83, '2017-03-13', NULL, 'active'),
(235, '90', 83, '2017-03-13', NULL, 'active'),
(236, '72', 83, '2017-03-13', NULL, 'active'),
(237, 'D2', 83, '2017-03-13', NULL, 'active'),
(238, '27', 83, '2017-03-13', NULL, 'active'),
(239, '45', 83, '2017-03-13', NULL, 'active'),
(240, '09', 88, '2016-11-01', NULL, 'active'),
(241, '63', 88, '2016-11-01', NULL, 'active'),
(242, '90', 88, '2016-11-01', NULL, 'active'),
(243, '92', 88, '2016-11-01', NULL, 'active'),
(244, '95', 88, '2016-11-01', NULL, 'active'),
(245, 'D2', 88, '2016-11-01', NULL, 'active'),
(253, '27', 90, '2016-11-04', NULL, 'active'),
(254, '48', 90, '2016-11-04', NULL, 'active'),
(255, '83', 90, '2016-11-04', NULL, 'active'),
(256, '90', 90, '2016-11-04', NULL, 'active'),
(257, '92', 90, '2016-11-04', NULL, 'active'),
(258, 'R3', 90, '2016-11-04', NULL, 'active'),
(259, 'R1', 90, '2016-11-04', NULL, 'active'),
(260, '09', 91, '2016-11-04', NULL, 'active'),
(261, '22', 91, '2016-11-04', NULL, 'active'),
(262, '30', 91, '2016-11-04', NULL, 'active'),
(263, '43', 91, '2016-11-04', NULL, 'active'),
(264, '75', 91, '2016-11-04', NULL, 'active'),
(265, '80', 91, '2016-11-04', NULL, 'active'),
(266, '27', 91, '2016-11-04', NULL, 'active'),
(267, '62', 91, '2016-11-04', NULL, 'active'),
(268, '87', 91, '2016-11-04', NULL, 'active'),
(269, '88', 91, '2016-11-04', NULL, 'active'),
(270, '90', 91, '2016-11-04', NULL, 'active'),
(271, '91', 91, '2016-11-04', NULL, 'active'),
(272, '93', 91, '2016-11-04', NULL, 'active'),
(273, '94', 91, '2016-11-04', NULL, 'active'),
(274, '95', 91, '2016-11-04', NULL, 'active'),
(275, '97', 91, '2016-11-04', NULL, 'active'),
(276, '98', 91, '2016-11-04', NULL, 'active'),
(277, '72', 91, '2016-11-04', NULL, 'active'),
(278, '89', 91, '2016-11-04', NULL, 'active'),
(279, '92', 91, '2016-11-04', NULL, 'active'),
(280, '79', 92, '2016-11-05', NULL, 'active'),
(281, '75', 92, '2016-11-05', NULL, 'active'),
(282, 'R1', 92, '2016-11-05', NULL, 'active'),
(283, 'D1', 92, '2016-11-05', NULL, 'active'),
(284, 'R3', 92, '2016-11-05', NULL, 'active'),
(285, '83', 95, '2016-11-10', NULL, 'active'),
(286, '88', 95, '2016-11-10', NULL, 'active'),
(287, '90', 95, '2016-11-10', NULL, 'active'),
(288, '92', 95, '2016-11-10', NULL, 'active'),
(289, 'D2', 95, '2016-11-10', NULL, 'active'),
(290, 'R3', 95, '2016-11-10', NULL, 'active'),
(291, '97', 95, '2016-11-10', NULL, 'active'),
(292, '27', 96, '2016-11-10', NULL, 'active'),
(293, '83', 96, '2016-11-10', NULL, 'active'),
(294, '94', 96, '2016-11-10', NULL, 'active'),
(295, '95', 96, '2016-11-10', NULL, 'active'),
(296, 'R2', 96, '2016-11-10', NULL, 'active'),
(297, 'R3', 96, '2016-11-10', NULL, 'active'),
(298, 'D1', 96, '2016-11-10', NULL, 'active'),
(299, 'D2', 96, '2016-11-10', NULL, 'active'),
(300, '94', 98, '2016-11-15', NULL, 'active'),
(301, 'R2', 98, '2016-11-15', NULL, 'active'),
(302, 'R3', 98, '2016-11-15', NULL, 'active'),
(303, 'D1', 98, '2016-11-15', NULL, 'active'),
(304, 'D2', 98, '2016-11-15', NULL, 'active'),
(305, '18', 99, '2016-11-21', NULL, 'active'),
(306, '22', 99, '2016-11-21', NULL, 'active'),
(307, '29', 99, '2016-11-21', NULL, 'active'),
(308, '48', 99, '2016-11-21', NULL, 'active'),
(309, '62', 99, '2016-11-21', NULL, 'active'),
(310, '63', 99, '2016-11-21', NULL, 'active'),
(311, '68', 99, '2016-11-21', NULL, 'active'),
(312, '72', 99, '2016-11-21', NULL, 'active'),
(313, '75', 99, '2016-11-21', NULL, 'active'),
(314, '83', 99, '2016-11-21', NULL, 'active'),
(315, '87', 99, '2016-11-21', NULL, 'active'),
(316, '94', 99, '2016-11-21', NULL, 'active'),
(317, 'R3', 99, '2016-11-21', NULL, 'active'),
(318, '18', 100, '2017-03-03', NULL, 'active'),
(319, '72', 100, '2017-03-03', NULL, 'active'),
(320, '77', 100, '2017-03-03', NULL, 'active'),
(321, '80', 100, '2017-03-03', NULL, 'active'),
(322, 'R1', 100, '2017-03-03', NULL, 'active'),
(323, 'R2', 100, '2017-03-03', NULL, 'active'),
(324, 'D1', 100, '2017-03-03', NULL, 'active'),
(325, 'D2', 100, '2017-03-03', NULL, 'active'),
(326, 'R3', 100, '2017-03-03', NULL, 'active'),
(327, '40', 103, '2017-03-01', NULL, 'active'),
(328, '72', 103, '2017-03-01', NULL, 'active'),
(329, 'D1', 103, '2017-03-01', NULL, 'active'),
(330, 'R3', 103, '2017-03-01', NULL, 'active'),
(332, '48', 105, '2017-02-23', NULL, 'active'),
(333, 'R1', 105, '2017-02-23', NULL, 'active'),
(334, 'R2', 105, '2017-02-23', NULL, 'active'),
(335, 'R3', 105, '2017-02-23', NULL, 'active'),
(336, 'D1', 105, '2017-02-23', NULL, 'active'),
(337, 'D2', 105, '2017-02-23', NULL, 'active'),
(338, '75', 105, '2017-02-23', NULL, 'active'),
(339, '22', 106, '2017-02-21', NULL, 'active'),
(340, '48', 106, '2017-02-21', NULL, 'active'),
(341, '55', 106, '2017-02-21', NULL, 'active'),
(342, '72', 106, '2017-02-21', NULL, 'active'),
(343, '75', 106, '2017-02-21', NULL, 'active'),
(344, '90', 106, '2017-02-21', NULL, 'active'),
(345, '91', 106, '2017-02-21', NULL, 'active'),
(346, '94', 106, '2017-02-21', NULL, 'active'),
(347, 'R3', 106, '2017-02-21', NULL, 'active'),
(348, 'R2', 106, '2017-02-21', NULL, 'active'),
(349, 'D1', 106, '2017-02-21', NULL, 'active'),
(350, 'D2', 106, '2017-02-21', NULL, 'active'),
(351, '30', 107, '2017-02-20', NULL, 'active'),
(352, '80', 107, '2017-02-20', NULL, 'active'),
(353, '84', 107, '2017-02-20', NULL, 'active'),
(354, '88', 107, '2017-02-20', NULL, 'active'),
(355, '90', 107, '2017-02-20', NULL, 'active'),
(356, '92', 107, '2017-02-20', NULL, 'active'),
(357, '94', 107, '2017-02-20', NULL, 'active'),
(358, 'D2', 107, '2017-02-20', NULL, 'active'),
(359, 'R2', 107, '2017-02-20', NULL, 'active'),
(360, '72', 107, '2017-02-20', NULL, 'active'),
(361, '75', 107, '2017-02-20', NULL, 'active'),
(362, '77', 107, '2017-02-20', NULL, 'active'),
(363, '87', 107, '2017-02-20', NULL, 'active'),
(364, '09', 108, '2017-02-20', NULL, 'active'),
(365, '22', 108, '2017-02-20', NULL, 'active'),
(366, '30', 108, '2017-02-20', NULL, 'active'),
(367, '40', 108, '2017-02-20', NULL, 'active'),
(368, '45', 108, '2017-02-20', NULL, 'active'),
(369, '55', 108, '2017-02-20', NULL, 'active'),
(370, '63', 108, '2017-02-20', NULL, 'active'),
(371, '62', 108, '2017-02-20', NULL, 'active'),
(372, '68', 108, '2017-02-20', NULL, 'active'),
(373, '83', 108, '2017-02-20', NULL, 'active'),
(374, '87', 108, '2017-02-20', NULL, 'active'),
(375, '90', 108, '2017-02-20', NULL, 'active'),
(376, '91', 108, '2017-02-20', NULL, 'active'),
(377, '92', 108, '2017-02-20', NULL, 'active'),
(378, '94', 108, '2017-02-20', NULL, 'active'),
(379, '98', 108, '2017-02-20', NULL, 'active'),
(380, '88', 108, '2017-02-20', NULL, 'active'),
(381, 'R3', 108, '2017-02-20', NULL, 'active'),
(382, 'D2', 108, '2017-02-20', NULL, 'active'),
(383, '75', 108, '2017-02-20', NULL, 'active'),
(384, '86', 108, '2017-02-20', NULL, 'active'),
(385, '84', 112, '2017-02-11', NULL, 'active'),
(386, '86', 112, '2017-02-11', NULL, 'active'),
(387, '88', 112, '2017-02-11', NULL, 'active'),
(388, '90', 112, '2017-02-11', NULL, 'active'),
(389, '92', 112, '2017-02-11', NULL, 'active'),
(390, '94', 112, '2017-02-11', NULL, 'active'),
(391, '09', 120, '2017-01-30', NULL, 'active'),
(392, '42', 120, '2017-01-30', NULL, 'active'),
(393, '63', 120, '2017-01-30', NULL, 'active'),
(394, '68', 120, '2017-01-30', NULL, 'active'),
(395, '72', 120, '2017-01-30', NULL, 'active'),
(396, '75', 120, '2017-01-30', NULL, 'active'),
(397, '80', 120, '2017-01-30', NULL, 'active'),
(398, '83', 120, '2017-01-30', NULL, 'active'),
(399, '87', 120, '2017-01-30', NULL, 'active'),
(400, '86', 120, '2017-01-30', NULL, 'active'),
(401, '88', 120, '2017-01-30', NULL, 'active'),
(402, '90', 120, '2017-01-30', NULL, 'active'),
(403, '92', 120, '2017-01-30', NULL, 'active'),
(404, '94', 120, '2017-01-30', NULL, 'active'),
(405, '95', 120, '2017-01-30', NULL, 'active'),
(406, '96', 120, '2017-01-30', NULL, 'active'),
(407, 'D2', 120, '2017-01-30', NULL, 'active'),
(408, '27', 120, '2017-01-30', NULL, 'active'),
(409, '55', 120, '2017-01-30', NULL, 'active'),
(410, '22', 120, '2017-01-30', NULL, 'active'),
(411, 'R3', 120, '2017-01-30', NULL, 'active'),
(412, 'R1', 120, '2017-01-30', NULL, 'active'),
(413, '94', 124, '2017-01-27', NULL, 'active'),
(414, 'D2', 124, '2017-01-27', NULL, 'active'),
(415, 'R3', 124, '2017-01-27', NULL, 'active'),
(416, '09', 136, '2017-01-01', NULL, 'active'),
(417, '22', 136, '2017-01-01', NULL, 'active'),
(418, '27', 136, '2017-01-01', NULL, 'active'),
(419, '30', 136, '2017-01-01', NULL, 'active'),
(420, '48', 136, '2017-01-01', NULL, 'active'),
(421, '50', 136, '2017-01-01', NULL, 'active'),
(422, '55', 136, '2017-01-01', NULL, 'active'),
(423, '82', 136, '2017-01-01', NULL, 'active'),
(424, '83', 136, '2017-01-01', NULL, 'active'),
(425, '87', 136, '2017-01-01', NULL, 'active'),
(426, '88', 136, '2017-01-01', NULL, 'active'),
(427, '91', 136, '2017-01-01', NULL, 'active'),
(428, '92', 136, '2017-01-01', NULL, 'active'),
(429, '95', 136, '2017-01-01', NULL, 'active'),
(430, '38', 136, '2017-01-01', NULL, 'active'),
(431, '93', 136, '2017-01-01', NULL, 'active'),
(432, '96', 136, '2017-01-01', NULL, 'active'),
(433, '86', 136, '2017-01-01', NULL, 'active'),
(434, 'R1', 136, '2017-01-01', NULL, 'active'),
(435, 'D2', 136, '2017-01-01', NULL, 'active'),
(436, '18', 138, '2017-01-01', NULL, 'active'),
(437, '22', 138, '2017-01-01', NULL, 'active'),
(438, '75', 138, '2017-01-01', NULL, 'active'),
(439, '72', 138, '2017-01-01', NULL, 'active'),
(440, 'R1', 138, '2017-01-01', NULL, 'active'),
(441, '09', 138, '2017-01-01', NULL, 'active'),
(442, '89', 142, '2017-06-01', NULL, 'active'),
(443, '90', 142, '2017-06-01', NULL, 'active'),
(444, '75', 142, '2017-06-01', NULL, 'active'),
(445, 'R1', 142, '2017-06-01', NULL, 'active'),
(446, 'R3', 142, '2017-06-01', NULL, 'active'),
(447, '83', 142, '2017-06-01', NULL, 'active'),
(448, 'D2', 142, '2017-06-01', NULL, 'active'),
(449, '40', 144, '2017-06-02', NULL, 'active'),
(450, '43', 144, '2017-06-02', NULL, 'active'),
(451, '72', 144, '2017-06-02', NULL, 'active'),
(452, '75', 144, '2017-06-02', NULL, 'active'),
(453, '83', 144, '2017-06-02', NULL, 'active'),
(454, '86', 144, '2017-06-02', NULL, 'active'),
(455, 'D2', 144, '2017-06-02', NULL, 'active'),
(456, 'D1', 144, '2017-06-02', NULL, 'active'),
(457, 'R3', 144, '2017-06-02', NULL, 'active'),
(458, 'R2', 144, '2017-06-02', NULL, 'active'),
(459, '55', 145, '2017-06-02', NULL, 'active'),
(460, '75', 145, '2017-06-02', NULL, 'active'),
(461, '86', 145, '2017-06-02', NULL, 'active'),
(462, '88', 145, '2017-06-02', NULL, 'active'),
(463, '90', 145, '2017-06-02', NULL, 'active'),
(464, '92', 145, '2017-06-02', NULL, 'active'),
(465, 'D2', 145, '2017-06-02', NULL, 'active'),
(466, 'R3', 145, '2017-06-02', NULL, 'active'),
(467, '09', 146, '2017-06-05', NULL, 'active'),
(468, '27', 146, '2017-06-05', NULL, 'active'),
(469, '43', 146, '2017-06-05', NULL, 'active'),
(470, '63', 146, '2017-06-05', NULL, 'active'),
(471, '68', 146, '2017-06-05', NULL, 'active'),
(472, '72', 146, '2017-06-05', NULL, 'active'),
(473, 'R2', 146, '2017-06-05', NULL, 'active'),
(474, 'R3', 146, '2017-06-05', NULL, 'active'),
(475, 'D1', 146, '2017-06-05', NULL, 'active'),
(476, 'D2', 146, '2017-06-05', NULL, 'active'),
(477, '75', 147, '2017-06-05', NULL, 'active'),
(478, '90', 147, '2017-06-05', NULL, 'active'),
(479, '30', 147, '2017-06-05', NULL, 'active'),
(480, '92', 147, '2017-06-05', NULL, 'active'),
(481, 'D1', 147, '2017-06-05', NULL, 'active'),
(482, 'D2', 147, '2017-06-05', NULL, 'active'),
(483, 'R3', 147, '2017-06-05', NULL, 'active'),
(484, '90', 148, '2017-06-05', NULL, 'active'),
(485, '92', 148, '2017-06-05', NULL, 'active'),
(486, 'D2', 148, '2017-06-05', NULL, 'active'),
(487, '29', 150, '2017-06-12', NULL, 'active'),
(488, '30', 150, '2017-06-12', NULL, 'active'),
(489, '43', 150, '2017-06-12', NULL, 'active'),
(490, '45', 150, '2017-06-12', NULL, 'active'),
(491, '62', 150, '2017-06-12', NULL, 'active'),
(492, '63', 150, '2017-06-12', NULL, 'active'),
(493, '72', 150, '2017-06-12', NULL, 'active'),
(494, '87', 150, '2017-06-12', NULL, 'active'),
(495, '83', 150, '2017-06-12', NULL, 'active'),
(496, '86', 150, '2017-06-12', NULL, 'active'),
(497, '90', 150, '2017-06-12', NULL, 'active'),
(498, '89', 150, '2017-06-12', NULL, 'active'),
(499, '91', 150, '2017-06-12', NULL, 'active'),
(500, '13', 150, '2017-06-12', NULL, 'active'),
(501, '27', 150, '2017-06-12', NULL, 'active'),
(502, 'D2', 150, '2017-06-12', NULL, 'active'),
(503, '94', 150, '2017-06-12', NULL, 'active'),
(504, '09', 151, '2017-06-12', NULL, 'active'),
(505, '27', 151, '2017-06-12', NULL, 'active'),
(506, '45', 151, '2017-06-12', NULL, 'active'),
(507, '83', 151, '2017-06-12', NULL, 'active'),
(508, '86', 151, '2017-06-12', NULL, 'active'),
(509, '62', 151, '2017-06-12', NULL, 'active'),
(510, '90', 151, '2017-06-12', NULL, 'active'),
(511, '72', 151, '2017-06-12', NULL, 'active'),
(512, '75', 151, '2017-06-12', NULL, 'active'),
(513, '63', 151, '2017-06-12', NULL, 'active'),
(514, '29', 151, '2017-06-12', NULL, 'active'),
(515, '13', 151, '2017-06-12', NULL, 'active'),
(516, '89', 151, '2017-06-12', NULL, 'active'),
(517, '30', 151, '2017-06-12', NULL, 'active'),
(518, '91', 151, '2017-06-12', NULL, 'active'),
(519, '94', 151, '2017-06-12', NULL, 'active'),
(520, '43', 151, '2017-06-12', NULL, 'active'),
(521, '87', 151, '2017-06-12', NULL, 'active'),
(522, '92', 153, '2016-04-24', NULL, 'active'),
(523, '83', 153, '2016-04-24', NULL, 'active'),
(524, 'D2', 153, '2016-04-24', NULL, 'active'),
(525, '79', 154, '2016-04-26', NULL, 'active'),
(526, '83', 154, '2016-04-26', NULL, 'active'),
(527, '85', 154, '2016-04-26', NULL, 'active'),
(528, '92', 154, '2016-04-26', NULL, 'active'),
(529, '45', 154, '2016-04-26', NULL, 'active'),
(530, 'R1', 154, '2016-04-26', NULL, 'active'),
(531, 'D2', 154, '2016-04-26', NULL, 'active'),
(532, '90', 154, '2016-04-26', NULL, 'active'),
(533, '27', 155, '2016-04-28', NULL, 'active'),
(534, '83', 155, '2016-04-28', NULL, 'active'),
(535, '45', 155, '2016-04-28', NULL, 'active'),
(536, '85', 155, '2016-04-28', NULL, 'active'),
(537, '86', 155, '2016-04-28', NULL, 'active'),
(538, '88', 155, '2016-04-28', NULL, 'active'),
(539, '90', 155, '2016-04-28', NULL, 'active'),
(540, '92', 155, '2016-04-28', NULL, 'active'),
(541, '94', 155, '2016-04-28', NULL, 'active'),
(542, '97', 155, '2016-04-28', NULL, 'active'),
(543, '63', 155, '2016-04-28', NULL, 'active'),
(544, '87', 155, '2016-04-28', NULL, 'active'),
(545, '72', 155, '2016-04-28', NULL, 'active'),
(546, '22', 155, '2016-04-28', NULL, 'active'),
(547, '48', 156, '2016-04-28', NULL, 'active'),
(548, '09', 156, '2016-04-28', NULL, 'active'),
(549, '22', 156, '2016-04-28', NULL, 'active'),
(550, '75', 156, '2016-04-28', NULL, 'active'),
(551, '80', 156, '2016-04-28', NULL, 'active'),
(552, '83', 156, '2016-04-28', NULL, 'active'),
(553, '85', 156, '2016-04-28', NULL, 'active'),
(554, '86', 156, '2016-04-28', NULL, 'active'),
(555, '88', 156, '2016-04-28', NULL, 'active'),
(556, '90', 156, '2016-04-28', NULL, 'active'),
(557, '94', 156, '2016-04-28', NULL, 'active'),
(558, '96', 156, '2016-04-28', NULL, 'active'),
(559, '43', 156, '2016-04-28', NULL, 'active'),
(560, '56', 156, '2016-04-28', NULL, 'active'),
(561, '45', 156, '2016-04-28', NULL, 'active'),
(562, '63', 156, '2016-04-28', NULL, 'active'),
(563, '92', 156, '2016-04-28', NULL, 'active'),
(564, '35', 161, '2015-04-09', NULL, 'active'),
(565, '48', 161, '2015-04-09', NULL, 'active'),
(566, '75', 161, '2015-04-09', NULL, 'active'),
(567, '77', 161, '2015-04-09', NULL, 'active'),
(568, '79', 161, '2015-04-09', NULL, 'active'),
(569, '80', 161, '2015-04-09', NULL, 'active'),
(570, '83', 161, '2015-04-09', NULL, 'active'),
(571, '92', 161, '2015-04-09', NULL, 'active'),
(572, 'D1', 161, '2015-04-09', NULL, 'active'),
(573, 'D2', 161, '2015-04-09', NULL, 'active'),
(574, 'R3', 161, '2015-04-09', NULL, 'active'),
(575, 'R2', 161, '2015-04-09', NULL, 'active'),
(576, '09', 162, '2015-04-10', NULL, 'active'),
(577, '42', 162, '2015-04-10', NULL, 'active'),
(578, '22', 162, '2015-04-10', NULL, 'active'),
(579, '55', 162, '2015-04-10', NULL, 'active'),
(580, '72', 162, '2015-04-10', NULL, 'active'),
(581, '80', 162, '2015-04-10', NULL, 'active'),
(582, '83', 162, '2015-04-10', NULL, 'active'),
(583, '85', 162, '2015-04-10', NULL, 'active'),
(584, '88', 162, '2015-04-10', NULL, 'active'),
(585, '90', 162, '2015-04-10', NULL, 'active'),
(586, '92', 162, '2015-04-10', NULL, 'active'),
(587, '95', 162, '2015-04-10', NULL, 'active'),
(588, '96', 162, '2015-04-10', NULL, 'active'),
(589, '40', 162, '2015-04-10', NULL, 'active'),
(590, 'D2', 162, '2015-04-10', NULL, 'active'),
(591, 'R3', 162, '2015-04-10', NULL, 'active'),
(592, '40', 163, '2015-04-11', NULL, 'active'),
(593, '83', 163, '2015-04-11', NULL, 'active'),
(594, '85', 163, '2015-04-11', NULL, 'active'),
(595, '90', 163, '2015-04-11', NULL, 'active'),
(596, 'D2', 163, '2015-04-11', NULL, 'active'),
(597, '45', 163, '2015-04-11', NULL, 'active'),
(598, '63', 163, '2015-04-11', NULL, 'active'),
(599, '89', 163, '2015-04-11', NULL, 'active'),
(600, '93', 163, '2015-04-11', NULL, 'active'),
(601, '95', 163, '2015-04-11', NULL, 'active'),
(602, '45', 164, '2015-04-18', NULL, 'active'),
(603, '83', 164, '2015-04-18', NULL, 'active'),
(604, '85', 164, '2015-04-18', NULL, 'active'),
(605, '88', 164, '2015-04-18', NULL, 'active'),
(606, '92', 164, '2015-04-18', NULL, 'active'),
(607, 'R1', 164, '2015-04-18', NULL, 'active'),
(608, 'R2', 164, '2015-04-18', NULL, 'active'),
(609, 'D1', 164, '2015-04-18', NULL, 'active'),
(610, 'D2', 164, '2015-04-18', NULL, 'active'),
(611, '75', 164, '2015-04-18', NULL, 'active'),
(612, '93', 164, '2015-04-18', NULL, 'active'),
(613, '45', 165, '2015-04-20', NULL, 'active'),
(614, '83', 165, '2015-04-20', NULL, 'active'),
(615, '85', 165, '2015-04-20', NULL, 'active'),
(616, 'R2', 165, '2015-04-20', NULL, 'active'),
(617, 'D1', 165, '2015-04-20', NULL, 'active'),
(618, 'D2', 165, '2015-04-20', NULL, 'active'),
(619, '90', 165, '2015-04-20', NULL, 'active'),
(620, '80', 165, '2015-04-20', NULL, 'active'),
(621, '92', 165, '2015-04-20', NULL, 'active'),
(622, '95', 165, '2015-04-20', NULL, 'active'),
(623, 'D1', 166, '2015-04-24', NULL, 'active'),
(624, 'R3', 166, '2015-04-24', NULL, 'active'),
(625, 'D1', 167, '2015-04-24', NULL, 'active'),
(626, 'R3', 167, '2015-04-24', NULL, 'active'),
(627, '68', 169, '2015-04-25', NULL, 'active'),
(628, '09', 169, '2015-04-25', NULL, 'active'),
(629, '48', 169, '2015-04-25', NULL, 'active'),
(630, '30', 169, '2015-04-25', NULL, 'active'),
(631, '40', 169, '2015-04-25', NULL, 'active'),
(632, '75', 169, '2015-04-25', NULL, 'active'),
(633, '72', 169, '2015-04-25', NULL, 'active'),
(634, '84', 169, '2015-04-25', NULL, 'active'),
(635, '91', 169, '2015-04-25', NULL, 'active'),
(636, '18', 169, '2015-04-25', NULL, 'active'),
(637, '85', 169, '2015-04-25', NULL, 'active'),
(638, '88', 169, '2015-04-25', NULL, 'active'),
(639, '95', 169, '2015-04-25', NULL, 'active'),
(640, 'D1', 169, '2015-04-25', NULL, 'active'),
(641, 'D2', 169, '2015-04-25', NULL, 'active'),
(642, 'R1', 169, '2015-04-25', NULL, 'active'),
(643, 'R3', 169, '2015-04-25', NULL, 'active'),
(644, '94', 169, '2015-04-25', NULL, 'active'),
(645, '27', 169, '2015-04-25', NULL, 'active'),
(646, '45', 169, '2015-04-25', NULL, 'active'),
(647, '13', 171, '2015-04-29', NULL, 'active'),
(648, '85', 171, '2015-04-29', NULL, 'active'),
(649, '90', 171, '2015-04-29', NULL, 'active'),
(650, '92', 171, '2015-04-29', NULL, 'active'),
(651, '18', 173, '2015-05-06', NULL, 'active'),
(652, '22', 173, '2015-05-06', NULL, 'active'),
(653, '27', 173, '2015-05-06', NULL, 'active'),
(654, '29', 173, '2015-05-06', NULL, 'active'),
(655, '30', 173, '2015-05-06', NULL, 'active'),
(656, '40', 173, '2015-05-06', NULL, 'active'),
(657, '42', 173, '2015-05-06', NULL, 'active'),
(658, '43', 173, '2015-05-06', NULL, 'active'),
(659, '48', 173, '2015-05-06', NULL, 'active'),
(660, '50', 173, '2015-05-06', NULL, 'active'),
(661, '55', 173, '2015-05-06', NULL, 'active'),
(662, '63', 173, '2015-05-06', NULL, 'active'),
(663, '64', 173, '2015-05-06', NULL, 'active'),
(664, '68', 173, '2015-05-06', NULL, 'active'),
(665, '72', 173, '2015-05-06', NULL, 'active'),
(666, '75', 173, '2015-05-06', NULL, 'active'),
(667, '77', 173, '2015-05-06', NULL, 'active'),
(668, '79', 173, '2015-05-06', NULL, 'active'),
(669, '83', 173, '2015-05-06', NULL, 'active'),
(670, '85', 173, '2015-05-06', NULL, 'active'),
(671, '87', 173, '2015-05-06', NULL, 'active'),
(672, '88', 173, '2015-05-06', NULL, 'active'),
(673, '90', 173, '2015-05-06', NULL, 'active'),
(674, '92', 173, '2015-05-06', NULL, 'active'),
(675, '95', 173, '2015-05-06', NULL, 'active'),
(676, '96', 173, '2015-05-06', NULL, 'active'),
(677, 'D1', 173, '2015-05-06', NULL, 'active'),
(678, 'D2', 173, '2015-05-06', NULL, 'active'),
(679, 'R1', 173, '2015-05-06', NULL, 'active'),
(680, 'R3', 173, '2015-05-06', NULL, 'active'),
(681, 'R2', 173, '2015-05-06', NULL, 'active'),
(682, '27', 174, '2015-05-09', NULL, 'active'),
(683, '45', 174, '2015-05-09', NULL, 'active'),
(684, '63', 174, '2015-05-09', NULL, 'active'),
(685, '68', 174, '2015-05-09', NULL, 'active'),
(686, '72', 174, '2015-05-09', NULL, 'active'),
(687, '75', 174, '2015-05-09', NULL, 'active'),
(688, '83', 174, '2015-05-09', NULL, 'active'),
(689, '85', 174, '2015-05-09', NULL, 'active'),
(690, '87', 174, '2015-05-09', NULL, 'active'),
(691, '88', 174, '2015-05-09', NULL, 'active'),
(692, '90', 174, '2015-05-09', NULL, 'active'),
(693, '92', 174, '2015-05-09', NULL, 'active'),
(694, '95', 174, '2015-05-09', NULL, 'active'),
(695, 'D1', 174, '2015-05-09', NULL, 'active'),
(696, 'D2', 174, '2015-05-09', NULL, 'active'),
(697, '09', 174, '2015-05-09', NULL, 'active'),
(698, '55', 174, '2015-05-09', NULL, 'active'),
(699, '22', 174, '2015-05-09', NULL, 'active'),
(700, '94', 174, '2015-05-09', NULL, 'active'),
(701, '85', 175, '2015-05-09', NULL, 'active'),
(702, 'D1', 175, '2015-05-09', NULL, 'active'),
(703, 'R1', 175, '2015-05-09', NULL, 'active'),
(704, 'R2', 175, '2015-05-09', NULL, 'active'),
(705, 'R3', 175, '2015-05-09', NULL, 'active'),
(706, '90', 175, '2015-05-09', NULL, 'active'),
(707, '95', 175, '2015-05-09', NULL, 'active'),
(708, '72', 175, '2015-05-09', NULL, 'active'),
(709, '75', 175, '2015-05-09', NULL, 'active'),
(710, '22', 180, '2015-05-15', NULL, 'active'),
(711, '27', 180, '2015-05-15', NULL, 'active'),
(712, '63', 180, '2015-05-15', NULL, 'active'),
(713, '75', 180, '2015-05-15', NULL, 'active'),
(714, '96', 180, '2015-05-15', NULL, 'active'),
(715, '95', 180, '2015-05-15', NULL, 'active'),
(716, '94', 180, '2015-05-15', NULL, 'active'),
(717, '45', 181, '2015-05-19', NULL, 'active'),
(718, '62', 181, '2015-05-19', NULL, 'active'),
(719, '72', 181, '2015-05-19', NULL, 'active'),
(720, '75', 181, '2015-05-19', NULL, 'active'),
(721, '77', 181, '2015-05-19', NULL, 'active'),
(722, '82', 181, '2015-05-19', NULL, 'active'),
(723, '96', 181, '2015-05-19', NULL, 'active'),
(724, 'D2', 181, '2015-05-19', NULL, 'active'),
(725, 'R3', 181, '2015-05-19', NULL, 'active'),
(726, 'R2', 181, '2015-05-19', NULL, 'active'),
(727, '22', 181, '2015-05-19', NULL, 'active'),
(728, '48', 181, '2015-05-19', NULL, 'active'),
(729, '30', 181, '2015-05-19', NULL, 'active'),
(730, '64', 181, '2015-05-19', NULL, 'active'),
(731, '80', 181, '2015-05-19', NULL, 'active'),
(732, '86', 181, '2015-05-19', NULL, 'active'),
(733, '09', 181, '2015-05-19', NULL, 'active'),
(734, '50', 181, '2015-05-19', NULL, 'active'),
(735, '09', 183, '2015-05-20', NULL, 'active'),
(736, '29', 183, '2015-05-20', NULL, 'active'),
(737, '30', 183, '2015-05-20', NULL, 'active'),
(738, '48', 183, '2015-05-20', NULL, 'active'),
(739, '43', 183, '2015-05-20', NULL, 'active'),
(740, '68', 183, '2015-05-20', NULL, 'active'),
(741, '72', 183, '2015-05-20', NULL, 'active'),
(742, '75', 183, '2015-05-20', NULL, 'active'),
(743, '86', 183, '2015-05-20', NULL, 'active'),
(744, 'D1', 183, '2015-05-20', NULL, 'active'),
(745, 'D2', 183, '2015-05-20', NULL, 'active'),
(746, 'R2', 183, '2015-05-20', NULL, 'active'),
(747, 'R3', 183, '2015-05-20', NULL, 'active'),
(748, '62', 183, '2015-05-20', NULL, 'active'),
(749, '22', 183, '2015-05-20', NULL, 'active'),
(750, '88', 183, '2015-05-20', NULL, 'active'),
(751, '43', 184, '2015-05-21', NULL, 'active'),
(752, '86', 184, '2015-05-21', NULL, 'active'),
(753, '84', 184, '2015-05-21', NULL, 'active'),
(754, '75', 185, '2015-05-22', NULL, 'active'),
(755, '40', 185, '2015-05-22', NULL, 'active'),
(756, '43', 185, '2015-05-22', NULL, 'active'),
(757, '80', 185, '2015-05-22', NULL, 'active'),
(758, '22', 185, '2015-05-22', NULL, 'active'),
(759, '88', 185, '2015-05-22', NULL, 'active'),
(760, '72', 185, '2015-05-22', NULL, 'active'),
(761, '90', 185, '2015-05-22', NULL, 'active'),
(762, '96', 185, '2015-05-22', NULL, 'active'),
(763, '79', 186, '2015-05-23', NULL, 'active'),
(764, '48', 186, '2015-05-23', NULL, 'active'),
(765, 'R2', 186, '2015-05-23', NULL, 'active'),
(766, 'R3', 186, '2015-05-23', NULL, 'active'),
(767, '82', 186, '2015-05-23', NULL, 'active'),
(768, '72', 186, '2015-05-23', NULL, 'active'),
(769, '80', 186, '2015-05-23', NULL, 'active'),
(770, '87', 186, '2015-05-23', NULL, 'active'),
(771, 'D1', 186, '2015-05-23', NULL, 'active'),
(772, '80', 187, '2015-05-24', NULL, 'active'),
(773, 'R3', 187, '2015-05-24', NULL, 'active'),
(774, 'D2', 187, '2015-05-24', NULL, 'active'),
(775, '75', 187, '2015-05-24', NULL, 'active'),
(776, '22', 187, '2015-05-24', NULL, 'active'),
(777, '88', 187, '2015-05-24', NULL, 'active'),
(778, '94', 187, '2015-05-24', NULL, 'active'),
(779, '87', 187, '2015-05-24', NULL, 'active'),
(780, '92', 187, '2015-05-24', NULL, 'active'),
(781, '80', 189, '2015-05-29', NULL, 'active'),
(782, '85', 189, '2015-05-29', NULL, 'active'),
(783, 'R2', 189, '2015-05-29', NULL, 'active'),
(784, 'R3', 189, '2015-05-29', NULL, 'active'),
(785, 'D1', 189, '2015-05-29', NULL, 'active'),
(786, 'D2', 189, '2015-05-29', NULL, 'active'),
(787, '75', 189, '2015-05-29', NULL, 'active'),
(788, '85', 195, '2015-06-03', NULL, 'active'),
(789, '85', 196, '2015-06-04', NULL, 'active'),
(790, '90', 196, '2015-06-04', NULL, 'active'),
(791, '93', 196, '2015-06-04', NULL, 'active'),
(792, '95', 196, '2015-06-04', NULL, 'active'),
(793, 'D2', 196, '2015-06-04', NULL, 'active'),
(794, '92', 196, '2015-06-04', NULL, 'active'),
(795, '09', 196, '2015-06-04', NULL, 'active'),
(796, '48', 196, '2015-06-04', NULL, 'active'),
(797, '55', 196, '2015-06-04', NULL, 'active'),
(798, '89', 196, '2015-06-04', NULL, 'active'),
(799, '92', 197, '2015-06-05', NULL, 'active'),
(800, '85', 201, '2015-06-09', NULL, 'active'),
(801, 'D2', 201, '2015-06-09', NULL, 'active'),
(802, 'R3', 201, '2015-06-09', NULL, 'active'),
(803, '29', 201, '2015-06-09', NULL, 'active'),
(804, '22', 201, '2015-06-09', NULL, 'active'),
(805, '92', 201, '2015-06-09', NULL, 'active'),
(806, '27', 201, '2015-06-09', NULL, 'active'),
(807, '87', 201, '2015-06-09', NULL, 'active'),
(808, '09', 202, '2015-06-12', NULL, 'active'),
(809, '22', 202, '2015-06-12', NULL, 'active'),
(810, '27', 202, '2015-06-12', NULL, 'active'),
(811, '45', 202, '2015-06-12', NULL, 'active'),
(812, '62', 202, '2015-06-12', NULL, 'active'),
(813, '63', 202, '2015-06-12', NULL, 'active'),
(814, '68', 202, '2015-06-12', NULL, 'active'),
(815, '72', 202, '2015-06-12', NULL, 'active'),
(816, '75', 202, '2015-06-12', NULL, 'active'),
(817, '80', 202, '2015-06-12', NULL, 'active'),
(818, '83', 202, '2015-06-12', NULL, 'active'),
(819, '85', 202, '2015-06-12', NULL, 'active'),
(820, '88', 202, '2015-06-12', NULL, 'active'),
(821, '90', 202, '2015-06-12', NULL, 'active'),
(822, '94', 202, '2015-06-12', NULL, 'active'),
(823, '30', 202, '2015-06-12', NULL, 'active'),
(824, '91', 202, '2015-06-12', NULL, 'active'),
(825, 'D1', 202, '2015-06-12', NULL, 'active'),
(826, 'D2', 202, '2015-06-12', NULL, 'active'),
(827, '42', 202, '2015-06-12', NULL, 'active'),
(828, '87', 202, '2015-06-12', NULL, 'active'),
(829, '56', 202, '2015-06-12', NULL, 'active'),
(830, '35', 202, '2015-06-12', NULL, 'active'),
(831, '95', 202, '2015-06-12', NULL, 'active'),
(832, '92', 202, '2015-06-12', NULL, 'active'),
(833, '88', 204, '2015-06-17', NULL, 'active'),
(834, '90', 204, '2015-06-17', NULL, 'active'),
(835, '92', 204, '2015-06-17', NULL, 'active'),
(836, '95', 204, '2015-06-17', NULL, 'active'),
(837, 'R3', 204, '2015-06-17', NULL, 'active'),
(838, 'R1', 204, '2015-06-17', NULL, 'active'),
(839, 'D1', 204, '2015-06-17', NULL, 'active'),
(840, 'D2', 204, '2015-06-17', NULL, 'active'),
(841, '45', 204, '2015-06-17', NULL, 'active'),
(842, '93', 204, '2015-06-17', NULL, 'active'),
(843, '92', 205, '2015-06-18', NULL, 'active'),
(844, '29', 207, '2015-06-25', NULL, 'active'),
(845, '77', 207, '2015-06-25', NULL, 'active'),
(846, '75', 207, '2015-06-25', NULL, 'active'),
(847, 'D1', 207, '2015-06-25', NULL, 'active'),
(848, 'D2', 207, '2015-06-25', NULL, 'active'),
(849, 'R2', 207, '2015-06-25', NULL, 'active'),
(850, 'R1', 207, '2015-06-25', NULL, 'active'),
(851, 'R3', 207, '2015-06-25', NULL, 'active'),
(852, '42', 207, '2015-06-25', NULL, 'active'),
(853, '72', 207, '2015-06-25', NULL, 'active'),
(854, '87', 207, '2015-06-25', NULL, 'active'),
(855, '55', 207, '2015-06-25', NULL, 'active'),
(856, '22', 208, '2015-06-25', NULL, 'active'),
(857, '27', 208, '2015-06-25', NULL, 'active'),
(858, '29', 208, '2015-06-25', NULL, 'active'),
(859, '45', 208, '2015-06-25', NULL, 'active'),
(860, '72', 208, '2015-06-25', NULL, 'active'),
(861, '88', 208, '2015-06-25', NULL, 'active'),
(862, '90', 208, '2015-06-25', NULL, 'active'),
(863, '92', 208, '2015-06-25', NULL, 'active'),
(864, '94', 208, '2015-06-25', NULL, 'active'),
(865, '40', 208, '2015-06-25', NULL, 'active'),
(866, 'D1', 208, '2015-06-25', NULL, 'active'),
(867, 'D2', 208, '2015-06-25', NULL, 'active'),
(868, 'R1', 208, '2015-06-25', NULL, 'active'),
(869, 'R3', 208, '2015-06-25', NULL, 'active'),
(870, '89', 208, '2015-06-25', NULL, 'active'),
(871, '22', 209, '2015-06-26', NULL, 'active'),
(872, '27', 209, '2015-06-26', NULL, 'active'),
(873, '30', 209, '2015-06-26', NULL, 'active'),
(874, '35', 209, '2015-06-26', NULL, 'active'),
(875, '42', 209, '2015-06-26', NULL, 'active'),
(876, '55', 209, '2015-06-26', NULL, 'active'),
(877, '68', 209, '2015-06-26', NULL, 'active'),
(878, '72', 209, '2015-06-26', NULL, 'active'),
(879, '80', 209, '2015-06-26', NULL, 'active'),
(880, '82', 209, '2015-06-26', NULL, 'active'),
(881, '87', 209, '2015-06-26', NULL, 'active'),
(882, '90', 209, '2015-06-26', NULL, 'active'),
(883, '92', 209, '2015-06-26', NULL, 'active'),
(884, '88', 209, '2015-06-26', NULL, 'active'),
(885, '95', 209, '2015-06-26', NULL, 'active'),
(886, '94', 209, '2015-06-26', NULL, 'active'),
(887, 'D1', 209, '2015-06-26', NULL, 'active'),
(888, 'D2', 209, '2015-06-26', NULL, 'active'),
(889, 'R2', 209, '2015-06-26', NULL, 'active'),
(890, 'R3', 209, '2015-06-26', NULL, 'active'),
(891, '48', 209, '2015-06-26', NULL, 'active'),
(892, '40', 209, '2015-06-26', NULL, 'active'),
(893, '79', 209, '2015-06-26', NULL, 'active'),
(894, '09', 210, '2015-06-27', NULL, 'active'),
(895, '22', 210, '2015-06-27', NULL, 'active'),
(896, '27', 210, '2015-06-27', NULL, 'active'),
(897, '30', 210, '2015-06-27', NULL, 'active'),
(898, '35', 210, '2015-06-27', NULL, 'active'),
(899, '38', 210, '2015-06-27', NULL, 'active'),
(900, '40', 210, '2015-06-27', NULL, 'active'),
(901, '48', 210, '2015-06-27', NULL, 'active'),
(902, '50', 210, '2015-06-27', NULL, 'active'),
(903, '55', 210, '2015-06-27', NULL, 'active'),
(904, '68', 210, '2015-06-27', NULL, 'active'),
(905, '70', 210, '2015-06-27', NULL, 'active'),
(906, '72', 210, '2015-06-27', NULL, 'active'),
(907, '80', 210, '2015-06-27', NULL, 'active'),
(908, '82', 210, '2015-06-27', NULL, 'active'),
(909, '87', 210, '2015-06-27', NULL, 'active'),
(910, '88', 210, '2015-06-27', NULL, 'active'),
(911, '90', 210, '2015-06-27', NULL, 'active'),
(912, '92', 210, '2015-06-27', NULL, 'active'),
(913, '96', 210, '2015-06-27', NULL, 'active'),
(914, 'D1', 210, '2015-06-27', NULL, 'active'),
(915, 'D2', 210, '2015-06-27', NULL, 'active'),
(916, 'R2', 210, '2015-06-27', NULL, 'active'),
(917, 'R1', 210, '2015-06-27', NULL, 'active'),
(918, 'R3', 210, '2015-06-27', NULL, 'active'),
(919, '56', 210, '2015-06-27', NULL, 'active'),
(920, '63', 210, '2015-06-27', NULL, 'active'),
(921, '68', 212, '2015-06-30', NULL, 'active'),
(922, '75', 212, '2015-06-30', NULL, 'active'),
(923, '22', 212, '2015-06-30', NULL, 'active'),
(924, '80', 212, '2015-06-30', NULL, 'active'),
(925, '88', 213, '2015-06-30', NULL, 'active'),
(926, '30', 213, '2015-06-30', NULL, 'active'),
(927, '94', 213, '2015-06-30', NULL, 'active'),
(928, '40', 216, '2015-07-01', NULL, 'active'),
(929, '63', 216, '2015-07-01', NULL, 'active'),
(930, '68', 216, '2015-07-01', NULL, 'active'),
(931, '72', 216, '2015-07-01', NULL, 'active'),
(932, '75', 216, '2015-07-01', NULL, 'active'),
(933, '82', 216, '2015-07-01', NULL, 'active'),
(934, '09', 217, '2017-06-16', NULL, 'active'),
(935, '88', 216, '2015-07-01', NULL, 'active'),
(936, '90', 216, '2015-07-01', NULL, 'active'),
(937, '92', 216, '2015-07-01', NULL, 'active'),
(938, '27', 217, '2017-06-16', NULL, 'active'),
(939, '94', 216, '2015-07-01', NULL, 'active'),
(940, 'D2', 216, '2015-07-01', NULL, 'active'),
(941, '29', 217, '2017-06-16', NULL, 'active'),
(942, 'R3', 216, '2015-07-01', NULL, 'active'),
(943, '75', 217, '2017-06-16', NULL, 'active'),
(944, '43', 216, '2015-07-01', NULL, 'active'),
(945, 'D1', 217, '2017-06-16', NULL, 'active'),
(946, '79', 216, '2015-07-01', NULL, 'active'),
(947, 'D2', 217, '2017-06-16', NULL, 'active'),
(948, '87', 216, '2015-07-01', NULL, 'active'),
(949, 'D1', 216, '2015-07-01', NULL, 'active'),
(950, 'R1', 217, '2017-06-16', NULL, 'active'),
(951, 'R2', 217, '2017-06-16', NULL, 'active'),
(952, '85', 216, '2015-07-01', NULL, 'active'),
(953, 'R3', 217, '2017-06-16', NULL, 'active'),
(954, '97', 217, '2017-06-16', NULL, 'active'),
(955, '48', 217, '2017-06-16', NULL, 'active'),
(956, '72', 217, '2017-06-16', NULL, 'active'),
(957, '22', 217, '2017-06-16', NULL, 'active'),
(958, '55', 217, '2017-06-16', NULL, 'active'),
(959, '80', 217, '2017-06-16', NULL, 'active'),
(960, '43', 217, '2017-06-16', NULL, 'active'),
(961, '87', 217, '2017-06-16', NULL, 'active'),
(962, '63', 217, '2017-06-16', NULL, 'active'),
(963, '90', 218, '2015-07-02', NULL, 'active'),
(964, '09', 221, '2015-07-07', NULL, 'active'),
(965, '85', 221, '2015-07-07', NULL, 'active'),
(966, 'D1', 221, '2015-07-07', NULL, 'active'),
(967, 'D2', 221, '2015-07-07', NULL, 'active'),
(968, 'R3', 221, '2015-07-07', NULL, 'active'),
(969, 'R1', 221, '2015-07-07', NULL, 'active'),
(970, 'R2', 221, '2015-07-07', NULL, 'active'),
(971, '75', 221, '2015-07-07', NULL, 'active'),
(972, '72', 221, '2015-07-07', NULL, 'active'),
(973, '30', 223, '2015-07-07', NULL, 'active'),
(974, '72', 223, '2015-07-07', NULL, 'active'),
(975, '75', 223, '2015-07-07', NULL, 'active'),
(976, '95', 223, '2015-07-07', NULL, 'active'),
(977, '87', 223, '2015-07-07', NULL, 'active'),
(978, '92', 223, '2015-07-07', NULL, 'active'),
(979, 'D1', 223, '2015-07-07', NULL, 'active'),
(980, 'D2', 223, '2015-07-07', NULL, 'active'),
(981, 'R3', 223, '2015-07-07', NULL, 'active'),
(982, '85', 223, '2015-07-07', NULL, 'active'),
(983, '22', 223, '2015-07-07', NULL, 'active'),
(984, '27', 223, '2015-07-07', NULL, 'active'),
(985, '62', 223, '2015-07-07', NULL, 'active'),
(986, '63', 223, '2015-07-07', NULL, 'active'),
(987, '88', 223, '2015-07-07', NULL, 'active'),
(988, '55', 223, '2015-07-07', NULL, 'active'),
(989, '75', 225, '2015-07-14', NULL, 'active'),
(990, '35', 225, '2015-07-14', NULL, 'active'),
(991, '27', 226, '2015-07-17', NULL, 'active'),
(992, '89', 226, '2015-07-17', NULL, 'active'),
(993, '92', 226, '2015-07-17', NULL, 'active'),
(994, '94', 226, '2015-07-17', NULL, 'active'),
(995, 'R3', 226, '2015-07-17', NULL, 'active'),
(996, 'D2', 226, '2015-07-17', NULL, 'active'),
(997, '72', 226, '2015-07-17', NULL, 'active'),
(998, '75', 226, '2015-07-17', NULL, 'active'),
(999, '22', 226, '2015-07-17', NULL, 'active'),
(1000, '63', 226, '2015-07-17', NULL, 'active'),
(1001, '90', 226, '2015-07-17', NULL, 'active'),
(1002, '88', 226, '2015-07-17', NULL, 'active'),
(1003, '77', 226, '2015-07-17', NULL, 'active'),
(1004, '85', 226, '2015-07-17', NULL, 'active'),
(1005, '86', 226, '2015-07-17', NULL, 'active'),
(1006, '83', 226, '2015-07-17', NULL, 'active'),
(1007, '70', 229, '2015-07-21', NULL, 'active'),
(1008, '75', 229, '2015-07-21', NULL, 'active'),
(1009, '62', 229, '2015-07-21', NULL, 'active'),
(1010, '27', 229, '2015-07-21', NULL, 'active'),
(1011, 'D1', 229, '2015-07-21', NULL, 'active'),
(1012, 'D2', 229, '2015-07-21', NULL, 'active'),
(1013, 'R3', 229, '2015-07-21', NULL, 'active'),
(1014, '48', 229, '2015-07-21', NULL, 'active'),
(1015, '72', 229, '2015-07-21', NULL, 'active'),
(1016, '85', 229, '2015-07-21', NULL, 'active'),
(1017, '22', 229, '2015-07-21', NULL, 'active'),
(1018, '79', 229, '2015-07-21', NULL, 'active'),
(1019, '75', 232, '2015-07-27', NULL, 'active'),
(1020, '55', 232, '2015-07-27', NULL, 'active'),
(1021, '43', 232, '2015-07-27', NULL, 'active'),
(1022, '27', 233, '2015-07-28', NULL, 'active'),
(1023, '45', 233, '2015-07-28', NULL, 'active'),
(1024, '83', 233, '2015-07-28', NULL, 'active'),
(1025, '85', 233, '2015-07-28', NULL, 'active'),
(1026, '90', 233, '2015-07-28', NULL, 'active'),
(1027, '94', 233, '2015-07-28', NULL, 'active'),
(1028, '75', 233, '2015-07-28', NULL, 'active'),
(1029, '68', 233, '2015-07-28', NULL, 'active'),
(1030, 'R1', 233, '2015-07-28', NULL, 'active'),
(1031, 'R3', 233, '2015-07-28', NULL, 'active'),
(1032, '22', 233, '2015-07-28', NULL, 'active'),
(1033, '55', 233, '2015-07-28', NULL, 'active'),
(1034, '88', 233, '2015-07-28', NULL, 'active'),
(1035, '92', 233, '2015-07-28', NULL, 'active'),
(1036, 'D1', 233, '2015-07-28', NULL, 'active'),
(1037, 'D2', 233, '2015-07-28', NULL, 'active'),
(1038, '27', 235, '2015-08-02', NULL, 'active'),
(1039, '72', 235, '2015-08-02', NULL, 'active'),
(1040, '84', 235, '2015-08-02', NULL, 'active'),
(1041, '89', 235, '2015-08-02', NULL, 'active'),
(1042, '95', 235, '2015-08-02', NULL, 'active'),
(1043, '96', 235, '2015-08-02', NULL, 'active'),
(1044, 'R3', 235, '2015-08-02', NULL, 'active'),
(1045, '92', 235, '2015-08-02', NULL, 'active'),
(1046, '55', 235, '2015-08-02', NULL, 'active'),
(1047, '63', 235, '2015-08-02', NULL, 'active'),
(1048, '22', 235, '2015-08-02', NULL, 'active'),
(1049, '88', 235, '2015-08-02', NULL, 'active'),
(1050, '91', 235, '2015-08-02', NULL, 'active'),
(1051, 'D2', 235, '2015-08-02', NULL, 'active'),
(1052, '22', 236, '2015-08-02', NULL, 'active'),
(1053, '27', 236, '2015-08-02', NULL, 'active'),
(1054, '35', 236, '2015-08-02', NULL, 'active'),
(1055, '45', 236, '2015-08-02', NULL, 'active'),
(1056, '48', 236, '2015-08-02', NULL, 'active'),
(1057, '55', 236, '2015-08-02', NULL, 'active'),
(1058, '63', 236, '2015-08-02', NULL, 'active'),
(1059, '68', 236, '2015-08-02', NULL, 'active'),
(1060, '72', 236, '2015-08-02', NULL, 'active'),
(1061, '77', 236, '2015-08-02', NULL, 'active'),
(1062, '79', 236, '2015-08-02', NULL, 'active'),
(1063, '83', 236, '2015-08-02', NULL, 'active'),
(1064, '88', 236, '2015-08-02', NULL, 'active'),
(1065, '90', 236, '2015-08-02', NULL, 'active'),
(1066, '92', 236, '2015-08-02', NULL, 'active'),
(1067, '95', 236, '2015-08-02', NULL, 'active'),
(1068, 'D2', 236, '2015-08-02', NULL, 'active'),
(1069, 'R3', 236, '2015-08-02', NULL, 'active'),
(1070, '84', 236, '2015-08-02', NULL, 'active'),
(1071, '27', 247, '2015-09-05', NULL, 'active'),
(1072, '72', 247, '2015-09-05', NULL, 'active'),
(1073, '75', 247, '2015-09-05', NULL, 'active'),
(1074, '87', 247, '2015-09-05', NULL, 'active'),
(1075, '88', 247, '2015-09-05', NULL, 'active'),
(1076, '92', 247, '2015-09-05', NULL, 'active'),
(1077, '95', 247, '2015-09-05', NULL, 'active'),
(1078, 'R1', 247, '2015-09-05', NULL, 'active'),
(1079, 'R3', 247, '2015-09-05', NULL, 'active'),
(1080, 'D2', 247, '2015-09-05', NULL, 'active'),
(1081, '22', 247, '2015-09-05', NULL, 'active'),
(1082, '90', 247, '2015-09-05', NULL, 'active'),
(1083, '83', 247, '2015-09-05', NULL, 'active'),
(1084, '09', 248, '2015-09-08', NULL, 'active'),
(1085, '22', 248, '2015-09-08', NULL, 'active'),
(1086, '27', 248, '2015-09-08', NULL, 'active'),
(1087, '29', 248, '2015-09-08', NULL, 'active'),
(1088, '40', 248, '2015-09-08', NULL, 'active'),
(1089, '62', 248, '2015-09-08', NULL, 'active'),
(1090, '72', 248, '2015-09-08', NULL, 'active'),
(1091, '75', 248, '2015-09-08', NULL, 'active'),
(1092, '79', 248, '2015-09-08', NULL, 'active'),
(1093, '82', 248, '2015-09-08', NULL, 'active'),
(1094, '85', 248, '2015-09-08', NULL, 'active'),
(1095, '88', 248, '2015-09-08', NULL, 'active'),
(1096, '87', 248, '2015-09-08', NULL, 'active'),
(1097, '89', 248, '2015-09-08', NULL, 'active'),
(1098, '90', 248, '2015-09-08', NULL, 'active'),
(1099, '92', 248, '2015-09-08', NULL, 'active'),
(1100, '93', 248, '2015-09-08', NULL, 'active'),
(1101, '95', 248, '2015-09-08', NULL, 'active');
INSERT INTO `fire_attendance` (`id`, `unit`, `fire_data_id`, `attendance_date`, `remarks`, `status`) VALUES
(1102, '96', 248, '2015-09-08', NULL, 'active'),
(1103, 'D2', 248, '2015-09-08', NULL, 'active'),
(1104, 'R3', 248, '2015-09-08', NULL, 'active'),
(1105, '94', 248, '2015-09-08', NULL, 'active'),
(1106, '83', 249, '2015-09-09', NULL, 'active'),
(1107, '85', 249, '2015-09-09', NULL, 'active'),
(1108, '88', 249, '2015-09-09', NULL, 'active'),
(1109, '89', 249, '2015-09-09', NULL, 'active'),
(1110, '93', 249, '2015-09-09', NULL, 'active'),
(1111, '95', 249, '2015-09-09', NULL, 'active'),
(1112, '96', 249, '2015-09-09', NULL, 'active'),
(1113, '94', 249, '2015-09-09', NULL, 'active'),
(1114, 'D2', 251, '2015-09-09', NULL, 'active'),
(1115, '27', 251, '2015-09-09', NULL, 'active'),
(1116, '72', 251, '2015-09-09', NULL, 'active'),
(1117, '80', 251, '2015-09-09', NULL, 'active'),
(1118, '88', 251, '2015-09-09', NULL, 'active'),
(1119, '90', 251, '2015-09-09', NULL, 'active'),
(1120, '92', 251, '2015-09-09', NULL, 'active'),
(1121, '94', 251, '2015-09-09', NULL, 'active'),
(1122, '96', 251, '2015-09-09', NULL, 'active'),
(1123, 'R3', 251, '2015-09-09', NULL, 'active'),
(1124, '22', 251, '2015-09-09', NULL, 'active'),
(1125, '55', 251, '2015-09-09', NULL, 'active'),
(1126, '62', 251, '2015-09-09', NULL, 'active'),
(1127, '63', 251, '2015-09-09', NULL, 'active'),
(1128, '95', 251, '2015-09-09', NULL, 'active'),
(1129, '83', 251, '2015-09-09', NULL, 'active'),
(1130, '97', 251, '2015-09-09', NULL, 'active'),
(1131, '98', 251, '2015-09-09', NULL, 'active'),
(1132, 'D2', 252, '2015-09-11', NULL, 'active'),
(1133, '88', 252, '2015-09-11', NULL, 'active'),
(1134, '92', 252, '2015-09-11', NULL, 'active'),
(1135, '22', 252, '2015-09-11', NULL, 'active'),
(1136, '72', 252, '2015-09-11', NULL, 'active'),
(1137, '75', 252, '2015-09-11', NULL, 'active'),
(1138, '80', 252, '2015-09-11', NULL, 'active'),
(1139, '87', 252, '2015-09-11', NULL, 'active'),
(1140, '90', 252, '2015-09-11', NULL, 'active'),
(1141, '94', 252, '2015-09-11', NULL, 'active'),
(1142, '95', 252, '2015-09-11', NULL, 'active'),
(1143, '63', 252, '2015-09-11', NULL, 'active'),
(1144, '40', 252, '2015-09-11', NULL, 'active'),
(1145, '27', 252, '2015-09-11', NULL, 'active'),
(1146, '96', 252, '2015-09-11', NULL, 'active'),
(1147, '09', 253, '2015-09-12', NULL, 'active'),
(1148, '22', 253, '2015-09-12', NULL, 'active'),
(1149, '27', 253, '2015-09-12', NULL, 'active'),
(1150, '55', 253, '2015-09-12', NULL, 'active'),
(1151, '63', 253, '2015-09-12', NULL, 'active'),
(1152, '68', 253, '2015-09-12', NULL, 'active'),
(1153, '72', 253, '2015-09-12', NULL, 'active'),
(1154, '83', 253, '2015-09-12', NULL, 'active'),
(1155, '88', 253, '2015-09-12', NULL, 'active'),
(1156, '90', 253, '2015-09-12', NULL, 'active'),
(1157, '95', 253, '2015-09-12', NULL, 'active'),
(1158, '96', 253, '2015-09-12', NULL, 'active'),
(1159, 'D1', 253, '2015-09-12', NULL, 'active'),
(1160, 'D2', 253, '2015-09-12', NULL, 'active'),
(1161, '92', 253, '2015-09-12', NULL, 'active'),
(1162, '87', 253, '2015-09-12', NULL, 'active'),
(1163, '62', 254, '2015-09-18', NULL, 'active'),
(1164, '82', 254, '2015-09-18', NULL, 'active'),
(1165, '87', 254, '2015-09-18', NULL, 'active'),
(1166, '92', 254, '2015-09-18', NULL, 'active'),
(1167, '93', 254, '2015-09-18', NULL, 'active'),
(1168, '94', 254, '2015-09-18', NULL, 'active'),
(1169, '95', 254, '2015-09-18', NULL, 'active'),
(1170, 'D1', 254, '2015-09-18', NULL, 'active'),
(1171, 'D2', 254, '2015-09-18', NULL, 'active'),
(1172, 'R3', 254, '2015-09-18', NULL, 'active'),
(1173, 'R1', 254, '2015-09-18', NULL, 'active'),
(1174, '40', 254, '2015-09-18', NULL, 'active'),
(1175, '72', 254, '2015-09-18', NULL, 'active'),
(1176, '75', 254, '2015-09-18', NULL, 'active'),
(1177, '22', 254, '2015-09-18', NULL, 'active'),
(1178, '55', 254, '2015-09-18', NULL, 'active'),
(1179, '80', 254, '2015-09-18', NULL, 'active'),
(1180, '89', 254, '2015-09-18', NULL, 'active'),
(1181, '88', 254, '2015-09-18', NULL, 'active'),
(1182, '90', 254, '2015-09-18', NULL, 'active'),
(1183, '80', 257, '2015-10-02', NULL, 'active'),
(1184, '22', 257, '2015-10-02', NULL, 'active'),
(1185, '88', 257, '2015-10-02', NULL, 'active'),
(1186, '75', 257, '2015-10-02', NULL, 'active'),
(1187, '27', 257, '2015-10-02', NULL, 'active'),
(1188, '40', 257, '2015-10-02', NULL, 'active'),
(1189, 'D1', 257, '2015-10-02', NULL, 'active'),
(1190, 'D2', 257, '2015-10-02', NULL, 'active'),
(1191, 'R1', 257, '2015-10-02', NULL, 'active'),
(1192, 'R3', 257, '2015-10-02', NULL, 'active'),
(1193, '72', 257, '2015-10-02', NULL, 'active'),
(1194, '82', 257, '2015-10-02', NULL, 'active'),
(1195, '83', 257, '2015-10-02', NULL, 'active'),
(1196, '42', 257, '2015-10-02', NULL, 'active'),
(1197, '48', 257, '2015-10-02', NULL, 'active'),
(1198, '27', 258, '2015-10-04', NULL, 'active'),
(1199, '55', 258, '2015-10-04', NULL, 'active'),
(1200, '63', 258, '2015-10-04', NULL, 'active'),
(1201, '68', 258, '2015-10-04', NULL, 'active'),
(1202, '72', 258, '2015-10-04', NULL, 'active'),
(1203, '75', 258, '2015-10-04', NULL, 'active'),
(1204, '77', 258, '2015-10-04', NULL, 'active'),
(1205, '83', 258, '2015-10-04', NULL, 'active'),
(1206, '87', 258, '2015-10-04', NULL, 'active'),
(1207, '88', 258, '2015-10-04', NULL, 'active'),
(1208, '89', 258, '2015-10-04', NULL, 'active'),
(1209, '90', 258, '2015-10-04', NULL, 'active'),
(1210, 'D1', 258, '2015-10-04', NULL, 'active'),
(1211, 'R3', 258, '2015-10-04', NULL, 'active'),
(1212, 'R2', 258, '2015-10-04', NULL, 'active'),
(1213, '22', 258, '2015-10-04', NULL, 'active'),
(1214, '94', 258, '2015-10-04', NULL, 'active'),
(1215, '98', 258, '2015-10-04', NULL, 'active'),
(1216, '97', 258, '2015-10-04', NULL, 'active'),
(1217, '18', 260, '2015-10-08', NULL, 'active'),
(1218, '22', 260, '2015-10-08', NULL, 'active'),
(1219, '63', 260, '2015-10-08', NULL, 'active'),
(1220, '89', 260, '2015-10-08', NULL, 'active'),
(1221, '90', 260, '2015-10-08', NULL, 'active'),
(1222, '87', 260, '2015-10-08', NULL, 'active'),
(1223, 'R1', 260, '2015-10-08', NULL, 'active'),
(1224, '83', 260, '2015-10-08', NULL, 'active'),
(1225, '85', 262, '2015-10-12', NULL, 'active'),
(1226, '45', 262, '2015-10-12', NULL, 'active'),
(1227, '88', 265, '2015-10-16', NULL, 'active'),
(1228, '92', 265, '2015-10-16', NULL, 'active'),
(1229, 'R3', 265, '2015-10-16', NULL, 'active'),
(1230, 'R1', 265, '2015-10-16', NULL, 'active'),
(1231, '95', 265, '2015-10-16', NULL, 'active'),
(1232, 'D2', 265, '2015-10-16', NULL, 'active'),
(1233, '90', 266, '2015-10-18', NULL, 'active'),
(1234, '92', 266, '2015-10-18', NULL, 'active'),
(1235, '82', 268, '2015-10-18', NULL, 'active'),
(1236, '95', 268, '2015-10-18', NULL, 'active'),
(1237, '90', 268, '2015-10-18', NULL, 'active'),
(1238, '27', 268, '2015-10-18', NULL, 'active'),
(1239, '92', 268, '2015-10-18', NULL, 'active'),
(1240, 'D1', 268, '2015-10-18', NULL, 'active'),
(1241, '75', 268, '2015-10-18', NULL, 'active'),
(1242, '88', 268, '2015-10-18', NULL, 'active'),
(1243, '22', 268, '2015-10-18', NULL, 'active'),
(1244, '42', 268, '2015-10-18', NULL, 'active'),
(1245, '55', 269, '2015-10-24', NULL, 'active'),
(1246, '77', 269, '2015-10-24', NULL, 'active'),
(1247, '79', 269, '2015-10-24', NULL, 'active'),
(1248, '84', 269, '2015-10-24', NULL, 'active'),
(1249, '92', 269, '2015-10-24', NULL, 'active'),
(1250, 'D2', 269, '2015-10-24', NULL, 'active'),
(1251, 'R3', 269, '2015-10-24', NULL, 'active'),
(1252, '27', 269, '2015-10-24', NULL, 'active'),
(1253, '42', 269, '2015-10-24', NULL, 'active'),
(1254, '95', 269, '2015-10-24', NULL, 'active'),
(1255, '97', 269, '2015-10-24', NULL, 'active'),
(1256, '22', 269, '2015-10-24', NULL, 'active'),
(1257, '72', 269, '2015-10-24', NULL, 'active'),
(1258, '85', 270, '2015-10-26', NULL, 'active'),
(1259, '86', 270, '2015-10-26', NULL, 'active'),
(1260, '90', 270, '2015-10-26', NULL, 'active'),
(1261, 'D2', 270, '2015-10-26', NULL, 'active'),
(1262, '92', 270, '2015-10-26', NULL, 'active'),
(1263, '97', 270, '2015-10-26', NULL, 'active'),
(1264, '98', 270, '2015-10-26', NULL, 'active'),
(1265, '72', 270, '2015-10-26', NULL, 'active'),
(1266, '68', 270, '2015-10-26', NULL, 'active'),
(1267, '27', 270, '2015-10-26', NULL, 'active'),
(1268, '94', 271, '2015-10-28', NULL, 'active'),
(1269, '91', 271, '2015-10-28', NULL, 'active'),
(1270, 'R2', 271, '2015-10-28', NULL, 'active'),
(1271, 'R3', 271, '2015-10-28', NULL, 'active'),
(1272, '77', 271, '2015-10-28', NULL, 'active'),
(1273, '87', 271, '2015-10-28', NULL, 'active'),
(1274, '72', 271, '2015-10-28', NULL, 'active'),
(1275, '48', 271, '2015-10-28', NULL, 'active'),
(1276, '22', 271, '2015-10-28', NULL, 'active'),
(1277, '88', 271, '2015-10-28', NULL, 'active'),
(1278, '95', 271, '2015-10-28', NULL, 'active'),
(1279, '83', 271, '2015-10-28', NULL, 'active'),
(1280, '85', 271, '2015-10-28', NULL, 'active'),
(1281, '80', 271, '2015-10-28', NULL, 'active'),
(1282, 'D1', 271, '2015-10-28', NULL, 'active'),
(1283, 'D2', 271, '2015-10-28', NULL, 'active'),
(1284, '90', 272, '2015-10-28', NULL, 'active'),
(1285, 'R3', 272, '2015-10-28', NULL, 'active'),
(1286, 'D1', 272, '2015-10-28', NULL, 'active'),
(1287, '80', 272, '2015-10-28', NULL, 'active'),
(1288, '92', 272, '2015-10-28', NULL, 'active'),
(1289, '88', 272, '2015-10-28', NULL, 'active'),
(1290, '97', 272, '2015-10-28', NULL, 'active'),
(1291, '98', 272, '2015-10-28', NULL, 'active'),
(1292, '85', 274, '2015-10-31', NULL, 'active'),
(1293, '83', 274, '2015-10-31', NULL, 'active'),
(1294, 'D1', 274, '2015-10-31', NULL, 'active'),
(1295, 'D2', 274, '2015-10-31', NULL, 'active'),
(1296, '80', 274, '2015-10-31', NULL, 'active'),
(1297, '72', 274, '2015-10-31', NULL, 'active'),
(1298, '30', 274, '2015-10-31', NULL, 'active'),
(1299, '75', 274, '2015-10-31', NULL, 'active'),
(1300, '90', 274, '2015-10-31', NULL, 'active'),
(1301, '27', 274, '2015-10-31', NULL, 'active'),
(1302, '22', 275, '2015-11-01', NULL, 'active'),
(1303, '27', 275, '2015-11-01', NULL, 'active'),
(1304, '30', 275, '2015-11-01', NULL, 'active'),
(1305, '79', 275, '2015-11-01', NULL, 'active'),
(1306, '84', 275, '2015-11-01', NULL, 'active'),
(1307, '87', 275, '2015-11-01', NULL, 'active'),
(1308, '90', 275, '2015-11-01', NULL, 'active'),
(1309, '91', 275, '2015-11-01', NULL, 'active'),
(1310, '92', 275, '2015-11-01', NULL, 'active'),
(1311, '96', 275, '2015-11-01', NULL, 'active'),
(1312, '88', 275, '2015-11-01', NULL, 'active'),
(1313, '75', 275, '2015-11-01', NULL, 'active'),
(1314, '72', 275, '2015-11-01', NULL, 'active'),
(1315, '09', 275, '2015-11-01', NULL, 'active'),
(1316, '95', 275, '2015-11-01', NULL, 'active'),
(1317, '97', 275, '2015-11-01', NULL, 'active'),
(1318, '91', 278, '2015-11-03', NULL, 'active'),
(1319, '85', 278, '2015-11-03', NULL, 'active'),
(1320, '86', 278, '2015-11-03', NULL, 'active'),
(1321, '77', 278, '2015-11-03', NULL, 'active'),
(1322, '80', 278, '2015-11-03', NULL, 'active'),
(1323, '75', 278, '2015-11-03', NULL, 'active'),
(1324, '85', 279, '2015-11-05', NULL, 'active'),
(1325, 'R3', 279, '2015-11-05', NULL, 'active'),
(1326, 'D2', 279, '2015-11-05', NULL, 'active'),
(1327, 'R2', 279, '2015-11-05', NULL, 'active'),
(1328, '29', 281, '2015-11-06', NULL, 'active'),
(1329, '92', 281, '2015-11-06', NULL, 'active'),
(1330, '83', 281, '2015-11-06', NULL, 'active'),
(1331, 'D2', 281, '2015-11-06', NULL, 'active'),
(1332, 'R2', 281, '2015-11-06', NULL, 'active'),
(1333, '09', 285, '2015-11-17', NULL, 'active'),
(1334, '30', 285, '2015-11-17', NULL, 'active'),
(1335, '48', 285, '2015-11-17', NULL, 'active'),
(1336, '22', 285, '2015-11-17', NULL, 'active'),
(1337, '27', 285, '2015-11-17', NULL, 'active'),
(1338, '29', 285, '2015-11-17', NULL, 'active'),
(1339, '72', 285, '2015-11-17', NULL, 'active'),
(1340, '68', 285, '2015-11-17', NULL, 'active'),
(1341, '75', 285, '2015-11-17', NULL, 'active'),
(1342, '77', 285, '2015-11-17', NULL, 'active'),
(1343, '87', 285, '2015-11-17', NULL, 'active'),
(1344, '88', 285, '2015-11-17', NULL, 'active'),
(1345, '82', 285, '2015-11-17', NULL, 'active'),
(1346, '85', 285, '2015-11-17', NULL, 'active'),
(1347, '94', 285, '2015-11-17', NULL, 'active'),
(1348, 'D1', 285, '2015-11-17', NULL, 'active'),
(1349, 'D2', 285, '2015-11-17', NULL, 'active'),
(1350, 'R1', 285, '2015-11-17', NULL, 'active'),
(1351, 'R2', 285, '2015-11-17', NULL, 'active'),
(1352, 'R3', 285, '2015-11-17', NULL, 'active'),
(1353, '42', 285, '2015-11-17', NULL, 'active'),
(1354, '30', 286, '2015-11-19', NULL, 'active'),
(1355, '92', 287, '2015-11-20', NULL, 'active'),
(1356, '72', 288, '2015-11-20', NULL, 'active'),
(1357, '75', 288, '2015-11-20', NULL, 'active'),
(1358, '35', 288, '2015-11-20', NULL, 'active'),
(1359, '43', 288, '2015-11-20', NULL, 'active'),
(1360, '83', 288, '2015-11-20', NULL, 'active'),
(1361, '27', 288, '2015-11-20', NULL, 'active'),
(1362, '85', 288, '2015-11-20', NULL, 'active'),
(1363, '88', 288, '2015-11-20', NULL, 'active'),
(1364, '35', 290, '2015-11-24', NULL, 'active'),
(1365, '88', 290, '2015-11-24', NULL, 'active'),
(1366, '75', 290, '2015-11-24', NULL, 'active'),
(1367, '45', 291, '2015-11-29', NULL, 'active'),
(1368, '90', 291, '2015-11-29', NULL, 'active'),
(1369, '84', 291, '2015-11-29', NULL, 'active'),
(1370, '91', 291, '2015-11-29', NULL, 'active'),
(1371, '82', 291, '2015-11-29', NULL, 'active'),
(1372, '98', 291, '2015-11-29', NULL, 'active'),
(1373, '95', 291, '2015-11-29', NULL, 'active'),
(1374, '22', 292, '2015-11-29', NULL, 'active'),
(1375, '27', 292, '2015-11-29', NULL, 'active'),
(1376, '48', 292, '2015-11-29', NULL, 'active'),
(1377, '55', 292, '2015-11-29', NULL, 'active'),
(1378, '77', 292, '2015-11-29', NULL, 'active'),
(1379, '88', 292, '2015-11-29', NULL, 'active'),
(1380, '90', 292, '2015-11-29', NULL, 'active'),
(1381, '92', 292, '2015-11-29', NULL, 'active'),
(1382, '95', 292, '2015-11-29', NULL, 'active'),
(1383, 'D1', 292, '2015-11-29', NULL, 'active'),
(1384, 'R3', 292, '2015-11-29', NULL, 'active'),
(1385, '29', 292, '2015-11-29', NULL, 'active'),
(1386, '30', 292, '2015-11-29', NULL, 'active'),
(1387, '80', 292, '2015-11-29', NULL, 'active'),
(1388, '84', 292, '2015-11-29', NULL, 'active'),
(1389, '68', 292, '2015-11-29', NULL, 'active'),
(1390, '35', 292, '2015-11-29', NULL, 'active'),
(1391, '27', 294, '2015-11-30', NULL, 'active'),
(1392, '35', 294, '2015-11-30', NULL, 'active'),
(1393, '38', 294, '2015-11-30', NULL, 'active'),
(1394, '68', 294, '2015-11-30', NULL, 'active'),
(1395, '75', 294, '2015-11-30', NULL, 'active'),
(1396, '85', 294, '2015-11-30', NULL, 'active'),
(1397, '90', 294, '2015-11-30', NULL, 'active'),
(1398, '92', 294, '2015-11-30', NULL, 'active'),
(1399, '22', 294, '2015-11-30', NULL, 'active'),
(1400, '88', 294, '2015-11-30', NULL, 'active'),
(1401, '83', 294, '2015-11-30', NULL, 'active'),
(1402, 'R3', 294, '2015-11-30', NULL, 'active'),
(1403, 'R1', 294, '2015-11-30', NULL, 'active'),
(1404, 'D1', 294, '2015-11-30', NULL, 'active'),
(1405, 'D2', 294, '2015-11-30', NULL, 'active'),
(1406, '22', 295, '2015-12-01', NULL, 'active'),
(1407, '27', 295, '2015-12-01', NULL, 'active'),
(1408, '30', 295, '2015-12-01', NULL, 'active'),
(1409, '35', 295, '2015-12-01', NULL, 'active'),
(1410, '40', 295, '2015-12-01', NULL, 'active'),
(1411, '62', 295, '2015-12-01', NULL, 'active'),
(1412, '63', 295, '2015-12-01', NULL, 'active'),
(1413, '68', 295, '2015-12-01', NULL, 'active'),
(1414, '72', 295, '2015-12-01', NULL, 'active'),
(1415, '83', 295, '2015-12-01', NULL, 'active'),
(1416, '85', 295, '2015-12-01', NULL, 'active'),
(1417, '88', 295, '2015-12-01', NULL, 'active'),
(1418, '90', 295, '2015-12-01', NULL, 'active'),
(1419, '94', 295, '2015-12-01', NULL, 'active'),
(1420, '75', 295, '2015-12-01', NULL, 'active'),
(1421, 'R1', 295, '2015-12-01', NULL, 'active'),
(1422, 'R3', 295, '2015-12-01', NULL, 'active'),
(1423, 'D2', 295, '2015-12-01', NULL, 'active'),
(1424, '42', 295, '2015-12-01', NULL, 'active'),
(1425, '09', 296, '2015-12-02', NULL, 'active'),
(1426, '22', 296, '2015-12-02', NULL, 'active'),
(1427, '27', 296, '2015-12-02', NULL, 'active'),
(1428, '30', 296, '2015-12-02', NULL, 'active'),
(1429, '38', 296, '2015-12-02', NULL, 'active'),
(1430, '40', 296, '2015-12-02', NULL, 'active'),
(1431, '48', 296, '2015-12-02', NULL, 'active'),
(1432, '62', 296, '2015-12-02', NULL, 'active'),
(1433, '63', 296, '2015-12-02', NULL, 'active'),
(1434, '72', 296, '2015-12-02', NULL, 'active'),
(1435, '75', 296, '2015-12-02', NULL, 'active'),
(1436, '82', 296, '2015-12-02', NULL, 'active'),
(1437, '85', 296, '2015-12-02', NULL, 'active'),
(1438, '87', 296, '2015-12-02', NULL, 'active'),
(1439, '88', 296, '2015-12-02', NULL, 'active'),
(1440, '92', 296, '2015-12-02', NULL, 'active'),
(1441, '94', 296, '2015-12-02', NULL, 'active'),
(1442, '77', 296, '2015-12-02', NULL, 'active'),
(1443, '68', 296, '2015-12-02', NULL, 'active'),
(1444, 'D2', 296, '2015-12-02', NULL, 'active'),
(1445, 'R3', 296, '2015-12-02', NULL, 'active'),
(1446, 'R1', 296, '2015-12-02', NULL, 'active'),
(1447, '89', 296, '2015-12-02', NULL, 'active'),
(1448, '90', 296, '2015-12-02', NULL, 'active'),
(1449, '95', 296, '2015-12-02', NULL, 'active'),
(1450, '75', 297, '2015-12-07', NULL, 'active'),
(1451, '85', 297, '2015-12-07', NULL, 'active'),
(1452, '90', 297, '2015-12-07', NULL, 'active'),
(1453, '95', 297, '2015-12-07', NULL, 'active'),
(1454, 'D1', 297, '2015-12-07', NULL, 'active'),
(1455, 'D2', 297, '2015-12-07', NULL, 'active'),
(1456, 'R3', 297, '2015-12-07', NULL, 'active'),
(1457, '30', 297, '2015-12-07', NULL, 'active'),
(1458, '92', 297, '2015-12-07', NULL, 'active'),
(1459, '97', 297, '2015-12-07', NULL, 'active'),
(1460, '29', 298, '2015-12-14', NULL, 'active'),
(1461, '75', 298, '2015-12-14', NULL, 'active'),
(1462, '85', 298, '2015-12-14', NULL, 'active'),
(1463, 'D1', 298, '2015-12-14', NULL, 'active'),
(1464, 'R1', 298, '2015-12-14', NULL, 'active'),
(1465, 'R2', 298, '2015-12-14', NULL, 'active'),
(1466, 'R3', 298, '2015-12-14', NULL, 'active'),
(1467, '85', 299, '2015-12-15', NULL, 'active'),
(1468, '88', 299, '2015-12-15', NULL, 'active'),
(1469, '90', 299, '2015-12-15', NULL, 'active'),
(1470, '92', 299, '2015-12-15', NULL, 'active'),
(1471, '95', 299, '2015-12-15', NULL, 'active'),
(1472, 'R1', 299, '2015-12-15', NULL, 'active'),
(1473, 'R3', 299, '2015-12-15', NULL, 'active'),
(1474, 'D2', 299, '2015-12-15', NULL, 'active'),
(1475, '98', 299, '2015-12-15', NULL, 'active'),
(1476, '80', 300, '2015-12-18', NULL, 'active'),
(1477, '88', 300, '2015-12-18', NULL, 'active'),
(1478, 'D2', 300, '2015-12-18', NULL, 'active'),
(1479, '27', 300, '2015-12-18', NULL, 'active'),
(1480, '72', 300, '2015-12-18', NULL, 'active'),
(1481, '63', 300, '2015-12-18', NULL, 'active'),
(1482, '22', 300, '2015-12-18', NULL, 'active'),
(1483, '90', 300, '2015-12-18', NULL, 'active'),
(1484, '92', 300, '2015-12-18', NULL, 'active'),
(1485, '45', 300, '2015-12-18', NULL, 'active'),
(1486, '29', 301, '2015-12-21', NULL, 'active'),
(1487, '62', 301, '2015-12-21', NULL, 'active'),
(1488, '72', 301, '2015-12-21', NULL, 'active'),
(1489, '80', 301, '2015-12-21', NULL, 'active'),
(1490, '85', 301, '2015-12-21', NULL, 'active'),
(1491, '86', 301, '2015-12-21', NULL, 'active'),
(1492, '87', 301, '2015-12-21', NULL, 'active'),
(1493, '90', 301, '2015-12-21', NULL, 'active'),
(1494, '94', 301, '2015-12-21', NULL, 'active'),
(1495, 'D1', 301, '2015-12-21', NULL, 'active'),
(1496, 'D2', 301, '2015-12-21', NULL, 'active'),
(1497, 'R2', 301, '2015-12-21', NULL, 'active'),
(1498, 'R3', 301, '2015-12-21', NULL, 'active'),
(1499, 'R1', 301, '2015-12-21', NULL, 'active'),
(1500, '68', 301, '2015-12-21', NULL, 'active'),
(1501, '88', 301, '2015-12-21', NULL, 'active'),
(1502, '96', 301, '2015-12-21', NULL, 'active'),
(1503, '27', 302, '2015-12-25', NULL, 'active'),
(1504, '29', 302, '2015-12-25', NULL, 'active'),
(1505, '75', 302, '2015-12-25', NULL, 'active'),
(1506, '83', 302, '2015-12-25', NULL, 'active'),
(1507, '85', 302, '2015-12-25', NULL, 'active'),
(1508, '92', 302, '2015-12-25', NULL, 'active'),
(1509, 'D1', 302, '2015-12-25', NULL, 'active'),
(1510, 'D2', 302, '2015-12-25', NULL, 'active'),
(1511, '18', 303, '2015-12-26', NULL, 'active'),
(1512, '09', 303, '2015-12-26', NULL, 'active'),
(1513, '27', 303, '2015-12-26', NULL, 'active'),
(1514, '35', 303, '2015-12-26', NULL, 'active'),
(1515, '43', 303, '2015-12-26', NULL, 'active'),
(1516, '50', 303, '2015-12-26', NULL, 'active'),
(1517, '55', 303, '2015-12-26', NULL, 'active'),
(1518, '62', 303, '2015-12-26', NULL, 'active'),
(1519, '68', 303, '2015-12-26', NULL, 'active'),
(1520, '72', 303, '2015-12-26', NULL, 'active'),
(1521, '75', 303, '2015-12-26', NULL, 'active'),
(1522, '82', 303, '2015-12-26', NULL, 'active'),
(1523, '85', 303, '2015-12-26', NULL, 'active'),
(1524, '89', 303, '2015-12-26', NULL, 'active'),
(1525, '92', 303, '2015-12-26', NULL, 'active'),
(1526, '95', 303, '2015-12-26', NULL, 'active'),
(1527, 'D1', 303, '2015-12-26', NULL, 'active'),
(1528, '48', 303, '2015-12-26', NULL, 'active'),
(1529, '97', 303, '2015-12-26', NULL, 'active'),
(1530, '98', 303, '2015-12-26', NULL, 'active'),
(1531, '27', 304, '2015-12-30', NULL, 'active'),
(1532, '85', 304, '2015-12-30', NULL, 'active'),
(1533, '93', 304, '2015-12-30', NULL, 'active'),
(1534, 'R3', 304, '2015-12-30', NULL, 'active'),
(1535, 'D2', 304, '2015-12-30', NULL, 'active'),
(1536, 'D1', 304, '2015-12-30', NULL, 'active'),
(1537, '75', 304, '2015-12-30', NULL, 'active'),
(1538, '22', 304, '2015-12-30', NULL, 'active'),
(1539, '88', 304, '2015-12-30', NULL, 'active'),
(1540, '43', 304, '2015-12-30', NULL, 'active'),
(1541, '92', 304, '2015-12-30', NULL, 'active'),
(1542, '22', 307, '2016-01-02', NULL, 'active'),
(1543, '27', 307, '2016-01-02', NULL, 'active'),
(1544, '30', 307, '2016-01-02', NULL, 'active'),
(1545, '35', 307, '2016-01-02', NULL, 'active'),
(1546, '38', 307, '2016-01-02', NULL, 'active'),
(1547, '48', 307, '2016-01-02', NULL, 'active'),
(1548, '55', 307, '2016-01-02', NULL, 'active'),
(1549, '42', 307, '2016-01-02', NULL, 'active'),
(1550, '68', 307, '2016-01-02', NULL, 'active'),
(1551, '75', 307, '2016-01-02', NULL, 'active'),
(1552, '79', 307, '2016-01-02', NULL, 'active'),
(1553, '80', 307, '2016-01-02', NULL, 'active'),
(1554, '83', 307, '2016-01-02', NULL, 'active'),
(1555, '85', 307, '2016-01-02', NULL, 'active'),
(1556, '88', 307, '2016-01-02', NULL, 'active'),
(1557, '92', 307, '2016-01-02', NULL, 'active'),
(1558, 'D1', 307, '2016-01-02', NULL, 'active'),
(1559, 'R3', 307, '2016-01-02', NULL, 'active'),
(1560, 'R2', 307, '2016-01-02', NULL, 'active'),
(1561, 'R3', 308, '2016-01-03', NULL, 'active'),
(1562, '91', 308, '2016-01-03', NULL, 'active'),
(1563, '89', 308, '2016-01-03', NULL, 'active'),
(1564, 'D2', 308, '2016-01-03', NULL, 'active'),
(1565, '92', 308, '2016-01-03', NULL, 'active'),
(1566, '68', 308, '2016-01-03', NULL, 'active'),
(1567, '27', 308, '2016-01-03', NULL, 'active'),
(1568, '96', 308, '2016-01-03', NULL, 'active'),
(1569, '22', 308, '2016-01-03', NULL, 'active'),
(1570, '63', 308, '2016-01-03', NULL, 'active'),
(1571, '88', 308, '2016-01-03', NULL, 'active'),
(1572, '98', 308, '2016-01-03', NULL, 'active'),
(1573, '97', 308, '2016-01-03', NULL, 'active'),
(1574, '83', 309, '2016-01-05', NULL, 'active'),
(1575, '92', 309, '2016-01-05', NULL, 'active'),
(1576, 'D2', 309, '2016-01-05', NULL, 'active'),
(1577, 'R3', 309, '2016-01-05', NULL, 'active'),
(1578, '97', 309, '2016-01-05', NULL, 'active'),
(1579, '86', 309, '2016-01-05', NULL, 'active'),
(1580, '22', 310, '2016-01-10', NULL, 'active'),
(1581, '27', 310, '2016-01-10', NULL, 'active'),
(1582, '30', 310, '2016-01-10', NULL, 'active'),
(1583, '43', 310, '2016-01-10', NULL, 'active'),
(1584, '48', 310, '2016-01-10', NULL, 'active'),
(1585, '55', 310, '2016-01-10', NULL, 'active'),
(1586, '80', 310, '2016-01-10', NULL, 'active'),
(1587, '88', 310, '2016-01-10', NULL, 'active'),
(1588, '90', 310, '2016-01-10', NULL, 'active'),
(1589, '91', 310, '2016-01-10', NULL, 'active'),
(1590, '92', 310, '2016-01-10', NULL, 'active'),
(1591, '95', 310, '2016-01-10', NULL, 'active'),
(1592, 'D1', 310, '2016-01-10', NULL, 'active'),
(1593, 'R3', 310, '2016-01-10', NULL, 'active'),
(1594, '82', 310, '2016-01-10', NULL, 'active'),
(1595, '62', 310, '2016-01-10', NULL, 'active'),
(1596, '68', 310, '2016-01-10', NULL, 'active'),
(1597, '94', 310, '2016-01-10', NULL, 'active'),
(1598, '27', 311, '2016-01-12', NULL, 'active'),
(1599, '22', 311, '2016-01-12', NULL, 'active'),
(1600, '29', 311, '2016-01-12', NULL, 'active'),
(1601, '30', 311, '2016-01-12', NULL, 'active'),
(1602, '48', 311, '2016-01-12', NULL, 'active'),
(1603, '55', 311, '2016-01-12', NULL, 'active'),
(1604, '72', 311, '2016-01-12', NULL, 'active'),
(1605, '68', 311, '2016-01-12', NULL, 'active'),
(1606, '80', 311, '2016-01-12', NULL, 'active'),
(1607, '87', 311, '2016-01-12', NULL, 'active'),
(1608, '84', 311, '2016-01-12', NULL, 'active'),
(1609, '85', 311, '2016-01-12', NULL, 'active'),
(1610, '94', 311, '2016-01-12', NULL, 'active'),
(1611, '88', 311, '2016-01-12', NULL, 'active'),
(1612, 'R1', 311, '2016-01-12', NULL, 'active'),
(1613, 'R2', 311, '2016-01-12', NULL, 'active'),
(1614, 'R3', 311, '2016-01-12', NULL, 'active'),
(1615, 'D1', 311, '2016-01-12', NULL, 'active'),
(1616, 'D2', 311, '2016-01-12', NULL, 'active'),
(1617, '09', 312, '2016-01-12', NULL, 'active'),
(1618, '13', 312, '2016-01-12', NULL, 'active'),
(1619, '85', 312, '2016-01-12', NULL, 'active'),
(1620, '88', 312, '2016-01-12', NULL, 'active'),
(1621, '84', 312, '2016-01-12', NULL, 'active'),
(1622, '87', 312, '2016-01-12', NULL, 'active'),
(1623, '94', 312, '2016-01-12', NULL, 'active'),
(1624, '22', 312, '2016-01-12', NULL, 'active'),
(1625, '29', 312, '2016-01-12', NULL, 'active'),
(1626, '30', 312, '2016-01-12', NULL, 'active'),
(1627, '48', 312, '2016-01-12', NULL, 'active'),
(1628, '55', 312, '2016-01-12', NULL, 'active'),
(1629, '82', 312, '2016-01-12', NULL, 'active'),
(1630, '18', 313, '2016-01-13', NULL, 'active'),
(1631, '96', 313, '2016-01-13', NULL, 'active'),
(1632, 'R1', 313, '2016-01-13', NULL, 'active'),
(1633, 'R2', 313, '2016-01-13', NULL, 'active'),
(1634, 'R3', 313, '2016-01-13', NULL, 'active'),
(1635, '85', 313, '2016-01-13', NULL, 'active'),
(1636, '22', 313, '2016-01-13', NULL, 'active'),
(1637, '88', 313, '2016-01-13', NULL, 'active'),
(1638, '80', 313, '2016-01-13', NULL, 'active'),
(1639, '75', 313, '2016-01-13', NULL, 'active'),
(1640, '09', 313, '2016-01-13', NULL, 'active'),
(1641, 'D1', 313, '2016-01-13', NULL, 'active'),
(1642, 'D2', 313, '2016-01-13', NULL, 'active'),
(1643, '09', 314, '2016-01-13', NULL, 'active'),
(1644, '22', 314, '2016-01-13', NULL, 'active'),
(1645, '27', 314, '2016-01-13', NULL, 'active'),
(1646, '29', 314, '2016-01-13', NULL, 'active'),
(1647, '30', 314, '2016-01-13', NULL, 'active'),
(1648, '35', 314, '2016-01-13', NULL, 'active'),
(1649, '38', 314, '2016-01-13', NULL, 'active'),
(1650, '55', 314, '2016-01-13', NULL, 'active'),
(1651, '68', 314, '2016-01-13', NULL, 'active'),
(1652, '72', 314, '2016-01-13', NULL, 'active'),
(1653, '83', 314, '2016-01-13', NULL, 'active'),
(1654, '85', 314, '2016-01-13', NULL, 'active'),
(1655, '87', 314, '2016-01-13', NULL, 'active'),
(1656, '88', 314, '2016-01-13', NULL, 'active'),
(1657, '89', 314, '2016-01-13', NULL, 'active'),
(1658, '90', 314, '2016-01-13', NULL, 'active'),
(1659, '94', 314, '2016-01-13', NULL, 'active'),
(1660, '48', 314, '2016-01-13', NULL, 'active'),
(1661, '79', 314, '2016-01-13', NULL, 'active'),
(1662, '84', 314, '2016-01-13', NULL, 'active'),
(1663, '91', 314, '2016-01-13', NULL, 'active'),
(1664, '97', 314, '2016-01-13', NULL, 'active'),
(1665, '88', 315, '2016-01-19', NULL, 'active'),
(1666, '09', 315, '2016-01-19', NULL, 'active'),
(1667, 'R1', 315, '2016-01-19', NULL, 'active'),
(1668, 'R3', 315, '2016-01-19', NULL, 'active'),
(1669, '72', 315, '2016-01-19', NULL, 'active'),
(1670, '75', 315, '2016-01-19', NULL, 'active'),
(1671, '30', 315, '2016-01-19', NULL, 'active'),
(1672, '35', 315, '2016-01-19', NULL, 'active'),
(1673, '27', 315, '2016-01-19', NULL, 'active'),
(1674, '80', 315, '2016-01-19', NULL, 'active'),
(1675, '48', 316, '2016-01-20', NULL, 'active'),
(1676, '86', 316, '2016-01-20', NULL, 'active'),
(1677, '30', 316, '2016-01-20', NULL, 'active'),
(1678, '83', 316, '2016-01-20', NULL, 'active'),
(1679, '97', 316, '2016-01-20', NULL, 'active'),
(1680, '72', 316, '2016-01-20', NULL, 'active'),
(1681, '75', 316, '2016-01-20', NULL, 'active'),
(1682, '29', 316, '2016-01-20', NULL, 'active'),
(1683, '80', 316, '2016-01-20', NULL, 'active'),
(1684, '87', 316, '2016-01-20', NULL, 'active'),
(1685, '85', 316, '2016-01-20', NULL, 'active'),
(1686, '90', 316, '2016-01-20', NULL, 'active'),
(1687, '92', 316, '2016-01-20', NULL, 'active'),
(1688, '88', 316, '2016-01-20', NULL, 'active'),
(1689, '95', 316, '2016-01-20', NULL, 'active'),
(1690, '09', 317, '2016-01-21', NULL, 'active'),
(1691, '22', 317, '2016-01-21', NULL, 'active'),
(1692, '27', 317, '2016-01-21', NULL, 'active'),
(1693, '29', 317, '2016-01-21', NULL, 'active'),
(1694, '30', 317, '2016-01-21', NULL, 'active'),
(1695, '40', 317, '2016-01-21', NULL, 'active'),
(1696, '48', 317, '2016-01-21', NULL, 'active'),
(1697, '55', 317, '2016-01-21', NULL, 'active'),
(1698, '72', 317, '2016-01-21', NULL, 'active'),
(1699, '75', 317, '2016-01-21', NULL, 'active'),
(1700, '84', 317, '2016-01-21', NULL, 'active'),
(1701, '87', 317, '2016-01-21', NULL, 'active'),
(1702, '88', 317, '2016-01-21', NULL, 'active'),
(1703, '96', 317, '2016-01-21', NULL, 'active'),
(1704, '13', 317, '2016-01-21', NULL, 'active'),
(1705, 'R1', 317, '2016-01-21', NULL, 'active'),
(1706, 'R2', 317, '2016-01-21', NULL, 'active'),
(1707, 'R3', 317, '2016-01-21', NULL, 'active'),
(1708, 'D1', 317, '2016-01-21', NULL, 'active'),
(1709, 'D2', 317, '2016-01-21', NULL, 'active'),
(1710, '22', 318, '2016-01-21', NULL, 'active'),
(1711, '88', 318, '2016-01-21', NULL, 'active'),
(1712, '87', 318, '2016-01-21', NULL, 'active'),
(1713, '09', 318, '2016-01-21', NULL, 'active'),
(1714, '48', 318, '2016-01-21', NULL, 'active'),
(1715, '55', 318, '2016-01-21', NULL, 'active'),
(1716, '09', 319, '2016-01-24', NULL, 'active'),
(1717, '22', 319, '2016-01-24', NULL, 'active'),
(1718, '35', 319, '2016-01-24', NULL, 'active'),
(1719, '48', 319, '2016-01-24', NULL, 'active'),
(1720, '55', 319, '2016-01-24', NULL, 'active'),
(1721, '62', 319, '2016-01-24', NULL, 'active'),
(1722, '63', 319, '2016-01-24', NULL, 'active'),
(1723, '68', 319, '2016-01-24', NULL, 'active'),
(1724, '72', 319, '2016-01-24', NULL, 'active'),
(1725, '75', 319, '2016-01-24', NULL, 'active'),
(1726, '80', 319, '2016-01-24', NULL, 'active'),
(1727, '82', 319, '2016-01-24', NULL, 'active'),
(1728, '85', 319, '2016-01-24', NULL, 'active'),
(1729, '88', 319, '2016-01-24', NULL, 'active'),
(1730, '92', 319, '2016-01-24', NULL, 'active'),
(1731, '94', 319, '2016-01-24', NULL, 'active'),
(1732, '95', 319, '2016-01-24', NULL, 'active'),
(1733, '96', 319, '2016-01-24', NULL, 'active'),
(1734, 'R3', 319, '2016-01-24', NULL, 'active'),
(1735, 'D1', 319, '2016-01-24', NULL, 'active'),
(1736, '91', 319, '2016-01-24', NULL, 'active'),
(1737, '89', 319, '2016-01-24', NULL, 'active'),
(1738, '90', 319, '2016-01-24', NULL, 'active'),
(1739, '86', 319, '2016-01-24', NULL, 'active'),
(1740, '09', 320, '2016-01-29', NULL, 'active'),
(1741, '48', 320, '2016-01-29', NULL, 'active'),
(1742, '22', 320, '2016-01-29', NULL, 'active'),
(1743, '27', 320, '2016-01-29', NULL, 'active'),
(1744, '35', 320, '2016-01-29', NULL, 'active'),
(1745, '40', 320, '2016-01-29', NULL, 'active'),
(1746, '62', 320, '2016-01-29', NULL, 'active'),
(1747, '68', 320, '2016-01-29', NULL, 'active'),
(1748, '72', 320, '2016-01-29', NULL, 'active'),
(1749, '75', 320, '2016-01-29', NULL, 'active'),
(1750, '79', 320, '2016-01-29', NULL, 'active'),
(1751, '80', 320, '2016-01-29', NULL, 'active'),
(1752, '82', 320, '2016-01-29', NULL, 'active'),
(1753, '83', 320, '2016-01-29', NULL, 'active'),
(1754, '87', 320, '2016-01-29', NULL, 'active'),
(1755, '88', 320, '2016-01-29', NULL, 'active'),
(1756, '89', 320, '2016-01-29', NULL, 'active'),
(1757, 'R1', 320, '2016-01-29', NULL, 'active'),
(1758, 'R2', 320, '2016-01-29', NULL, 'active'),
(1759, 'R3', 320, '2016-01-29', NULL, 'active'),
(1760, 'D1', 320, '2016-01-29', NULL, 'active'),
(1761, 'D2', 320, '2016-01-29', NULL, 'active'),
(1762, '55', 320, '2016-01-29', NULL, 'active'),
(1763, '92', 321, '2016-02-06', NULL, 'active'),
(1764, '93', 321, '2016-02-06', NULL, 'active'),
(1765, '94', 321, '2016-02-06', NULL, 'active'),
(1766, 'R2', 321, '2016-02-06', NULL, 'active'),
(1767, 'R3', 321, '2016-02-06', NULL, 'active'),
(1768, '80', 321, '2016-02-06', NULL, 'active'),
(1769, '75', 321, '2016-02-06', NULL, 'active'),
(1770, '95', 321, '2016-02-06', NULL, 'active'),
(1771, '90', 321, '2016-02-06', NULL, 'active'),
(1772, 'D1', 321, '2016-02-06', NULL, 'active'),
(1773, 'D2', 321, '2016-02-06', NULL, 'active'),
(1774, 'D1', 322, '2016-02-07', NULL, 'active'),
(1775, 'R3', 322, '2016-02-07', NULL, 'active'),
(1776, '75', 322, '2016-02-07', NULL, 'active'),
(1777, '09', 323, '2016-02-08', NULL, 'active'),
(1778, '22', 323, '2016-02-08', NULL, 'active'),
(1779, '55', 323, '2016-02-08', NULL, 'active'),
(1780, '63', 323, '2016-02-08', NULL, 'active'),
(1781, '68', 323, '2016-02-08', NULL, 'active'),
(1782, '75', 323, '2016-02-08', NULL, 'active'),
(1783, '84', 323, '2016-02-08', NULL, 'active'),
(1784, '88', 323, '2016-02-08', NULL, 'active'),
(1785, '87', 323, '2016-02-08', NULL, 'active'),
(1786, '90', 323, '2016-02-08', NULL, 'active'),
(1787, '92', 323, '2016-02-08', NULL, 'active'),
(1788, '96', 323, '2016-02-08', NULL, 'active'),
(1789, '72', 323, '2016-02-08', NULL, 'active'),
(1790, '62', 323, '2016-02-08', NULL, 'active'),
(1791, 'D1', 323, '2016-02-08', NULL, 'active'),
(1792, '30', 323, '2016-02-08', NULL, 'active'),
(1793, '85', 323, '2016-02-08', NULL, 'active'),
(1794, '89', 323, '2016-02-08', NULL, 'active'),
(1795, '91', 323, '2016-02-08', NULL, 'active'),
(1796, 'R3', 323, '2016-02-08', NULL, 'active'),
(1797, '83', 324, '2016-02-12', NULL, 'active'),
(1798, '86', 324, '2016-02-12', NULL, 'active'),
(1799, '88', 324, '2016-02-12', NULL, 'active'),
(1800, '92', 324, '2016-02-12', NULL, 'active'),
(1801, '95', 324, '2016-02-12', NULL, 'active'),
(1802, '96', 324, '2016-02-12', NULL, 'active'),
(1803, 'R3', 324, '2016-02-12', NULL, 'active'),
(1804, 'D1', 324, '2016-02-12', NULL, 'active'),
(1805, 'D2', 324, '2016-02-12', NULL, 'active'),
(1806, '90', 324, '2016-02-12', NULL, 'active'),
(1807, '27', 325, '2016-02-19', NULL, 'active'),
(1808, '62', 325, '2016-02-19', NULL, 'active'),
(1809, '80', 325, '2016-02-19', NULL, 'active'),
(1810, '92', 325, '2016-02-19', NULL, 'active'),
(1811, 'D2', 325, '2016-02-19', NULL, 'active'),
(1812, '30', 325, '2016-02-19', NULL, 'active'),
(1813, '90', 325, '2016-02-19', NULL, 'active'),
(1814, 'D1', 325, '2016-02-19', NULL, 'active'),
(1815, '77', 325, '2016-02-19', NULL, 'active'),
(1816, '22', 325, '2016-02-19', NULL, 'active'),
(1817, '88', 325, '2016-02-19', NULL, 'active'),
(1818, '72', 325, '2016-02-19', NULL, 'active'),
(1819, '95', 325, '2016-02-19', NULL, 'active'),
(1820, 'R3', 325, '2016-02-19', NULL, 'active'),
(1821, '27', 326, '2016-02-22', NULL, 'active'),
(1822, '40', 326, '2016-02-22', NULL, 'active'),
(1823, '88', 326, '2016-02-22', NULL, 'active'),
(1824, '80', 326, '2016-02-22', NULL, 'active'),
(1825, '96', 326, '2016-02-22', NULL, 'active'),
(1826, 'R1', 326, '2016-02-22', NULL, 'active'),
(1827, 'R3', 326, '2016-02-22', NULL, 'active'),
(1828, 'R2', 326, '2016-02-22', NULL, 'active'),
(1829, 'D1', 326, '2016-02-22', NULL, 'active'),
(1830, 'D2', 326, '2016-02-22', NULL, 'active'),
(1831, '09', 327, '2016-03-01', NULL, 'active'),
(1832, '18', 327, '2016-03-01', NULL, 'active'),
(1833, '22', 327, '2016-03-01', NULL, 'active'),
(1834, '27', 327, '2016-03-01', NULL, 'active'),
(1835, '30', 327, '2016-03-01', NULL, 'active'),
(1836, '35', 327, '2016-03-01', NULL, 'active'),
(1837, '40', 327, '2016-03-01', NULL, 'active'),
(1838, '48', 327, '2016-03-01', NULL, 'active'),
(1839, '55', 327, '2016-03-01', NULL, 'active'),
(1840, '62', 327, '2016-03-01', NULL, 'active'),
(1841, '63', 327, '2016-03-01', NULL, 'active'),
(1842, '68', 327, '2016-03-01', NULL, 'active'),
(1843, '72', 327, '2016-03-01', NULL, 'active'),
(1844, '75', 327, '2016-03-01', NULL, 'active'),
(1845, '77', 327, '2016-03-01', NULL, 'active'),
(1846, '79', 327, '2016-03-01', NULL, 'active'),
(1847, '80', 327, '2016-03-01', NULL, 'active'),
(1848, '83', 327, '2016-03-01', NULL, 'active'),
(1849, '84', 327, '2016-03-01', NULL, 'active'),
(1850, '85', 327, '2016-03-01', NULL, 'active'),
(1851, '86', 327, '2016-03-01', NULL, 'active'),
(1852, '87', 327, '2016-03-01', NULL, 'active'),
(1853, '89', 327, '2016-03-01', NULL, 'active'),
(1854, '90', 327, '2016-03-01', NULL, 'active'),
(1855, '91', 327, '2016-03-01', NULL, 'active'),
(1856, '92', 327, '2016-03-01', NULL, 'active'),
(1857, '94', 327, '2016-03-01', NULL, 'active'),
(1858, '95', 327, '2016-03-01', NULL, 'active'),
(1859, '96', 327, '2016-03-01', NULL, 'active'),
(1860, 'D2', 327, '2016-03-01', NULL, 'active'),
(1861, '93', 327, '2016-03-01', NULL, 'active'),
(1863, '88', 327, '2016-03-01', NULL, 'active'),
(1864, '98', 327, '2016-03-01', NULL, 'active'),
(1865, '09', 328, '2016-03-10', NULL, 'active'),
(1866, '18', 328, '2016-03-10', NULL, 'active'),
(1867, '30', 328, '2016-03-10', NULL, 'active'),
(1868, '27', 328, '2016-03-10', NULL, 'active'),
(1869, '72', 328, '2016-03-10', NULL, 'active'),
(1870, '68', 328, '2016-03-10', NULL, 'active'),
(1871, '75', 328, '2016-03-10', NULL, 'active'),
(1872, '83', 328, '2016-03-10', NULL, 'active'),
(1873, '94', 328, '2016-03-10', NULL, 'active'),
(1874, 'D1', 328, '2016-03-10', NULL, 'active'),
(1876, '35', 328, '2016-03-10', NULL, 'active'),
(1877, '55', 328, '2016-03-10', NULL, 'active'),
(1878, '95', 328, '2016-03-10', NULL, 'active'),
(1879, 'R2', 328, '2016-03-10', NULL, 'active'),
(1880, '86', 329, '2016-03-10', NULL, 'active'),
(1881, 'D2', 329, '2016-03-10', NULL, 'active'),
(1882, 'R1', 329, '2016-03-10', NULL, 'active'),
(1883, 'R3', 329, '2016-03-10', NULL, 'active'),
(1884, '80', 329, '2016-03-10', NULL, 'active'),
(1885, '09', 330, '2016-03-12', NULL, 'active'),
(1886, '13', 330, '2016-03-12', NULL, 'active'),
(1887, '22', 330, '2016-03-12', NULL, 'active'),
(1888, '27', 330, '2016-03-12', NULL, 'active'),
(1889, '29', 330, '2016-03-12', NULL, 'active'),
(1890, '30', 330, '2016-03-12', NULL, 'active'),
(1891, '35', 330, '2016-03-12', NULL, 'active'),
(1892, '55', 330, '2016-03-12', NULL, 'active'),
(1893, '56', 330, '2016-03-12', NULL, 'active'),
(1894, '62', 330, '2016-03-12', NULL, 'active'),
(1895, '63', 330, '2016-03-12', NULL, 'active'),
(1896, '68', 330, '2016-03-12', NULL, 'active'),
(1897, '72', 330, '2016-03-12', NULL, 'active'),
(1898, '79', 330, '2016-03-12', NULL, 'active'),
(1899, '83', 330, '2016-03-12', NULL, 'active'),
(1900, '84', 330, '2016-03-12', NULL, 'active'),
(1901, '85', 330, '2016-03-12', NULL, 'active'),
(1902, '87', 330, '2016-03-12', NULL, 'active'),
(1903, '88', 330, '2016-03-12', NULL, 'active'),
(1904, '89', 330, '2016-03-12', NULL, 'active'),
(1905, '90', 330, '2016-03-12', NULL, 'active'),
(1906, '91', 330, '2016-03-12', NULL, 'active'),
(1907, '92', 330, '2016-03-12', NULL, 'active'),
(1908, '96', 330, '2016-03-12', NULL, 'active'),
(1909, 'D2', 330, '2016-03-12', NULL, 'active'),
(1910, 'R3', 330, '2016-03-12', NULL, 'active'),
(1911, '93', 330, '2016-03-12', NULL, 'active'),
(1912, '90', 331, '2016-03-19', NULL, 'active'),
(1913, 'R2', 331, '2016-03-19', NULL, 'active'),
(1914, 'R3', 331, '2016-03-19', NULL, 'active'),
(1915, 'D1', 331, '2016-03-19', NULL, 'active'),
(1916, 'D2', 331, '2016-03-19', NULL, 'active'),
(1917, '35', 331, '2016-03-19', NULL, 'active'),
(1918, '48', 331, '2016-03-19', NULL, 'active'),
(1919, '22', 331, '2016-03-19', NULL, 'active'),
(1920, '75', 331, '2016-03-19', NULL, 'active'),
(1921, '88', 331, '2016-03-19', NULL, 'active'),
(1922, '90', 332, '2016-03-19', NULL, 'active'),
(1923, 'R1', 332, '2016-03-19', NULL, 'active'),
(1924, 'D2', 332, '2016-03-19', NULL, 'active'),
(1925, '09', 333, '2016-03-21', NULL, 'active'),
(1926, '18', 333, '2016-03-21', NULL, 'active'),
(1927, '22', 333, '2016-03-21', NULL, 'active'),
(1928, '29', 333, '2016-03-21', NULL, 'active'),
(1929, '30', 333, '2016-03-21', NULL, 'active'),
(1930, '35', 333, '2016-03-21', NULL, 'active'),
(1931, '38', 333, '2016-03-21', NULL, 'active'),
(1932, '48', 333, '2016-03-21', NULL, 'active'),
(1933, '62', 333, '2016-03-21', NULL, 'active'),
(1934, '68', 333, '2016-03-21', NULL, 'active'),
(1935, '72', 333, '2016-03-21', NULL, 'active'),
(1936, '75', 333, '2016-03-21', NULL, 'active'),
(1937, '77', 333, '2016-03-21', NULL, 'active'),
(1938, '82', 333, '2016-03-21', NULL, 'active'),
(1939, '88', 333, '2016-03-21', NULL, 'active'),
(1940, '94', 333, '2016-03-21', NULL, 'active'),
(1941, '96', 333, '2016-03-21', NULL, 'active'),
(1942, 'R1', 333, '2016-03-21', NULL, 'active'),
(1943, 'R2', 333, '2016-03-21', NULL, 'active'),
(1944, 'R3', 333, '2016-03-21', NULL, 'active'),
(1945, 'D1', 333, '2016-03-21', NULL, 'active'),
(1946, 'D2', 333, '2016-03-21', NULL, 'active'),
(1947, '45', 333, '2016-03-21', NULL, 'active'),
(1948, '50', 333, '2016-03-21', NULL, 'active'),
(1949, '86', 333, '2016-03-21', NULL, 'active'),
(1950, '55', 333, '2016-03-21', NULL, 'active'),
(1951, '09', 334, '2016-03-22', NULL, 'active'),
(1952, '18', 334, '2016-03-22', NULL, 'active'),
(1953, '22', 334, '2016-03-22', NULL, 'active'),
(1954, '27', 334, '2016-03-22', NULL, 'active'),
(1955, '30', 334, '2016-03-22', NULL, 'active'),
(1956, '35', 334, '2016-03-22', NULL, 'active'),
(1957, '40', 334, '2016-03-22', NULL, 'active'),
(1958, '42', 334, '2016-03-22', NULL, 'active'),
(1959, '55', 334, '2016-03-22', NULL, 'active'),
(1960, '62', 334, '2016-03-22', NULL, 'active'),
(1961, '63', 334, '2016-03-22', NULL, 'active'),
(1962, '68', 334, '2016-03-22', NULL, 'active'),
(1963, '72', 334, '2016-03-22', NULL, 'active'),
(1964, '75', 334, '2016-03-22', NULL, 'active'),
(1965, '82', 334, '2016-03-22', NULL, 'active'),
(1966, '83', 334, '2016-03-22', NULL, 'active'),
(1967, '77', 334, '2016-03-22', NULL, 'active'),
(1968, '85', 334, '2016-03-22', NULL, 'active'),
(1969, '87', 334, '2016-03-22', NULL, 'active'),
(1970, '90', 334, '2016-03-22', NULL, 'active'),
(1971, '91', 334, '2016-03-22', NULL, 'active'),
(1972, '94', 334, '2016-03-22', NULL, 'active'),
(1973, 'R1', 334, '2016-03-22', NULL, 'active'),
(1974, 'R3', 334, '2016-03-22', NULL, 'active'),
(1975, 'D1', 334, '2016-03-22', NULL, 'active'),
(1976, 'D2', 334, '2016-03-22', NULL, 'active'),
(1977, '76', 334, '2016-03-22', NULL, 'active'),
(1978, '97', 334, '2016-03-22', NULL, 'active'),
(1979, '27', 336, '2016-03-29', NULL, 'active'),
(1980, '22', 336, '2016-03-29', NULL, 'active'),
(1981, '83', 336, '2016-03-29', NULL, 'active'),
(1982, '85', 336, '2016-03-29', NULL, 'active'),
(1983, '86', 336, '2016-03-29', NULL, 'active'),
(1984, '88', 336, '2016-03-29', NULL, 'active'),
(1985, '92', 336, '2016-03-29', NULL, 'active'),
(1986, '94', 336, '2016-03-29', NULL, 'active'),
(1987, '96', 336, '2016-03-29', NULL, 'active'),
(1988, 'R3', 336, '2016-03-29', NULL, 'active'),
(1989, 'D2', 336, '2016-03-29', NULL, 'active'),
(1990, '90', 336, '2016-03-29', NULL, 'active'),
(1991, '97', 336, '2016-03-29', NULL, 'active'),
(1992, '09', 343, '2016-04-01', NULL, 'active'),
(1993, '94', 343, '2016-04-01', NULL, 'active'),
(1994, '72', 343, '2016-04-01', NULL, 'active'),
(1995, '80', 343, '2016-04-01', NULL, 'active'),
(1996, '92', 343, '2016-04-01', NULL, 'active'),
(1997, 'R2', 343, '2016-04-01', NULL, 'active'),
(1998, 'R3', 343, '2016-04-01', NULL, 'active'),
(1999, 'D1', 343, '2016-04-01', NULL, 'active'),
(2000, 'D2', 343, '2016-04-01', NULL, 'active'),
(2001, '27', 343, '2016-04-01', NULL, 'active'),
(2002, '22', 343, '2016-04-01', NULL, 'active'),
(2003, '09', 344, '2016-04-02', NULL, 'active'),
(2004, '22', 344, '2016-04-02', NULL, 'active'),
(2005, '27', 344, '2016-04-02', NULL, 'active'),
(2006, '40', 344, '2016-04-02', NULL, 'active'),
(2007, '48', 344, '2016-04-02', NULL, 'active'),
(2008, '72', 344, '2016-04-02', NULL, 'active'),
(2009, '75', 344, '2016-04-02', NULL, 'active'),
(2010, '83', 344, '2016-04-02', NULL, 'active'),
(2011, '86', 344, '2016-04-02', NULL, 'active'),
(2012, '87', 344, '2016-04-02', NULL, 'active'),
(2013, '88', 344, '2016-04-02', NULL, 'active'),
(2014, '90', 344, '2016-04-02', NULL, 'active'),
(2015, '94', 344, '2016-04-02', NULL, 'active'),
(2016, '95', 344, '2016-04-02', NULL, 'active'),
(2017, 'D2', 344, '2016-04-02', NULL, 'active'),
(2018, '92', 344, '2016-04-02', NULL, 'active'),
(2019, '22', 347, '2016-04-07', NULL, 'active'),
(2020, '62', 347, '2016-04-07', NULL, 'active'),
(2021, '68', 347, '2016-04-07', NULL, 'active'),
(2022, '75', 347, '2016-04-07', NULL, 'active'),
(2023, '88', 347, '2016-04-07', NULL, 'active'),
(2024, '86', 347, '2016-04-07', NULL, 'active'),
(2025, '95', 347, '2016-04-07', NULL, 'active'),
(2026, 'D1', 347, '2016-04-07', NULL, 'active'),
(2027, 'D2', 347, '2016-04-07', NULL, 'active'),
(2028, 'R1', 347, '2016-04-07', NULL, 'active'),
(2029, 'R2', 347, '2016-04-07', NULL, 'active'),
(2030, 'R3', 347, '2016-04-07', NULL, 'active'),
(2031, '09', 347, '2016-04-07', NULL, 'active'),
(2032, '72', 347, '2016-04-07', NULL, 'active'),
(2033, '48', 350, '2016-04-16', NULL, 'active'),
(2034, '09', 350, '2016-04-16', NULL, 'active'),
(2035, '22', 350, '2016-04-16', NULL, 'active'),
(2036, '27', 350, '2016-04-16', NULL, 'active'),
(2037, '40', 350, '2016-04-16', NULL, 'active'),
(2038, '43', 350, '2016-04-16', NULL, 'active'),
(2039, '56', 350, '2016-04-16', NULL, 'active'),
(2040, '62', 350, '2016-04-16', NULL, 'active'),
(2041, '68', 350, '2016-04-16', NULL, 'active'),
(2042, '72', 350, '2016-04-16', NULL, 'active'),
(2043, '75', 350, '2016-04-16', NULL, 'active'),
(2044, '80', 350, '2016-04-16', NULL, 'active'),
(2045, '83', 350, '2016-04-16', NULL, 'active'),
(2046, '85', 350, '2016-04-16', NULL, 'active'),
(2047, '86', 350, '2016-04-16', NULL, 'active'),
(2048, '87', 350, '2016-04-16', NULL, 'active'),
(2049, '88', 350, '2016-04-16', NULL, 'active'),
(2050, '89', 350, '2016-04-16', NULL, 'active'),
(2051, '90', 350, '2016-04-16', NULL, 'active'),
(2052, '91', 350, '2016-04-16', NULL, 'active'),
(2053, '92', 350, '2016-04-16', NULL, 'active'),
(2054, '95', 350, '2016-04-16', NULL, 'active'),
(2055, '18', 350, '2016-04-16', NULL, 'active'),
(2056, 'D1', 350, '2016-04-16', NULL, 'active'),
(2057, '30', 350, '2016-04-16', NULL, 'active');

-- --------------------------------------------------------

--
-- Table structure for table `fire_data`
--

DROP TABLE IF EXISTS `fire_data`;
CREATE TABLE IF NOT EXISTS `fire_data` (
  `id` bigint(10) NOT NULL AUTO_INCREMENT,
  `date_of_fire` date NOT NULL,
  `location` text NOT NULL,
  `classification` text NOT NULL,
  `caller` varchar(100) DEFAULT NULL,
  `contact_number` varchar(15) DEFAULT NULL,
  `time_received` varchar(10) NOT NULL,
  `time_controlled` varchar(10) NOT NULL,
  `unit` varchar(10) NOT NULL,
  `oic` int(11) NOT NULL,
  `water_used` decimal(11,0) NOT NULL,
  `dispatch` varchar(15) NOT NULL,
  `proceeding` text NOT NULL,
  `at_base` text NOT NULL,
  PRIMARY KEY (`id`),
  KEY `unit` (`unit`),
  KEY `date_of_fire` (`date_of_fire`)
) ENGINE=InnoDB  DEFAULT CHARSET=utf8 AUTO_INCREMENT=352 ;

--
-- Truncate table before insert `fire_data`
--

TRUNCATE TABLE `fire_data`;
--
-- Dumping data for table `fire_data`
--

INSERT INTO `fire_data` (`id`, `date_of_fire`, `location`, `classification`, `caller`, `contact_number`, `time_received`, `time_controlled`, `unit`, `oic`, `water_used`, `dispatch`, `proceeding`, `at_base`) VALUES
(28, '2017-05-23', 'CROWN REGENCY Basement 2', 'smoke alarm', 'OC', '160', '03:59 AM', '04:04 AM', '83', 94, '55', 'Yes', '', ''),
(29, '2017-05-22', 'AT THE BACK OF ALPINE ICE PLANT, OPAO MANDAUE', 'DAUB', 'JANET DAMAO', '3432124', '10:56 AM', '10:57 AM', 'DONNA', 0, '0', 'No', '', ''),
(30, '2017-05-21', 'MATUMBO PUSOK, LAPU-LAPU CITY', 'RESIDENTIAL, GENERAL ALARM', 'FRANZEL CODILLA', '', '03:15 AM', '04:28 AM', '92', 13, '49', 'Yes', '', ''),
(31, '2017-05-21', 'LABANGON NEAR DSWD', 'RESIDENTIAL, WORKING FIRE', 'OC', '160', '01:30 AM', '02:06 AM', '92', 13, '40', 'Yes', '', '43'),
(32, '2017-05-20', 'JAKOSALEM ST. NEAR SACRED HEART CHURCH', 'ELECTRICAL FIRE', 'DIRECT CALLER', '2533360', '08:18 AM', '08:29 AM', '86', 92, '0', 'Yes', '', ''),
(33, '2017-05-18', 'UPPER LINAO, MINGLANILLA', 'RESIDENTIAL', 'OC', '160', '06:56 PM', '07:19 PM', 'MICHELLE', 92, '0', 'No', '', ''),
(34, '2017-05-18', 'NEAR ALLIANCE OF TWO HEARTS, BANAWA', '1 SHOP, WORKING FIRE', 'OC', '160', '01:02 PM', '01:10 PM', 'MICHELLE', 55, '0', 'Yes', '', '22, 27'),
(35, '2017-05-18', 'AYALA PARK TOWER 1 CONDO BESIDE CHINA BANK', 'NON-WORKING FIRE', 'OC', '160', '06:58 AM', '07:01 AM', '90', 0, '0', 'No', '', ''),
(36, '2017-05-15', 'GOLDEN VALLEY, LAHUG', '2 STOREY / RESIDENTIAL', 'OC', '160', '09:03 PM', '09:21 PM', 'MICHELLE', 94, '0', 'Yes', '', '22, 63, 80, 88, 92'),
(37, '2017-05-15', 'SITIO UPPER PAILUB, URGELLO CEBU CITY', '3 STOREY / RESIDENTIAL', 'OC', '160', '11:54 PM', '12:25 PM', '45', 75, '16', 'Yes', '', '22'),
(38, '2017-05-10', 'MAGUIKAY, MANDAUE INFRONT OF NISSAN CORP.', 'DAUB', 'OC', '160', '02:56 PM', '03:02 PM', 'MICHELLE', 0, '0', 'No', '', ''),
(39, '2017-05-10', 'BUHISAN CEBU CITY', 'NON-WORKING FIRE', 'OC', '160', '04:14 AM', '04:35 AM', '95', 88, '0', 'No', '', '90, 83'),
(40, '2017-05-04', 'BLESSED BRGY. IBABAO RD. CORDOVA, LAPU-LAPU CITY', 'RESIDENTIAL', '75', '', '05:46 PM', '06:11 PM', 'MICHELLE', 86, '0', 'Yes', '', '18, 27, 62, 77'),
(41, '2017-05-03', 'KASAMBAGAN RD., CATARMAN, CORDOVA', 'RESIDENTIAL / TASK FORCE ALFA', 'ISMIRALDA / 75', '09235171641', '05:32 PM', '06:37 PM', 'MICHELLE', 90, '0', 'Yes', '', '22, 83, 86, 88'),
(42, '2017-05-03', 'PERPETUAL VALLEY SUBD., KATIPUNAN LABANGON', '3 STOREY / RESIDENTIAL & 1 LIGHT MATERIAL HOUSE', 'HINONGON', '09176338583', '09:21 AM', '09:39 AM', 'DONNA', 75, '0', 'Yes', '', '38'),
(43, '2017-05-02', 'LAWAAN 3, TALISAY CITY INFRONT OF WILCON DEPOT', 'RESIDENTIAL', 'JORGE', '09434428448', '07:17 PM', '07:42 PM', 'MICHELLE', 86, '0', 'Yes', '96 AT BASE', '09, 22, 56, 87, 88, 94'),
(44, '2017-05-02', 'BRGY. KINALUMSAN, SITIO. KANHURAW, LAPU-LAPU CITY', 'RESIDENTIAL / WORKING FIRE', '93', '', '02:20 PM', '02:47 PM', 'MICHELLE', 86, '0', 'Yes', '', ''),
(45, '2017-05-01', 'ESPINA COMPOUND INFRONT ESPINA VILLAGE, B. RODRIQUEZ', 'GARBAGE FIRE', 'RODA TANHAY', '09083061211', '07:13 PM', '07:28 PM', 'DONNA', 94, '0', 'Yes', '', ''),
(46, '2017-05-01', 'BASAK, LAPU-LAPU CITY, BACK OF BROOKSHIELD VILLAGE', 'RESIDENTIAL / LIGHT MATERIALS', 'OC', '160', '10:28 AM', '11:05 AM', 'DONNA', 45, '26', 'Yes', '', ''),
(47, '2017-05-01', 'BONIFACIO ST., CEBU CITY', 'NON-WORKING FIRE', 'OC', '160', '02:23 AM', '02:27 AM', '84', 91, '0', 'No', '', '30, 45, 83, 84, 91, D2'),
(48, '2017-04-25', 'MABOLO CEBU CITY', 'NON-WORKING FIRE', 'OC', '160', '03:55 PM', '04:02 PM', 'MICHELLE', 0, '0', 'No', '', ''),
(49, '2017-04-21', 'INFRONT MARIA LINA CATERING, PUNTA PRINCESA', 'NON-WORKING FIRE', 'OC', '160', '09:59 AM', '10:05 AM', 'DONNA', 0, '0', 'No', '', '83, 86, 94'),
(50, '2017-04-20', 'GOLDEN PEAK HOTEL', 'ELECTRICAL FIRE', 'OC', '160', '08:30 PM', '08:41 PM', 'MICHELLE', 0, '0', 'No', 'FS: 95', '09, 30, 13, 18, 22, 90, 94; @ FS: 43, 72, 75, 96'),
(51, '2017-04-20', 'PULPUGAN, CONSOLACION', 'LIGHT MATERIALS', 'RACHELLE BIHAG', '09177929754', '03:48 PM', '04:19 PM', 'MICHELLE', 13, '0', 'Yes', 'FS: 72', '22, 43, 87, 94'),
(52, '2017-05-20', 'UMAPAD MANDAUE CITY', 'LANDFILL', '22', '', '04:19 PM', '04:24 PM', 'MICHELLE', 0, '0', 'No', '', ''),
(53, '2017-04-20', 'BULACAO, PARDO', '3RD ALARM', 'OC', '160', '05:57 AM', '06:23 AM', '83', 93, '26', 'Yes', '', '90, 92, 94'),
(54, '2017-04-19', 'BRGY. INAYAWAN', 'RESIDENTIAL / NON- WORKING FIRE', 'OC', '160', '04:19 PM', '04:28 PM', 'MICHELLE', 0, '0', 'No', '', '09, 91'),
(55, '2017-04-17', '4TH ST., HAPPY VALLEY, UPPER TUDINA ENGLIS, V.RAMA', 'POST FIRE', 'OC', '160', '02:09 AM', '02:22 AM', '91', 0, '0', 'No', '', ''),
(56, '2017-04-16', 'GREEN VILLAGE, GUADALUPE', 'WORKING FIRE', 'OC', '160', '12:30 AM', '12:54 AM', '83', 84, '26', 'Yes', '', '90'),
(57, '2017-04-15', 'TABOK, MANDAUE NEAR TOYOTA MANDAUE', 'WORKING FIRE / 2ND ALARM', 'OC MANDAUE', '4173513', '11:06 PM', '11:16 PM', '84', 0, '0', 'No', '', ''),
(58, '2017-04-15', 'SITIO KADULLAY, TISA', 'RESIDENTIAL / WORKING FIRE', 'OC', '160', '10:04 PM', '10:20 PM', '83', 93, '0', 'Yes', '', '22, 30, 84, 91'),
(59, '2017-04-14', 'LOWER JAPPER, QUIOT PARDO', 'WORKING FIRE', 'OC', '160', '02:18 AM', '02:26 AM', '83', 13, '0', 'Yes', '09, 63, D1 AT BASE', ''),
(60, '2017-04-11', 'T. PADILLA INFRONT OF JULIES BAKESHOP', 'SMOKE ALARM', 'OC', '160', '10:22 AM', '10:30 AM', 'DONNA', 0, '0', 'No', '', ''),
(61, '2017-04-10', 'SITIO SHANGRILA 2, BRGY. LABANGON CEBU CITY', 'LIGHT MATERIALS / 2 STOREY HOUSES', '09', '', '12:33 PM', '01:17 PM', 'MICHELLE', 48, '24', 'Yes', '95 AT BASE', '87, 91'),
(62, '2017-04-09', 'V.RAMA CORNER B. RODRIQUEZ CEBU CITY', 'RUBBISH FIRE', 'UNCLE OF X VOL.', '5141244', '03:45 PM', '03:48 PM', 'MICHELLE', 0, '0', 'No', '', ''),
(63, '2017-04-05', 'DULJO FATIMA, CEBU CITY', '2 STOREY', '27', '', '08:30 PM', '08:45 PM', 'MICHELLE', 90, '0', 'Yes', '22 AT BASE; 09, 50 AT FS', '72, 82, 88, 95'),
(64, '2017-04-05', 'TABOK MANDAUE CITY', 'NON-WORKING FIRE / 1 APARTMENT', '75', '', '01:10 PM', '01:15 PM', 'MICHELLE', 0, '0', 'No', '', ''),
(65, '2017-04-04', 'ALASKA MAMBALING, YBAEZ CMPD.', 'NON-WORKING FIRE', 'OC', '160', '03:50 PM', '04:07 PM', 'DONNA', 30, '0', 'No', '', '30, 77, 80, 87, 91, D1, D2, R1, R2, R3, FS; 75'),
(66, '2017-04-04', 'NEAR FOODA GUADALUPE CITY', 'RESIDENTIAL', 'FLOR', '2600956', '01:01 PM', '01:14 PM', 'DONNA', 91, '16', 'Yes', '22 AT BASE; 72 AT FS', '09, 90'),
(67, '2017-04-03', 'CALAMBA CEMETERY, V. RAMA AVE. CEBU CITY', 'LIGHT MATERIALS', 'LUAN KABATINGAN', '2543346', '07:47 PM', '07:58 PM', 'MICHELLE', 86, '0', 'Yes', '63 AT BASE; 72 AT FS', '27, 80'),
(68, '2017-04-02', 'OSAKA ST. PARDO ', 'NON-WORKING FIRE', 'OC', '', '01:14 PM', '01:23 PM', 'MICHELLE', 0, '0', 'No', '27, 90, 95 AT BASE', '92  AT FS; 63, 72, 75'),
(69, '2017-04-01', 'SUNBURST LEGAZPI ST. CEBU CITY', 'NON-WORKING FIRE', 'OC', '160', '07:07 PM', '07:24 PM', '84', 0, '0', 'No', '92 AT BASE', ''),
(70, '2017-03-31', 'PONCE 1 BACK OF LUDO CEMETERY, INFRONT OF QUEENSLAND', 'NON-WORKING FIRE', 'OC', '160', '05:48 PM', '05:50 PM', 'MICHELLE', 0, '0', 'No', '', '91'),
(71, '2017-03-30', 'METAVILLE, TALAMBAN', 'NON-WORKING FIRE / DUST COLLECTOR', 'OC', '160', '03:29 PM', '03:36 PM', 'MICHELLE', 0, '0', 'No', '', ''),
(72, '2017-03-28', 'LABOGON MANDAUE CITY', 'NON-WORKING FIRE', '75', '', '03:30 PM', '03:40 PM', 'MICHELLE', 0, '0', 'No', '', ''),
(73, '2017-03-27', 'NIVEL HILLS, LAHUG NEAR OLD CASINO', '1 APARTMENT / RESIDENTIAL', 'WILKIN JOHN TABUNITA', '4203719', '10:28 AM', '10:42 AM', 'DONNA', 0, '0', 'No', '', ''),
(74, '2017-03-26', 'TANGKE, TALISAY CITY', 'LIGHT MATERIALS / RESIDENTIAL', 'ZENAYDA ACOSTA', '2735484', '02:17 PM', '03:01 PM', 'DONNA', 38, '27', 'Yes', '75 AT FS', '89'),
(75, '2017-03-26', 'NEAR CIS,PIT-OS, TALAMBAN', 'DAOB', 'OC', '160', '12:52 PM', '12:58 PM', 'DONNA', 0, '0', 'No', '', ''),
(76, '2017-03-24', 'BACK OF COUNTRY MALL, APAS CEBU CITY', 'NON-WORKING FIRE', 'OC', '160', '03:48 AM', '03:55 AM', '83', 94, '0', 'No', '', ''),
(77, '2017-03-23', 'LABUGON, MANDAUE CITY', 'DAUB', '75 ', '', '11:51 AM', '12:01 PM', 'DONNA', 0, '0', 'No', '', ''),
(78, '2017-03-22', 'BACARAYAN APART., NEAR DON BOSCO BUHISAN RD.', 'WORKING FIRE', 'OC', '160', '06:50 AM', '07:23 AM', '94', 90, '0', 'Yes', '', '09, 22, 30, 50, 83, 84, 92, 96'),
(79, '2017-03-20', 'BRGY. TISA, FILTER PLANT MCWD', 'NON-WORKING FIRE / ELECTRICAL FIRE', 'OC', '160', '01:15 PM', '01:22 PM', 'MICHELLE', 0, '0', 'No', '', ''),
(80, '2017-03-19', 'CHINA BANK, BANILAD MANDAUE', 'NON-WORKING FIRE', 'OC', '160', '03:14 PM', '03:20 PM', 'DONNA', 0, '0', 'No', '', ''),
(81, '2017-03-17', 'SOUTH PLAIN CORNER GUADALUPE', 'GRASSFIRE', 'OC', '160', '06:33 PM', '06:44 PM', 'MICHELLE', 0, '0', 'No', '', '56'),
(82, '2017-03-17', 'MINGLANILLA, POBLACION WARD II, NEAR PRINCE WAREHOUSE', 'NON-WORKING FIRE / LETCHON MANOK GRILLER', 'OC', '160', '12:29 PM', '12:40 PM', 'MICHELLE', 0, '0', 'No', '', '94'),
(83, '2017-03-13', 'DENR OLD BLDG., BANILAD', '2 STOREY BLDG. / LIGHT MATERIALS (BUILT)', '09', '', '03:36 AM', '04:05 AM', '45', 83, '24', 'Yes', '', ''),
(84, '2017-03-12', 'CONSOLACION LOWER CASILI, STO. NIO 2', 'RESIDENTIAL', 'GENEVIEVE SANYO', '4150091', '12:12 PM', '12:37 PM', 'DONNA', 0, '0', 'No', '', '90, 92'),
(85, '2017-03-11', 'SAMBAG 2, V. RAMA', 'NON-WORKING FIRE / SHELLANE', 'OC', '160', '02:08 PM', '02:12 PM', 'MICHELLE', 0, '0', 'No', '', ''),
(86, '2017-03-07', 'BRGY. HALL CARRETA', 'RESIDENTIAL / NON WORKING FIRE', 'OC', '160', '02:04 PM', '02:14 PM', 'MICHELLE', 0, '0', 'No', '', '09, 48, 30, 43'),
(87, '2017-03-04', 'NASIPIT, TALAMBAN', 'BAMBOO FIRE', 'OC', '160', '01:05 PM', '01:13 PM', 'MICHELLE', 0, '0', 'No', '', ''),
(88, '2016-11-01', 'BODEGA BETWEEN WHITE GOLD AND TRAVELLER''S INN', 'SMOKE ALARM', 'OC', '160', '04:05 AM', '04:59 AM', '97', 90, '0', 'Yes', '', '27, 98'),
(89, '2016-11-01', 'SITIO LOWER SAN ROQUE, BULACAO', '-', 'OC', '160', '09:30 PM', '09:35 PM', '88', 0, '0', 'No', '', ''),
(90, '2016-11-04', 'ACACIA PLACE, SALVADOR EXT.', 'RESIDENTIAL', 'OC', '160', '02:57 AM', '03:17 AM', '98', 83, '0', 'Yes', '', '22, 88'),
(91, '2016-11-04', 'SITIO PANGUTANA, LAHUG (NEAR CAMP LAPU2X)', 'WORKING FIRE, LIGHT MATERIALS', 'OC', '160', '10:33 PM', '10:50 PM', '45', 9, '10000', 'Yes', '', ''),
(92, '2016-11-05', 'SUNRISE VILLAGE, PARDO', 'RESIDENTIAL', 'THRU RDO 75', '', '11:40 AM', '12:11 PM', 'DONNA', 75, '0', 'Yes', '', '09, 22, 72, 87, 89, 90, 94, 98'),
(93, '2016-11-06', 'PIT-OS', 'RESIDENTIAL', 'OC', '160', '08:00 AM', '08:15 AM', '98', 90, '0', 'No', '', ''),
(94, '2016-11-07', 'INAYAWAN, PARDO', '1 HOUSE ONLY', 'OC', '160', '05:05 PM', '05:10 PM', '94', 90, '0', 'No', '', ''),
(95, '2016-11-10', 'EL FILIBUSTERISMO, ERMITA', 'WORKING FIRE', 'DIRECT CALLER', '', '12:10 AM', '12:20 AM', '97', 90, '0', 'Yes', '63', '22, 98'),
(96, '2016-11-10', 'HERNAN CORTES, MANDAUE CITY', 'RESIDENTIAL /  1 HOUSE INVOLVED', 'THRU RDO 27', '', '09:13 AM', '09:18 AM', 'DONNA', 94, '0', 'Yes', '40, 75, 09', ''),
(97, '2016-11-11', 'SM SEASIDE, IN FRONT PEDRO CALUNGSOD CHAPEL', 'BUNK HOUSE', 'OC', '', '04:05 PM', '04:17 PM', 'DONNA', 0, '0', 'No', '', ''),
(98, '2016-11-15', 'KALUNASAN, OPRA', 'RESIDENTIAL /  1 HOUSE INVOLVED', 'FELIX', '5139132', '12:30 PM', '12:45 PM', 'DONNA', 94, '0', 'Yes', '72, 75, 27', '90, 62'),
(99, '2016-11-21', 'SAWANG - FISH PORT, PASIL', 'GENERAL ALARM / RESIDENTIAL', 'OC', '160', '11:27 AM', '12:04 PM', 'DONNA', 48, '23500', 'Yes', '82, 42', '09'),
(100, '2017-03-03', 'HOUSING CANDUMAN, MANDAUE CITY', 'RESIDENTIAL', 'JENNIFER ALFAR', '', '09:28 AM', '09:54 AM', 'DONNA', 77, '16', 'Yes', '75, 97 AT FS', '98'),
(101, '2017-03-02', 'VILLA VILL SUBD. LABANGON', 'SMOKE ALARM / APARTMENT ', 'OC', '160', '02:00 PM', '02:12 PM', 'MICHELLE', 0, '0', 'No', '', ''),
(102, '2017-03-02', 'BELGIUM ST., SAN NICOLAS CEBU CITY', 'NON-WORKING FIRE', 'OC', '160', '08:25 AM', '08:27 AM', 'DONNA', 0, '0', 'No', '', ''),
(103, '2017-03-01', 'A. LOPEZ ST., LABANGON', 'NON-WORKING FIRE', 'OC', '160', '10:00 AM', '10:05 AM', 'DONNA', 72, '0', 'Yes', '', ''),
(104, '2017-02-25', 'ACT INFRONT EMALL', 'NON-WORKING FIRE', 'OC', '160', '12:24 PM', '12:35 PM', 'MICHELLE', 0, '0', 'No', '', ''),
(105, '2017-02-23', 'ALCANTARA PRIVATE, SAMBAG I (SAN CARLOS GIRLS HIGH)', '1 APARTMENT ', 'ALEXANDER', '', '02:28 PM', '03:00 PM', 'MICHELLE', 48, '16', 'Yes', '09, 22 AT BASE', '18, 30, 62, 77, 87'),
(106, '2017-02-21', 'NICHOL''S HEIGHT, GUADALUPE CEBU CITY', 'RESIDENTIAL / WORKING FIRE', 'CELIA MODENAD', '2385237', '12:03 PM', '12:17 PM', 'DONNA & 45', 94, '12', 'Yes', '62 AT BASE', '09'),
(107, '2017-02-20', 'SISON TAGUNOL, PARDO FRONT WTG', 'RESIDENTIAL / WORKING FIRE', 'OC', '160', '07:53 PM', '08:13 PM', 'MICHELLE', 30, '0', 'Yes', '', '22, 95, 96, 55, 45, 86'),
(108, '2017-02-20', 'TISA LABANGON, SITIO SANTO ROSARIO BANAWA', 'WORKING FIRE / 3RD ALARM', 'OC', '160', '12:37 AM', '02:40 AM', '86', 45, '58', 'Yes', '', ''),
(109, '2017-01-15', 'HIGHWAY CORTES, MANDAUE', 'DAUB', 'JELY BARIDA', '5170756', '05:23 PM', '05:31 PM', 'MICHELLE', 0, '0', 'No', '', '90, 97'),
(110, '2017-01-13', 'BABAG 2 LAPU-LAPU CITY, PUROK BEAUTY IN THE SKY', 'RESIDENTIAL', 'OC', '160', '08:19 PM', '08:24 PM', 'MICHELLE', 0, '0', 'No', '', '30, 83, 84, 94'),
(111, '2017-02-13', 'GREEN FIELDS SUBD. MANDAUE HERNAN CORTES', 'RESIDENTIAL', 'OC', '160', '03:59 PM', '04:13 PM', 'MICHELLE', 0, '0', 'No', '22, 95, 97, 98 AT BASE; 40, 72, 75 AT FS', '86'),
(112, '2017-02-11', 'SITIO MORAN, HILLSVIEW VILLAGE, TISA LABANGON', 'WORKING FIRE', 'OC', '160', '02:42 AM', '03:01 AM', '94', 92, '0', 'Yes', '', ''),
(113, '2017-02-10', 'UMAPAD MANDAUE CITY', 'RUBBISH FIRE', 'OC', '160', '10:00 AM', '10:10 AM', 'DONNA', 0, '0', 'Yes', '', '91'),
(114, '2017-02-07', 'CITY TIMES SQUARE, MANDAUE CITY', 'NON-WORKING FIRE / KONCHING KITCHEN', 'D1', '', '05:40 PM', '05:45 PM', 'MICHELLE', 0, '0', 'No', '', ''),
(115, '2017-02-08', 'SUSANA CMPD., BANAWA', 'RESIDENTIAL / NON WORKING FIRE', 'OC', '160', '08:28 PM', '08:34 PM', 'MICHELLE', 0, '0', 'No', '', ''),
(116, '2017-05-05', 'A. LOPEZ ST., LABANGON', 'NON-WORKING FIRE', 'OC', '160', '04:48 PM', '04:53 PM', 'DONNA', 0, '0', 'No', '', ''),
(117, '2017-02-04', 'DULJO FATIMA, CEBU CITY', 'NON-WORKING FIRE', 'OC', '160', '07:28 PM', '07:31 PM', 'MICHELLE', 0, '0', 'No', '', ''),
(118, '2017-02-02', 'CARRIETA VILLAGE, BRGY. PUNTA PRINCESA BUHISAN RD.', 'RESIDENTIAL ', 'OC', '160', '07:16 PM', '07:20 PM', 'MICHELLE', 0, '0', 'No', '', ''),
(119, '2017-01-31', 'FATIMA C. PADILLA FRONT OF SALAZAR', 'BUILDING ', 'OC', '160', '06:05 PM', '06:13 PM', 'MCHELLE', 0, '0', 'No', '', ''),
(120, '2017-01-30', 'GONZALES CMPD., KAMPUTHAW CEBU CITY', 'RESIDENTIAL', 'OC', '160', '10:55 PM', '11:15 PM', '97', 83, '40', 'Yes', '30, 84, 91 AT BASE', ''),
(121, '2017-01-30', 'TANKE TALISAY', 'NON-WORKING FIRE', 'OC', '160', '06:24 PM', '06:31 PM', 'MICHELLE', 0, '0', 'No', '', ''),
(122, '2017-01-30', 'KAMAGONG ST., PARKLANE AREA, LAPU-LAPU', '2 STOREY', 'OC', '160', '02:54 PM', '03:00 PM', 'MICHELLE', 0, '0', 'No', '', ''),
(123, '2017-01-28', 'F. GONZALES, CARBON', 'SMOKE ALARM / RUBBISH FIRE', 'OC', '160', '02:54 PM', '02:57 PM', 'MICHELLE', 0, '0', 'No', '', ''),
(124, '2017-01-27', 'ESKINA HOUSING CANDUMAN, MANDAUE CITY', 'JUNKSHOP', 'DAISYREY', '2349999', '02:25 PM', '02:44 PM', 'MICHELLE', 94, '0', 'Yes', '72 AT FS', '22, 27, 30, 62, 75'),
(125, '2017-01-26', 'SITIO BLACKPOT, DULJO FATIMA CEBU CITY', 'NON-WORKING FIRE', 'OC', '160', '07:12 PM', '07:13 PM', 'MICHELLE', 0, '0', 'No', '', ''),
(126, '2017-01-25', 'PIER 1', 'TIRE OF TUGBOAT', 'OC', '160', '05:40 PM', '05:44 PM', 'MICHELLE', 0, '0', 'No', '', '83, 92, 94'),
(127, '2017-01-25', 'KPE FOODLAND, BANILAD', 'AIRCON ', 'JOJO YAP', '5137700', '02:24 PM', '02:33 PM', 'MICHELLE', 0, '0', 'No', '', '94'),
(128, '2017-01-17', 'BRGY. KALUNASAN CEBU CITY', 'I HOUSE', 'OC', '160', '08:45 AM', '09:01 AM', 'DONNA', 0, '0', 'No', '', ''),
(129, '2017-01-16', 'INFRONT OF SAN NICOLAS SCHOOL, CARLOCK', 'WORKING FIRE', 'OC', '160', '09:05 PM', '09:15 PM', 'MICHELLE', 0, '0', 'No', '80 AT BASE', '83, 86, 90, 92, '),
(130, '2017-01-15', 'MABOLO CEBU CITY', 'NON-WORKING FIRE', 'OC', '160', '10:59 AM', '11:05 AM', 'MICHELLE', 0, '0', 'No', '', ''),
(131, '2017-01-08', 'S. CABAHUG CORNER ST. SENO, MABOLO', '1 HOUSE', 'OC', '160', '04:39 PM', '04:45 PM', 'DONNA', 0, '0', 'No', '', ''),
(132, '2017-01-06', 'CALAMBA V. RAMA', 'SMOKE ALARM', 'OC', '160', '09:32 PM', '09:40 PM', 'DONNA', 0, '0', 'No', '', ''),
(133, '2017-01-06', 'JUANA OSMEA ST., EXTN. AVILA CMPD.', 'NON-WORKING FIRE', 'OC', '160', '04:52 PM', '04:57 PM', 'DONNA', 0, '0', 'No', '', ''),
(134, '2017-01-06', 'PASEO SAN RAMON, BANAWA', 'DAUB', '75', '', '03:09 PM', '03:13 PM', 'DONNA', 0, '0', 'No', '75 AT FS', ''),
(135, '2017-01-04', 'KOBAKO PACIFIC MALL, MANDAUE CITY', 'NON-WORKING FIRE', '09', '', '02:53 AM', '02:56 AM', 'R1', 0, '0', 'No', '', ''),
(136, '2017-01-01', 'GUIZO MANDAUE CITY', 'GENERAL ALARM ', 'DIRECT CALLER', '', '12:45 AM', '02:02 AM', '86', 9, '60', 'Yes', '', ''),
(137, '2017-01-01', 'KOBAKO PACIFIC MALL, MANDAUE CITY', 'NON-WORKING FIRE', '09', '', '02:53 AM', '02:56 AM', 'R1', 0, '0', 'No', '', ''),
(138, '2017-01-01', 'LOOC MANDAUE CITY', 'WORKING FIRE', 'DIRECT CALLER', '', '12:45 AM', '02:20 AM', 'R1', 9, '2', 'Yes', '', ''),
(139, '2017-05-25', 'SAMBAG 1 ', 'NON-WORKING FIRE', 'OC', '160', '07:36 PM', '07:41 PM', '42', 0, '0', 'No', '', ''),
(140, '2017-05-31', 'TISA HILLS, TISA', 'NON-WORKING FIRE / STOCK FILE, WOOD', 'OC', '160', '03:56 PM', '04:00 PM', 'DONNA', 0, '0', 'No', '', ''),
(141, '2017-06-01', 'TRES BORCES, MABOLO', 'WORKING FIRE', 'OC', '160', '12:20 AM', '12:24 AM', '92', 90, '0', 'No', '', '72, 88, 90, 92, 94, D2, '),
(142, '2017-06-01', 'HOLY FAMILY ROAD, BUSAY', 'WORKING FIRE / 1 HOUSE', 'OC', '160', '11:08 PM', '11:21 PM', '83', 89, '0', 'Yes', '', ' '),
(143, '2017-06-01', 'PARKLANE', 'SMOKE ALARM / FIREDRILL', 'OC', '160', '12:20 AM', '12:24 AM', 'MICHELLE', 0, '0', 'No', '', ''),
(144, '2017-06-02', 'BASAK, LAPU-LAPU CITY', 'RESIDENTIAL', 'KRIS AQUINO', '09223260720', '10:35 AM', '11:09 AM', 'DONNA', 40, '14', 'Yes', '', '18, 22'),
(145, '2017-06-02', 'ROSALINA VILLAGE BANAWA', '2 STOREY COMMERCIAL BUILDING', '86', '09323513310', '06:17 PM', '06:50 PM', 'MICHELLE', 55, '0', 'Yes', 'FS: 72', '22, 27'),
(146, '2017-06-05', 'PAKNAAN, MANDAUE (BESIDE SUN PRIDE)', 'RESIDENTIAL / LIGHT MATERIALS/ WORKING FIRE', 'BERNADETTE ABANALI', '09173049329', '10:16 AM', '10:56 AM', 'DONNA', 43, '3', 'Yes', '', ''),
(147, '2017-06-05', 'DON GIL GARCIA ST., CAPITOL SITE, CEBU CITY', 'COMMERCIAL BLDG./ 2ND FLOOR', 'JULIE', '', '05:24 PM', '05:34 PM', 'DONNA', 75, '0', 'Yes', 'FS; 29, BRAVO; 43, 63', '27, 80'),
(148, '2017-06-05', 'REKINDLE @ DON GIL GARCIA ST., CAPITOL SITE, CC', '2 STOREY/BUILDING', 'OC', '160', '06:35 PM', '06:43 PM', 'MICHELLE', 90, '0', 'Yes', '', ''),
(149, '2017-06-05', 'TOPA2X, GARFIELD', 'NON-WORKING FIRE', 'OC', '160', '10:45 PM', '10:49 PM', '92', 0, '0', 'No', '', ''),
(150, '2017-06-12', 'SITIO MALIBO, WIRELESS SUBANGDAKO MANDAUE CITY', '3RD ALARM/ RESIDENTIAL', 'DIRECT CALLER', '', '04:23 AM', '05:34 AM', '94', 45, '36', 'Yes', '', ''),
(151, '2017-06-12', 'C.PADILLA', '2 STOREY/ APARTMENT', 'OC', '160', '05:58 AM', '06:09 AM', '94', 45, '0', 'Yes', '', ''),
(152, '2017-06-15', 'SITIO ITOM YUTA, BRGY. LOREGA SAN MIGUEL CEBU CITY', 'NON-WORKING FIRE', 'OC', '160', '12:20 PM', '12:24 PM', 'MICHELLE', 0, '0', 'No', '', '09'),
(153, '2016-04-24', 'Pacific Heights, Phase 2 Vista Grande, Talisay', 'Grass fire', 'Rosel Tecson', '', '02:30 PM', '04:05 PM', '83', 92, '0', 'Yes', '', ''),
(154, '2016-04-26', 'Spianada Condominium, Sepuiveda St.', 'Electrical Fire (Aircon)', 'OC', '160', '06:15 AM', '06:29 AM', '45', 85, '0', 'Yes', '', '83, 86, 43, R1'),
(155, '2016-04-28', 'Wetland, Barangay Tagunol Pardo', 'Working Fire/ Light Materials', 'OC', '160', '02:30 AM', '02:46 AM', '45', 86, '0', 'Yes', '72, 63', '22'),
(156, '2016-04-28', 'English V. Rama', 'Laundry Shop', 'OC', '160', '06:49 PM', '07:00 PM', 'donna', 48, '0', 'Yes', '', ''),
(157, '2016-04-29', 'Bacayan, Talamban', 'Electrical Fire', 'Malou reguina', '4145277', '12:10 PM', '12:17 PM', 'Mayette', 0, '0', 'No', '', ''),
(158, '2016-04-29', 'Tingub, Mandaue', 'Electrical Fire', '75', '', '03:59 PM', '04:09 PM', 'Mayette', 75, '0', 'No', '', ''),
(159, '2016-04-30', 'Sto. Nino Village Banilad', 'Grass Fire', 'OC', '', '02:26 PM', '02:27 PM', 'Mayette', 0, '0', 'No', '', ''),
(160, '2016-04-30', 'Inayawan near Arbee''s (duol sa Market)', 'Prank Call ', '2687983', '2687983', '11:19 PM', '11:19 PM', '91', 93, '0', 'No', '', ''),
(161, '2015-04-09', 'N. Bacalso, Atbang Shell near Dr. Uy''s Clinic', 'Working Fire', 'Ritchie Lauron', '2611122', '04:28 PM', '04:40 PM', 'donna', 77, '0', 'Yes', '', '48, 35, 80'),
(162, '2015-04-10', 'COGON, CORDOVA', 'WORKING FIRE, RESIDENTIAL', '75', '', '06:22 PM', '07:02 PM', 'MELISSA', 85, '14', 'Yes', '40', '09'),
(163, '2015-04-11', 'MYLOX FACTORY, HOLY FAMILY MAGUIKAY MANDAUE', 'GAS LEAK', '75', '', '10:35 PM', '10:35 PM', '45', 85, '0', 'Yes', '', '63, 89, 93, 95'),
(164, '2015-04-18', 'IPATA ST. NEAR UPPERTORY PARDO', 'WORKING FIRE', 'OC', '160', '09:17 AM', '09:28 AM', 'DONNA', 45, '0', 'Yes', '75', '93'),
(165, '2015-04-20', 'BRGY. ERMITA', 'WORKING FIRE', 'OC', '160', '07:49 AM', '07:55 AM', 'DONNA', 45, '0', 'Yes', '95', '90, 80, 92'),
(166, '2015-04-24', 'PARDO, INAYAWAN LANDFILL', 'GARBAGE FIRE', 'OC', '160', '07:28 AM', '01:40 PM', 'MELISSA', 0, '14', 'Yes', '', ''),
(167, '2015-04-24', 'PARDO, INAYAWAN LANDFILL (AFTERNOON)', 'GARBAGE FIRE', '48', '', '02:19 AM', '04:04 AM', 'MELISSA', 0, '14', 'Yes', '', ''),
(168, '2015-04-24', 'B. ARANAS TRES DE ABRIL TABOAN, NEAR ATLANTIC HARDWARE', 'SMOKE ALARM', 'OC', '160', '04:10 PM', '04:18 PM', 'MELISSA', 43, '0', 'No', '', '43, 56, 80, 85'),
(169, '2015-04-25', 'UNAHAN SM CONSOLACION (JUNK SHOP)', 'TASK FORCE ALPHA BY O.C.', 'OC', '', '07:00 AM', '07:25 AM', '45', 88, '26', 'Yes', '09', '48'),
(170, '2015-04-29', 'MARIA TERESSA VILLAGE 2, GUADALUPE', 'GRASS FIRE', 'JUN TAN', '4168803', '04:18 PM', '04:18 PM', 'DONNA', 85, '0', 'No', '', ''),
(171, '2015-04-29', 'BRGY. POLPOGAN CONSOLACION', 'WOKRING FIRE', 'LOLITA PELICANO', '09202026556', '04:44 PM', '05:15 PM', 'MELISSA', 85, '0', 'No', '13', '85, 90, 92'),
(172, '2015-05-01', 'SAMBAG I, NEAR GDC BLDG.', 'SMOKE ALARM', 'GLAZE OROT', '2553255', '10:35 PM', '10:42 PM', '94', 88, '0', 'No', '', '95'),
(173, '2015-05-06', 'SALINAS DRIVE LAHUG (BODEGA CEBU BAZAAR)', 'WOKRING FIRE', '22', '', '03:57 PM', '05:54 PM', 'MELISSA', 48, '74', 'Yes', '', ''),
(174, '2015-05-09', 'COGON, PARDO', 'RESIDENTIAL, LIGHT MATERIALS', 'OC', '160', '06:10 PM', '06:31 PM', '94', 45, '10', 'Yes', '22', '09, 55'),
(175, '2015-05-09', 'BUAYA, LAPU-LAPU CITY', 'WORKING FIRE', 'OC', '', '01:26 PM', '01:37 PM', 'MELISSA', 85, '0', 'Yes', '72, 75', '90, 95'),
(176, '2015-05-10', 'PIT-OS, NEAR BRGY. HALL', 'WORKING FIRE (2 SARI-SARI STORE, 1 HOUSE)', 'OC', '', '05:31 AM', '06:09 AM', '91', 92, '0', 'No', '', '92'),
(177, '2015-05-11', 'BANGKAL ROAD, LAPU-LAPU CITY', 'RESIDENTIAL', 'DOUGLAS VEREDO', '5166170', '09:40 AM', '09:54 AM', 'DONNA', 85, '0', 'No', '', ''),
(178, '2015-05-12', 'LA ALDIA SUBD. BABAG 2 LAPU-LAPU CITY', 'GRASS FIRE', 'ANAFE PADEN', '2368313', '11:53 AM', '12:00 PM', 'DONNA', 83, '0', 'No', '', '86'),
(179, '2015-05-13', 'LAGUERTA LAHUG', 'GRASS FIRE', 'OC', '', '11:10 AM', '11:17 AM', 'MELISSA', 18, '0', 'No', '', '35, 91'),
(180, '2015-05-15', 'TABOAN MARKET', '?', 'OC', '', '06:37 AM', '06:40 AM', '94', 22, '0', 'No', '', '22, 27, 63, 75, 96, 95'),
(181, '2015-05-19', 'BRGY. INAYAWAN SITIO MERKADO', 'WORKING FIRE, GENERAL ALARM', '75', '', '11:07 AM', '11:36 AM', 'DONNA', 77, '7', 'Yes', '09, 50', '22, 48, 30, 64, 80, 86'),
(182, '2015-05-20', 'YLAYA MARIGONDON, LAPU-LAPU CITY', 'WORKING FIRE, RESIDENTIAL', '79', '', '02:46 PM', '03:01 PM', 'MELISSA', 0, '0', 'No', '', ''),
(183, '2015-05-20', 'MAXILOM AVENUE', 'WORKING FIRE', 'KAKING SY', '2332218', '04:26 PM', '04:39 PM', 'MELISSA', 9, '7', 'Yes', '', '62, 22, 88'),
(184, '2015-05-21', 'SIKATUNA ST. BRGY. DAY-AS NEAR BRGY. HALL', 'WORKING FIRE', 'OC', '160', '12:43 PM', '12:49 PM', 'DONNA', 86, '0', 'Yes', '', '43, 86, 84'),
(185, '2015-05-22', 'BEVERLY HILLS, LAHUG', 'RESIDENTIAL', '43', '', '11:48 AM', '11:59 AM', 'DONNA', 75, '0', 'Yes', '40, 72', '80, 22, 88, 90, 96'),
(186, '2015-05-23', 'BRGY. TISA, STA. TERESITA, LABANGON', 'RESIDENTIAL', 'OC', '160', '03:56 PM', '04:07 PM', 'DONNA', 79, '0', 'Yes', '72, 80, 87', ''),
(187, '2015-05-24', 'SITIO MANO, BRGY. TISA LUYO TISA PUBLIC MARKET', 'RESIDENTIAL', 'OC', '160', '06:13 PM', '06:29 PM', 'DONNA', 80, '0', 'Yes', '75, 22, 88, 94', '87, 92'),
(188, '2015-05-25', 'CABANCALAN, MANDAUE', 'RESIDENTIAL, 1 HOUSE', '75', '', '12:00 PM', '12:29 PM', 'DONNA', 0, '0', 'No', '', ''),
(189, '2015-05-29', 'SAINT ANTONIO VILLAGE, CADAHU-AN TALAMBAN', 'WORKING FIRE, 1 HOUSE', 'OC', '160', '01:01 PM', '01:13 PM', 'MELISSA', 85, '0', 'Yes', '75', ''),
(190, '2015-05-29', 'DUTERTE ST. BANAWA', 'RUBBISH FIRE', 'OC', '160', '02:31 PM', '02:35 PM', 'MELISSA', 85, '0', 'No', '', ''),
(191, '2015-05-29', 'SITIO MOHON, TISA LABANGON', 'NON-WORKING FIRE', 'OC', '160', '08:44 PM', '09:00 PM', 'MELISSA', 88, '0', 'No', '', ''),
(192, '2015-05-30', 'CANDUMAN RIVERSIDE NEAR PAGSABUNGAN', 'NON-WORKING FIRE', 'OC', '160', '02:29 PM', '02:31 PM', 'MELISSA', 0, '0', 'No', '', ''),
(193, '2015-06-01', 'VILLA SAN JOSE, TALAMBAN', 'GRASS FIRE', 'OC', '160', '06:59 PM', '07:13 PM', 'ERIC', 77, '0', 'No', '', '77'),
(194, '2015-06-02', 'ANZANI RESTO, PC HILLS BUSAY LAHUG', 'NON-WORKING FIRE (GENSET NI BUTO)', 'OC', '160', '02:11 PM', '02:17 PM', 'MELISSA', 48, '0', 'No', '', '30'),
(195, '2015-06-03', 'R. LANDON', 'APARTMENT, RESIDENTIAL', '72', '', '04:12 PM', '04:20 PM', 'DONNA', 85, '0', 'Yes', '', ''),
(196, '2015-06-04', 'HAPPY VALLEY, V. RAMA', 'GRASS FIRE', 'OC', '160', '09:00 PM', '10:01 PM', 'ERIC', 85, '6', 'Yes', '', '09, 48, 55, 89, 92'),
(197, '2015-06-05', 'BRGY. LINAO MINGLANILLA', 'WORKING FIRE', '77', '', '01:34 PM', '01:44 PM', 'MELISSA', 92, '0', 'Yes', '', ''),
(198, '2015-06-05', 'RAMON DUTERTE, GUADALUPE', 'NON-WORKING FIRE', 'OC', '160', '04:56 PM', '04:59 PM', 'MELISSA', 18, '0', 'No', '', '96'),
(199, '2015-06-08', 'RT TRADING WAREHOUSE, ENTRANCE TUNNEL TO PIER 1', 'NON-WORKING FIRE', 'OC', '160', '06:14 PM', '06:21 PM', 'MELISSA', 92, '0', 'No', '', ''),
(200, '2015-06-09', 'BASAK SAN NICOLAS, SITIO GINABSAN', 'WORKING FIRE', 'OC', '160', '12:57 PM', '01:09 PM', 'MELISSA', 0, '0', 'No', '', ''),
(201, '2015-06-09', 'MT. ARAYAT SINGSON VILLAGE, MANDAUE', 'WORKING FIRE, 2 STOREY HOUSE', 'OC', '160', '07:42 PM', '07:51 PM', 'MELISSA', 29, '0', 'Yes', '29', '22, 92'),
(202, '2015-06-12', 'SAN MIGUEL ST. BRYG. LOREGA', 'WORKING FIRE', 'OC', '160', '06:32 AM', '06:56 AM', '92', 45, '36', 'Yes', '', ''),
(203, '2015-06-16', 'SOUTH WESTERN UNIVERSITY', 'NON-WORKING FIRE', 'OC', '160', '10:26 AM', '10:34 AM', 'DONNA', 0, '0', 'No', '', ''),
(204, '2015-06-17', 'BEYONG MARCO POLO AND BEHIND CASINO FILIPINO', 'WORKING FIRE', 'OC', '160', '03:50 AM', '04:13 AM', '45', 88, '0', 'Yes', '', '93'),
(205, '2015-06-18', 'LUYO OLD PDEA BLDG. R. LANDON', 'RESIDENTIAL', 'OC', '160', '02:18 PM', '02:21 PM', 'ERIC', 92, '0', 'Yes', '', '92'),
(206, '2015-06-19', 'SUBANGDAKU, MANDAUE', 'BUNK HOUSE', 'OC', '', '03:12 AM', '03:03 AM', 'ERIC', 0, '0', 'No', '', ''),
(207, '2015-06-25', 'HAPPY MART, COLON', 'WORKING FIRE', 'OC', '160', '10:17 AM', '10:28 AM', 'ERIC', 77, '0', 'Yes', '42, 72, 87', '55'),
(208, '2015-06-25', 'J. ABAYAN JUNKSHOP, BASAK MANDAUE', 'JUNK SHOP', 'OC', '', '11:30 PM', '12:32 AM', '89', 90, '24', 'Yes', '', ''),
(209, '2015-06-26', 'SITIO TUGAS, MAMBALING (BACK OF U.C.)', 'WORKING FIRE, GENERAL ALARM', 'OC', '160', '05:26 PM', '05:37 PM', 'MELISSA', 90, '51', 'Yes', '', '48, 40, 79'),
(210, '2015-06-27', 'SITIO BAJADA, TABUNOK TALISAY CITY', 'GENERAL ALARM, LIGHT MATERIALS', 'LEONARDO CAGUMPANG JR', '2723437', '03:35 PM', '04:20 PM', 'MELISSA', 38, '40', 'Yes', '', '56, 63'),
(211, '2015-06-29', 'PARDO NEAR PRINCE WAREHOSE', 'POST FIRE', 'OC', '160', '07:27 PM', '07:31 PM', 'MELISSA', 30, '0', 'No', '', '94'),
(212, '2015-06-30', 'ZAPATERA, DAY-AS', 'WORKING FIRE, LIGHT MATERIALS', 'OC', '160', '03:47 PM', '03:56 PM', 'MELISSA', 75, '0', 'Yes', '68, 75', '22, 80'),
(213, '2015-06-30', 'DONA RITA VILLAGE, NASIPIT TALAMBAN', 'WORKING FIRE', 'GENEBY BLANCERO', '4122465', '07:48 PM', '07:59 PM', 'MELISSA', 94, '0', 'Yes', '', '30'),
(214, '2017-06-16', 'SITIO BATO, ERMITA', 'NON-WORKING FIRE', 'OC', '160', '11:57 AM', '12:12 AM', 'DONNA', 0, '0', 'No', '', ''),
(215, '2017-06-16', 'NEAR PRINCE WAREHOUSE , BULACAO', 'DAUB', 'OC', '160', '01:39 PM', '01:45 PM', 'MICHELLE', 0, '0', 'No', '', ''),
(216, '2015-07-01', 'Purok 1, BRGY. SAN JOSE, CEBU CITY', 'WOKRING FIRE, RESIDENTIAL', 'OC', '160', '09:55 PM', '10:29 PM', '85', 94, '6', 'Yes', '', '43, 79, 87, D1'),
(217, '2017-06-16', 'DOA MARIA 1, PUNTA PRINCESA', 'RESIDENTIAL / 3RD ALARM', 'DOLOR', '09128912586', '03:10 PM', '03:33 PM', 'MICHELLE', 75, '0', 'Yes', 'FB: 97; FS: 48, 72', '22, 43, 55, 63, 80, 87 '),
(218, '2015-07-02', 'VILLA LEYSON, BACAYAN PIT-OS TALAMBAN', 'WORKING FIRE, RESIDENTIAL', 'OC', '160', '12:40 PM', '12:51 PM', 'DONNA', 90, '0', 'Yes', '', '90'),
(219, '2015-07-05', 'PANGANIBAN CORNER BACALSO', 'NON-WORKING FIRE', 'OC', '160', '09:57 AM', '10:02 AM', 'DONNA', 0, '0', 'No', '', ''),
(220, '2017-06-17', 'BRGY. SAN ROQUE, ARELLANO NEAR PIER 1', 'NON-WORKING FIRE', 'OC', '160', '06:52 PM', '06:55 PM', 'MICHELLE', 0, '0', 'No', '', ''),
(221, '2015-07-07', 'PAKNAAN MANDAUE (NEAR VELEZ HOSPITAL)', 'WORKING FIRE', 'WING VALAZANTE', '09228367938', '12:24 PM', '12:52 PM', 'MELISSA', 9, '0', 'Yes', '75, 72', ''),
(222, '2017-06-18', 'BRGY. LUZ CEBU CITY', 'RESIDENTIAL / KISAME 1 HOUSE INVOLVED', 'OC', '160', '12:40 AM', '12:12 AM', '91', 0, '0', 'Yes', '', '91, 93, 97'),
(223, '2015-07-07', '3RD ST. SAN ANTONIO VILLAGE, BRGY. APAS', 'WORKING FIRE, RESIDENTIAL', 'OC', '160', '07:14 PM', '07:36 PM', 'MELISSA', 30, '0', 'Yes', '', '22,27,62,63,88,55'),
(224, '2015-07-11', 'BRGY. KAMPUTHAW NEAR WINDLAND TOWER', 'NON-WORKING FIRE', 'OC', '160', '02:39 PM', '02:41 PM', 'MELISSA', 85, '0', 'No', '', '35, 43, 83, 85, 86'),
(225, '2015-07-14', 'OFFICE OF THE VICE MAYOR, CITY HALL ', 'SMOKE ALARM', 'OC', '160', '05:43 PM', '05:50 PM', 'MELISSA', 75, '0', 'Yes', '', '35'),
(226, '2015-07-17', 'OPRA UNIT 2 NEAR BASKETBALL COURT', 'WORKING FIRE', 'OC', '160', '04:24 AM', '04:36 AM', '83', 94, '0', 'Yes', '', '22, 63, 90, 88, 77, 85, 86'),
(227, '2015-07-17', 'TRES DE ABRIL, DAKLAN COMPOUND AT THE BACK OF CIT', 'GARBAGE FIRE', 'OC', '160', '04:20 PM', '04:29 PM', 'ERIC', 9, '0', 'No', '', '09, 22, 29, 35, 38, 40, 56, 70, 75, 80, 82, 88, 90, D1'),
(228, '2015-07-18', 'APAS NATIONAL HIGH SCHOOL', 'NON-WORKING FIRE, SCHOOL BLDG.', 'OC', '160', '10:13 AM', '10:18 AM', 'DONNA', 48, '0', 'No', '', '48, 43, D1, D2, R1, R2'),
(229, '2015-07-21', 'SITIO ROCK HILLS, BRGY. TISA, CEBU CITY', 'WORKING FIRE, RESIDENTIAL', 'OC', '160', '10:35 AM', '10:56 AM', 'DONNA', 70, '0', 'Yes', '72', '85, 22, 79'),
(230, '2015-07-21', 'PAKNAAN MANDAUE, ANDAYA COMPND NEAR CANSAGA BRIGDE', 'NON-WORKING FIRE', 'OC', '160', '08:39 PM', '08:42 PM', 'MELISSA', 88, '0', 'No', '', '88, 93, 94'),
(231, '2015-07-26', 'SAMBAG I NEAR BRGY. HALL', 'NON-WORKING FIRE', 'OC', '160', '05:25 PM', '05:31 PM', 'ERIC', 94, '0', 'No', '', ''),
(232, '2015-07-27', 'SITIO KALYIHUN, LABANGON, UNIVELLE, KASAMBAGAN', 'Electrical Fire', 'OC', '160', '03:21 PM', '03:32 PM', 'DONNA', 75, '0', 'Yes', '', '55, 43'),
(233, '2015-07-28', 'TABOAN, TRES DE ABRIL', 'WORKING FIRE', 'OC', '160', '06:39 AM', '06:53 AM', '92', 45, '12', 'Yes', '', '22, 55, 88'),
(234, '2015-07-29', 'GENERAL SERVICE OFFICE (GSO) NEAR SRP', 'Electrical Fire', 'OC', '160', '04:47 PM', '04:57 PM', 'DANIEL', 85, '0', 'No', '', '70'),
(235, '2015-08-02', 'SALINAS DRIVE LAHUG, CEBU CITY', '1 HOUSE BEHIND METROBANK SUNFLOWER SIDE', 'OC', '160', '04:58 AM', '05:13 AM', '91', 84, '0', 'Yes', '', '92, 55, 63, 22, 88'),
(236, '2015-08-02', 'PRIVATE ROAD, ATBANG MATERNITY CLINIC, BRGY. SAMBAG I', 'WORKING FIRE, LIGHT MATERIALS', 'OC', '160', '11:30 PM', '12:44 AM', '84', 48, '70', 'Yes', '', ''),
(237, '2015-08-11', 'SITIO DATAG KABATUAN, BRGY. MARIBAGO', 'NON-WORKING FIRE', '87', '', '10:46 AM', '10:54 AM', 'DANIEL', 87, '0', 'No', '', ''),
(238, '2015-08-11', 'SAN CARLOS GIRLS HIGH (NEAR BRIDGE)', 'NON-WORKING FIRE', 'OC', '160', '11:31 AM', '11:36 AM', 'DONNA', 0, '0', 'No', '', ''),
(239, '2015-08-14', 'SAMBAG 2, SITIO LOWER MAHILOM', 'NON-WORKING FIRE', 'OC', '160', '01:12 PM', '01:19 PM', 'ERIC', 85, '0', 'No', '', '48'),
(240, '2015-08-17', 'INGLIS, V. RAMA (ATBANG SEC)', 'NON-WORKING FIRE', 'OC', '160', '03:17 PM', '03:27 PM', 'DONNA', 0, '0', 'No', '', ''),
(241, '2015-08-20', 'MARCAS, LAHUG', 'SMOKE ALARM', 'HENRY EGER', '09169010208', '11:35 AM', '11:44 AM', 'DONNA', 0, '0', 'No', '', ''),
(242, '2015-08-23', 'PAKNAAN MANDAUE (UNAHAN URATEX)', 'RESIDENTIAL', 'MICHELLE', '09228367938', '12:25 PM', '12:31 PM', 'DONNA', 0, '0', 'No', '', ''),
(243, '2015-08-27', 'SUNDULAN ST., MABOLO CEBU CITY', 'WORKING FIRE, LIGHT MATERIALS', 'OC', '160', '10:40 AM', '10:56 AM', 'DONNA', 88, '17', 'Yes', '40', '48, 95, 79'),
(244, '2015-09-02', '11-2 BRGY. CARRETA', 'NON-WORKING FIRE', 'OC', '160', '02:33 PM', '02:35 PM', 'DONNA', 0, '0', 'No', '', ''),
(245, '2015-09-02', 'ALBERTOS BANILAD, A.S. FORTUNA', 'Electrical Fire', 'OC', '160', '09:29 PM', '09:35 PM', '98', 90, '0', 'No', '', ''),
(246, '2015-09-03', 'UN AVENUE, MANDAUE (315 AUTOPARTS)', 'SMOKE ALARM', 'OC', '160', '07:16 PM', '07:34 PM', 'DANIEL', 85, '0', 'No', '', '30'),
(247, '2015-09-05', 'QUIOT, PARDO', 'WORKING FIRE', 'OC', '160', '04:03 AM', '04:27 AM', '83', 88, '0', 'Yes', '', '22, 90'),
(248, '2015-09-08', 'IBABAO MANDAUE NEAR PACIFIC MALL / CHEVROLET', 'WORKING FIRE, APARTMENT', '77', '', '09:48 PM', '10:10 PM', '94', 85, '0', 'Yes', '', '22, 62, 79, 82'),
(249, '2015-09-09', 'JULIES BAKESHOP, COGON PARDO', 'WOKRING FIRE', 'OC', '160', '03:53 AM', '04:00 AM', '94', 83, '0', 'Yes', '', '85, 88, 89, 93, 95, 96'),
(250, '2015-09-09', 'KAMANSI, PAKNAAN MANDAUE', 'GARBAGE FIRE', 'HAPPY BACARO', '3163061', '02:14 PM', '02:34 PM', 'DONNA', 48, '0', 'No', '', '22,88,27,80,96,35'),
(251, '2015-09-09', 'ECOTECH LAHUG', 'OFFICE FIRE', 'OC', '160', '10:02 PM', '10:28 PM', '83', 90, '0', 'Yes', '', '22, 55, 62, 63, 95'),
(252, '2015-09-11', 'NEAR PERPETUAL SUCCOUR  HOSPITAL', 'WORKING FIRE, 1 HOUSE', 'OC', '160', '11:46 PM', '11:54 PM', '96', 88, '0', 'Yes', '22, 72, 75, 80, 87, 90, 94, 95, 63', '40, 27'),
(253, '2015-09-12', 'QUIOT, PARDO', 'WORKING FIRE', 'OC', '160', '04:20 AM', '04:42 AM', '92', 88, '0', 'Yes', '', ''),
(254, '2015-09-18', 'LABOGON, MANDAUE', 'WORKING FIRE', '75', '', '10:31 PM', '11:13 PM', '88', 92, '24', 'Yes', '', '22, 55, 80, 89'),
(255, '2015-09-23', 'RICHMOND HOTEL, GORORDO', 'Electrical Fire', 'OC', '160', '08:22 AM', '08:27 AM', 'DONNA', 94, '0', 'No', '', ''),
(256, '2015-09-23', 'NEAR SUNGOLD TRADING, COLON BORROMEO', 'NON-WORKING FIRE', 'OC', '160', '09:13 AM', '09:18 AM', 'DONNA', 85, '0', 'No', '', ''),
(257, '2015-10-02', 'SAINT ANTHONY VILLAGE, CADAHU-AN TALAMBAN', 'WOKRING FIRE', 'OC', '160', '04:07 PM', '04:50 PM', 'DANIEL', 72, '0', 'Yes', '', '82, 83, 42, 48'),
(258, '2015-10-04', 'MANALILI ST. NEAR FREEMAN', 'RESIDENTIAL, 2 STOREY BLDG BETWEEN LIGHT MATERIALS', 'OC', '160', '12:35 AM', '01:02 AM', '94', 90, '12', 'Yes', '', '98, 97, 22'),
(259, '2015-10-05', 'MOLAVE EXTENSION, TALISAY', 'NON-WORKING FIRE', '77', '', '03:32 PM', '03:36 PM', 'DONNA', 77, '0', 'No', '', ''),
(260, '2015-10-08', 'CEBU BAZAAR', 'SMOKE ALARM', 'OC', '160', '10:39 PM', '11:00 PM', '83', 89, '0', 'Yes', '', ''),
(261, '2015-10-12', 'BUHISAN NEAR BF HOMES', 'RESIDENTIAL', 'OC', '160', '01:59 AM', '02:08 AM', '85', 85, '0', 'No', '', ''),
(262, '2015-10-12', 'UMAPAD ST. BRGY. KASAMAHAN', 'WORKING FIRE', 'OC', '160', '10:52 AM', '10:55 AM', 'DONNA', 85, '0', 'Yes', '', '45'),
(263, '2015-10-12', 'LOOC, MANDAUE', 'SMOKE ALARM', 'OC', '', '11:13 AM', '11:24 AM', 'donna', 85, '0', 'No', '', '45'),
(264, '2015-10-13', 'ANDRES ABELLANA, LIM KAKING SUBDIVISION', 'Electrical Fire', 'OC', '160', '11:23 AM', '11:27 AM', 'DONNA', 85, '0', 'No', '', '86'),
(265, '2015-10-16', '711 SANSIANGKO PANGANIBAN', 'FOR VERIFICATION', 'OC', '160', '10:25 PM', '10:32 PM', '95', 88, '0', 'Yes', '', ''),
(266, '2015-10-18', 'WEST CITY HOME, BANAWA', 'WORKING FIRE', 'CALLER', '3160112', '01:22 PM', '01:35 PM', 'DANIEL', 90, '0', 'Yes', '', '92'),
(267, '2015-10-18', 'GABI, CORDOVA', 'NON-WORKING FIRE', '55', '', '04:07 PM', '04:13 PM', 'DANIEL', 0, '0', 'No', '', ''),
(268, '2015-10-18', 'CANSOJONG TALISAY, FORTUNE PLAIN VILLAGE', 'WORKING FIRE', 'MARJORIE CARDINAS', '09272850334', '04:42 PM', '05:15 PM', 'DANIEL', 92, '0', 'Yes', '', '42, 88, 22'),
(269, '2015-10-24', 'PAGSABONGAN LUYO DEDON, MANDAUE', 'WORKING FIRE, LIGHT MATERIALS', '50', '', '06:06 PM', '06:36 PM', 'ERIC', 77, '0', 'Yes', '72', '27, 42, 95, 97, 22'),
(270, '2015-10-26', 'BRGY. CARRETA', 'WORKING FIRE', 'OC', '160', '07:46 PM', '07:51 PM', 'ERIC', 85, '0', 'Yes', '72, 68, 27', '92, 97, 98'),
(271, '2015-10-28', 'BRGY. INAYAWAN', 'WORKING FIRE, 1 HOUSE', 'OC', '160', '08:27 AM', '08:46 AM', 'DONNA', 94, '0', 'Yes', '77', '48, 22, 88, 95, 83, 85, 80'),
(272, '2015-10-28', 'MEPZ 1, GATE 4 LEAR COMPANY', 'WORKING FIRE', 'ELISIO DINGKONG', '27725', '09:39 PM', '09:46 PM', '88', 90, '0', 'Yes', '', '80, 92'),
(273, '2015-10-30', 'TALAMBAN CEMETERY', 'SMOKE ALARM', 'OC', '160', '04:06 PM', '04:18 PM', 'ERIC', 85, '0', 'No', '', '95'),
(274, '2015-10-31', 'FLAMINGO ST. STO. NINO VILLAGE, BANILAD', 'WORKING FIRE, 1 HOUSE', 'RANILO BAGUIO', '4166327', '11:35 AM', '11:55 AM', 'DONNA', 85, '0', 'Yes', '80', '75, 90, 27'),
(275, '2015-11-01', 'SITIO BACA, BANILAD CEBU CITY', 'RESIDENTIAL', 'OC', '160', '02:06 AM', '02:46 AM', '95', 30, '15', 'Yes', '', '97'),
(276, '2015-11-01', 'KALUBIHAN 2, BACANTON MANDAUE', 'NON-WORKING FIRE', 'LOREN', '2394969', '08:15 PM', '08:27 PM', 'ERIC', 0, '0', 'No', '', ''),
(277, '2015-11-03', 'KINASANG-AN, PARDO', 'NON-WORKING FIRE', 'OC', '160', '02:35 PM', '02:36 PM', 'DONNA', 0, '0', 'No', '', ''),
(278, '2015-11-03', 'BONBONAN, A. LOPEZ', 'RESIDENTIAL', '75', '', '06:32 PM', '06:36 PM', 'DANIEL', 91, '0', 'Yes', '75', '85, 86, 77, 80'),
(279, '2015-11-05', 'SITIO CAYPA, INGLISH V. RAMA', 'NON-WORKING FIRE', 'GENEVIEVE RIVERA', '09223777881', '12:17 PM', '12:26 PM', 'DANIEL', 85, '0', 'Yes', '', ''),
(280, '2015-11-05', 'CITILINK', 'NON-WORKING FIRE', 'OC', '160', '06:03 PM', '06:07 PM', 'DANIEL', 92, '0', 'No', '', ''),
(281, '2015-11-06', 'CHINESE TEMPLE (DINING HALL)', 'Electrical Fire', 'TYRON YAP', '5166626', '05:47 PM', '05:56 PM', 'DANIEL', 92, '0', 'Yes', '', ''),
(282, '2015-11-06', 'MG ARCADE, MANDAUE', 'NON-WORKING FIRE', 'OC', '', '07:27 PM', '07:37 PM', 'DANIEL', 83, '0', 'No', '', '22'),
(283, '2015-11-09', 'V.G. SHIPPINGS, NEAR CTU', 'NON-WORKING FIRE', 'OC', '160', '04:37 PM', '04:39 PM', 'DANIEL', 0, '0', 'No', '', ''),
(284, '2015-11-10', 'BUHISAN, SITIO TAYTAYAN', 'RESIDENTIAL', 'OC', '160', '09:21 AM', '09:32 AM', 'DONNA', 0, '0', 'No', '', ''),
(285, '2015-11-17', 'ALASKA, MAMBALING', 'WORKING FIRE, LIGHT MATERIALS', '75', '', '09:21 AM', '10:02 AM', 'DONNA', 30, '40', 'Yes', '', '42'),
(286, '2015-11-19', 'CANTON BEACH, CANSOJONG TALISAY', 'WORKING FIRE', 'SWEETHEART TAYONG', '5117867', '06:13 PM', '06:15 PM', 'DANIEL', 30, '0', 'Yes', '', ''),
(287, '2015-11-20', 'S. BINABAG, CONSOLACION', 'VISIBLE SMOKE', 'ERUF', '', '02:13 PM', '02:22 PM', 'DANIEL', 92, '0', 'Yes', '', ''),
(288, '2015-11-20', 'AA''S BBQ, AS FORTUNA BANILAD', 'WORKING FIRE', 'ERUF', '161', '04:27 PM', '04:38 PM', 'DANIEL', 85, '0', 'Yes', '72, 75', '35, 43, 83, 27, 85, 88'),
(289, '2015-11-23', 'WHITE ROAD, PARDO INAYAWAN', 'NON-WORKING FIRE', 'OC', '160', '06:55 PM', '07:00 PM', 'ERIC', 90, '0', 'No', '', '97'),
(290, '2015-11-24', 'FERNAN BRIGDE, MACTAN', 'SHIP FIRE', 'OC', '', '04:28 PM', '04:39 PM', 'ERIC', 35, '0', 'Yes', '', '88, 75'),
(291, '2015-11-29', 'BRGY. APAS, PUSOK SAIS', 'WORKING FIRE', 'OC', '160', '07:54 AM', '08:06 AM', 'DANIEL', 45, '0', 'Yes', '', '90,84,91,82,98,95'),
(292, '2015-11-29', 'PAKNAAN, MANDAUE CITY', 'RESIDENTIAL, 3RD ALARM', 'MICHELLE', '4203632', '02:15 PM', '03:02 PM', 'DANIEL', 77, '14', 'Yes', '29, 30, 80, 84, 68', '35'),
(293, '2015-11-29', 'URGELLO, TANGKONAN', 'NON-WORKING FIRE', 'OC', '160', '04:33 PM', '05:02 PM', 'ERIC', 0, '0', 'No', '', ''),
(294, '2015-11-30', 'SITIO SALVADOR, TANKE TALISAY', 'WORKING FIRE, RESIDENTIAL', 'MARY ANN NULINGIN', '2721697', '02:50 PM', '03:11 PM', 'DONNA', 85, '0', 'Yes', '75', '22, 88, 83'),
(295, '2015-12-01', 'STANDILOS PIZZA, OPAO, MANDAUE', 'WAREHOUSE, LIGHT MATERIALS', 'LOLIE OUANO', '09177200002', '07:20 AM', '08:00 AM', 'DONNA', 83, '40', 'Yes', '', '42'),
(296, '2015-12-02', 'DONA MARIA VILLAGE EXT. PUNTA PRINCESA, CEBU CITY', 'LIGHT MATERIALS', 'OC', '160', '11:07 PM', '11:53 PM', '95', 63, '10', 'Yes', '', '89, 90'),
(297, '2015-12-07', 'CANSOJONG CEMETERY, TANKE TALISAY', 'WORKING FIRE, RESIDENTIAL', 'OC', '160', '07:06 PM', '07:53 PM', 'DANIEL', 85, '9', 'Yes', '', '97, 30, 92'),
(298, '2015-12-14', 'P. LOPEZ, IN FRONT OF USJR', 'Electrical Fire', 'CAROLINE', '2554451', '03:10 PM', '03:31 PM', 'DONNA', 85, '0', 'Yes', '', ''),
(299, '2015-12-15', 'INAYAWAN TREAMENT BEHIND LANDFILL', 'WORKING FIRE', 'OC', '160', '10:10 PM', '10:30 PM', '98', 85, '0', 'Yes', '', ''),
(300, '2015-12-18', 'HERNAN CORTES, MANDAUE CITY', 'WORKING FIRE', '80', '', '08:53 PM', '09:05 PM', 'ERIC', 80, '0', 'Yes', '27, 72, 63, 22, 90, 92', '45'),
(301, '2015-12-21', 'TINABANGAY 2, ALASKA MAMBALING', 'WORKING FIRE, LIGHT MATERIALS', 'OC', '160', '03:04 PM', '03:26 PM', 'DANIEL', 80, '4', 'Yes', '', '88,96'),
(302, '2015-12-25', 'TALAMBAN PROPER', 'WORKING FIRE, 2 STOREY BLDG.', 'OC', '160', '11:15 AM', '11:28 AM', 'ERIC', 83, '0', 'Yes', '29,27', '75,92'),
(303, '2015-12-26', 'SITIO AVOCADO, BRGY. LAHUG', 'WORKING FIRE, RESIDENTIAL', 'OC', '160', '06:10 PM', '07:49 PM', 'DANIEL', 90, '30', 'Yes', '', '98,97,48'),
(304, '2015-12-30', 'JUANA OSMENA EXT, AT THE BACK OF WINLAND TOWER', 'RESIDENTIAL, HALF PART OF THE HOUSE', 'JAM DOSDOS', '4123524', '07:34 AM', '07:40 AM', 'DONNA', 85, '9', 'Yes', '75, 22, 88', '43,92'),
(305, '2015-12-31', 'ERMITA NEAR BRGY. ERMITA HALL', 'NON-WORKING FIRE', 'OC', '160', '09:35 PM', '09:43 PM', 'DONNA', 0, '0', 'No', '', ''),
(306, '2015-12-31', 'INAYAWAN NEAR SCHOOL', 'WORKING FIRE', 'OC', '160', '11:58 PM', '12:02 AM', 'DONNA', 0, '0', 'No', '', ''),
(307, '2016-01-02', 'PIER 1, IN FRONT OF BFAR MADRIGAL WAREHOUSE', 'WAREHOUSE OCCUPIED BY EMBC & DU EK SAM INC.', 'NIDA DABAJAO', '2530224', '12:59 PM', '01:36 PM', 'DANIEL', 30, '23', 'Yes', '', ''),
(308, '2016-01-03', 'SALINAS DRIVE EXTENSION, LAHUG', 'RESIDENTIAL', 'OC', '160', '02:22 AM', '03:18 AM', '98', 91, '11', 'Yes', '', '97, 22, 63, 88'),
(309, '2016-01-05', 'CROWN REGENCY, FUENTE', 'CAR FIRE', 'OC', '160', '12:19 PM', '12:22 PM', '97', 83, '0', 'Yes', '', '86'),
(310, '2016-01-10', 'BLUE PLANET INC. & INTER-CASE DESIGN, GUADALUPE', 'RESIDENTIAL', '55', '', '07:38 PM', '08:10 PM', 'DANIEL', 48, '21', 'Yes', '', ''),
(311, '2016-01-12', 'AMADORA APARTMENT, M.VELEZ EXT. CAPITOL SITE CEBU CITY', 'WORKING FIRE, RESIDENTIAL', 'OC', '160', '08:34 AM', '09:35 AM', 'DONNA', 30, '30', 'Yes', '', '27'),
(312, '2016-01-12', 'GAISANO CAPITAL SOUTH, KALUBIHAN CEBU CITY', 'SMOKE ALARM, MANG INASAL', 'OC', '160', '10:29 AM', '10:40 AM', 'DONNA', 9, '0', 'Yes', '', ''),
(313, '2016-01-13', 'SITIO CACTUS, BRGY. INAYAWAN', 'RESIDENTIAL', 'OC', '160', '02:24 PM', '02:32 PM', 'DONNA', 96, '0', 'Yes', '80,75,09', '85,22,88'),
(314, '2016-01-13', 'SITIO SAN ISIDRO LABRADOR, QUIOT PARDO', 'RESIDENTIAL, GENERAL ALARM', 'EVANGELINE CO', '5201233', '06:10 PM', '07:33 PM', 'DANIEL', 85, '50', 'Yes', '', '97, 48, 79, 84, 91'),
(315, '2016-01-19', 'AT THE BACK OF FOODA GUADALUPE', 'WORKING FIRE', 'OC', '160', '04:37 PM', '04:55 PM', 'DANIEL', 9, '0', 'Yes', '72,75', '30,35,27,80'),
(316, '2016-01-20', 'SITIO FATIMA, UBOS GMA, BRGY. APAS', 'WORKING FIRE', 'LOLO CARDANO', '2316640', '07:27 PM', '08:04 PM', 'DONNA', 48, '0', 'Yes', '72,75,29', '86,30,83,97'),
(317, '2016-01-21', 'SITIO 1, BRGY. NANGKA, CONSOLACION', 'RESIDENTIAL', '68', '', '11:54 AM', '12:33 PM', 'DONNA', 30, '0', 'Yes', '', ''),
(318, '2016-01-21', 'SOUTH HILLS, TISA', 'GRASS FIRE', 'MYRA RENTUZA', '4068658', '12:34 PM', '01:10 PM', 'DONNA', 88, '0', 'Yes', '', ''),
(319, '2016-01-24', 'DULJO FATIMA, C. PADILLA', 'RESIDENTIAL', 'OC', '160', '05:02 PM', '05:42 PM', 'DANIEL', 48, '30', 'Yes', '', '86'),
(320, '2016-01-29', 'BRGY. IBABAO, ESTANCIA OR BRGY. GUIZO', 'RESIDENTIAL, LIGHT MATERIALS', 'LINDA TAN', '3458842', '02:13 PM', '02:58 PM', 'DONNA', 79, '15', 'Yes', '', ''),
(321, '2016-02-06', 'SITIO UPPER PANGPANG, GUADALUPE', 'RESIDENTIAL', 'CATHERINE QUINADO', '3503688', '12:07 PM', '12:19 PM', 'DONNA', 92, '1', 'Yes', '75, 95', '90, 80'),
(322, '2016-02-07', 'BEVERLY HILLS LAHUG (AT THE BACK OF EDDIE GAISANO''S HOUSE', 'GRASS FIRE', 'JESS GO', '09228150900', '03:23 PM', '04:12 PM', 'DONNA', 75, '0', 'Yes', '', ''),
(323, '2016-02-08', 'SANCIANGKO ST. (BACK OF UV)', 'WORKING FIRE, RESIDENTIAL', 'OC', '160', '11:30 PM', '12:03 AM', '91', 84, '15', 'Yes', '', '30,85,89'),
(324, '2016-02-12', 'INFRONT COMPREHENSIVE NATIONAL HIGH SCHOOL', 'WORKING FIRE, 2 STOREY BLDG.', 'OC', '160', '10:14 PM', '10:25 PM', '90', 88, '0', 'Yes', '', ''),
(325, '2016-02-19', 'CORNER LABOGON, BASAK MANDAUE', 'WORKING FIRE, RESIDENTIAL', 'OC', '', '05:34 PM', '06:00 PM', 'DANIEL', 92, '0', 'Yes', '72, 95', ''),
(326, '2016-02-22', 'SITIO ALLIANCE AT TWO HEARTS, BASAK MANDAUE', 'RESIDENTIAL, LIGHT MATERIALS', 'MARICHU AMAYA', '3453058', '10:32 AM', '11:11 AM', 'DONNA', 80, '0', 'Yes', '', ''),
(327, '2016-03-01', 'TB PAVILION, SITIO KAWATAN, SAMBAG II CEBU CITY', 'RESIDENTIAL, LIGHT MATERIALS', 'OC', '160', '09:35 PM', '10:28 PM', '93', 9, '12', 'Yes', '', '93'),
(328, '2016-03-10', 'LEXMARK PLAZA TOWER 1, CEBU BUSINESS PARK', 'SMOKE ALARM', 'OC', '160', '09:03 AM', '10:35 AM', 'DONNA', 9, '0', 'Yes', '', '55, 95'),
(329, '2016-03-10', 'A.C. CORTEZ, MANDAUE CITY', 'RESIDENTIAL', 'BLAKE GO', '09173225162', '09:30 AM', '10:00 AM', 'DONNA', 86, '0', 'Yes', '', ''),
(330, '2016-03-12', 'MANTUYONG GUIZO, LUYO CICC, MANDAUE', 'GENERAL ALARM, LIGHT MATERIALS', 'OC', '160', '01:47 AM', '04:11 AM', '93', 9, '40', 'Yes', '', ''),
(331, '2016-03-19', 'BAYABAS, MAMBALING', 'RESIDENTIAL', 'oc', '160', '01:49 PM', '01:59 PM', 'donna', 90, '0', 'Yes', '75', '35, 48, 22'),
(332, '2016-03-19', 'PAKNAAN, MANDAUE', 'RESIDENTIAL', 'OC', '160', '03:55 PM', '04:01 PM', 'DONNA', 90, '0', 'Yes', '', ''),
(333, '2016-03-21', 'SITIO PUNGSOD, BRGY. LAWAAN TRES, TALISAY CITY', 'RESIDENTIAL, GENERAL ALARM', 'OC', '', '10:38 AM', '11:45 AM', 'DONNA', 48, '60', 'Yes', '', '30, 45, 50, 86, 55'),
(334, '2016-03-22', 'SITIO PANAGHIUSA, BRGY. DULJO FATIMA', 'RESIDENTIAL, GENERAL ALARM', 'OC', '160', '06:59 AM', '07:26 AM', 'DONNA', 85, '60', 'Yes', '', '97'),
(335, '2016-03-28', 'PAKNAAN, MANDAUE CITY', 'NON-WORKING FIRE', 'OC', '', '04:05 AM', '04:26 AM', '91', 92, '0', 'No', '', '45,83,84,85,86,91,92'),
(336, '2016-03-29', 'PIER 7 SULPICIO', 'RUBBISH FIRE', 'DIRECT', '', '05:38 AM', '06:30 AM', '90', 83, '4', 'Yes', '', '97'),
(337, '2016-03-29', 'ESPINA VILLA, B. RODRIGUEZ, GUADALUPE', 'NON-WORKING FIRE', 'OC', '160', '02:13 PM', '02:16 PM', 'JOANN', 0, '0', 'No', '', 'DONNA'),
(338, '2016-03-30', 'YAKSKIE BBQ, IT PARK CEBU CITY', 'NON-WORKING FIRE', 'JEFFREX', '4061186', '10:11 AM', '10:17 AM', 'JOANN', 0, '0', 'No', '', 'DONNA'),
(339, '2016-03-31', 'PERPETUAL SUCCOUR, NEAR GASOLINE STATION', 'Electrical Fire', 'OC', '160', '02:26 PM', '02:32 PM', 'JOANN', 0, '0', 'No', '', 'DONNA'),
(340, '2016-04-01', 'HERITAGE PARK', 'NON-WORKING FIRE', 'OC', '160', '12:42 PM', '12:43 PM', 'DONNA', 0, '0', 'No', '', ''),
(341, '2016-04-01', 'KAMPUTHAW ELEM. SCHOOL', 'NON-WORKING FIRE', 'OC', '160', '02:42 PM', '02:46 PM', 'DONNA', 0, '0', 'No', '', ''),
(342, '2016-04-01', 'LAGTANG, TALISAY', 'NON-WORKING FIRE', 'OC', '160', '03:30 PM', '03:50 PM', 'DONNA', 94, '0', 'No', '', ''),
(343, '2016-04-01', 'PAGSABONGAN, MANDAUE', 'NON-WORKING FIRE, BODEGA', 'VICKY', '5110298', '05:05 PM', '05:20 PM', 'DONNA', 9, '0', 'Yes', '22', '27'),
(344, '2016-04-02', 'KAMANGGAHAN, KATIPUNAN ST. BRGY. LABANGON', 'WORKING FIRE, RESIDENTIAL', 'OC', '160', '01:48 AM', '02:18 AM', '92', 83, '30', 'Yes', '', '40'),
(345, '2016-04-02', 'MINNIES KATE INTERNET CAFE, JUNQUERA ST. CEBU CITY', 'SMOKE ALARM', 'OC', '160', '04:15 PM', '04:17 PM', 'DONNA', 0, '0', 'No', '', 'JOANN'),
(346, '2016-04-06', 'TANGKE, TALISAY', 'GRASS FIRE', 'D1''S COUSIN', '0', '12:52 PM', '01:05 PM', 'DONNA', 0, '0', 'No', '', 'JOANN'),
(347, '2016-04-07', 'SITIO LARAY, BRGY SAN ROQUE, TALISAY CITY', 'WORKING FIRE, RESIDENTIAL', 'OC', '160', '09:38 AM', '10:10 AM', 'DONNA', 86, '0', 'Yes', '09, 72', ''),
(348, '2016-04-14', 'BARIO LUZ', 'Electrical Fire', 'OC', '160', '10:01 AM', '10:10 AM', 'DONNA', 0, '0', 'No', '', ''),
(349, '2016-04-14', 'DONA ESPERANZA VILLAGE, LABANGON CEBU CITY', 'LIGHT MATERIALS, 1 HOUSE BUNGALOO', 'OC', '160', '03:33 PM', '03:48 PM', 'DONNA', 75, '0', 'No', '75', '88, 95, 27, R1,R2,R3'),
(350, '2016-04-16', 'VILLALON DRIVE, CAPITOL SITE, CEBU CITY', 'LIGHT MATERIALS', 'OC', '160', '06:19 PM', '07:21 PM', 'DONNA', 48, '36', 'Yes', '', '30'),
(351, '2015-04-21', 'LA GUARDIA, LAHUG', 'WORKING FIRE', 'DORES COLENARES', '2344339', '11:03 AM', '11:07 AM', 'N/A', 0, '0', 'No', '', '');

-- --------------------------------------------------------

--
-- Table structure for table `meeting`
--

DROP TABLE IF EXISTS `meeting`;
CREATE TABLE IF NOT EXISTS `meeting` (
  `id` bigint(20) NOT NULL AUTO_INCREMENT,
  `date_of_meeting` date NOT NULL,
  `activity` text NOT NULL,
  `venue` text NOT NULL,
  `oic` varchar(10) NOT NULL,
  `remarks` text NOT NULL,
  `recorder` varchar(10) NOT NULL,
  `approved_by` varchar(10) DEFAULT NULL,
  `sent` tinyint(1) DEFAULT '0',
  `replied` tinyint(1) DEFAULT '0',
  PRIMARY KEY (`id`)
) ENGINE=InnoDB  DEFAULT CHARSET=utf8 AUTO_INCREMENT=24 ;

--
-- Truncate table before insert `meeting`
--

TRUNCATE TABLE `meeting`;
--
-- Dumping data for table `meeting`
--

INSERT INTO `meeting` (`id`, `date_of_meeting`, `activity`, `venue`, `oic`, `remarks`, `recorder`, `approved_by`, `sent`, `replied`) VALUES
(9, '2016-10-27', 'GM Meeting', 'Bravo', '48', 'GM Meeting', '93', NULL, 0, 0),
(10, '2016-09-29', 'GM Meeting', 'Bravo', '30', 'GM MEETING', '98', NULL, 0, 0),
(11, '2016-08-25', 'GM MEETING', 'Bravo', '48', 'GM MEETING', '83', NULL, 0, 0),
(12, '2016-07-28', 'GM MEETING', 'BRAVO', '48', 'GM MEETING', '93', NULL, 0, 0),
(13, '2016-06-30', 'GM MEETING', 'BRAVO', '09', 'GM MEETING', '93', NULL, 0, 0),
(14, '2016-04-28', 'GM MEETING', 'BRAVO', '48', 'GM MEETING', '93', NULL, 0, 0),
(15, '2016-03-31', 'GM MEETING', 'BRAVO', '48', 'GM MEETING', '48', NULL, 0, 0),
(16, '2016-02-25', 'GM MEETING', 'BRAVO', '48', 'GM MEETING', '93', NULL, 0, 0),
(17, '2015-11-26', 'GM MEETING', 'BRAVO', '48', 'gm meeting', '94', NULL, 0, 0),
(18, '2017-05-25', 'GM MEETING', 'BRAVO', '09', 'N/A', '91', NULL, 0, 0),
(20, '2017-03-30', 'GM MEETING', 'BRAVO', '09', 'SEE SEPARATE MINUTES OF THE MEETING', '84', NULL, 0, 0),
(21, '2017-03-16', 'GM MEETING', 'BRAVO', '48', '48 EXPLAIN', '96', NULL, 0, 0),
(22, '2017-01-26', 'GM MEETING', 'BRAVO', '48', 'N/A', '98', NULL, 0, 0),
(23, '2017-04-27', 'GM MEETING', 'BRAVO', '09', 'N/A', '84', NULL, 0, 0);

-- --------------------------------------------------------

--
-- Table structure for table `meeting_attendance`
--

DROP TABLE IF EXISTS `meeting_attendance`;
CREATE TABLE IF NOT EXISTS `meeting_attendance` (
  `meeting_id` bigint(20) NOT NULL,
  `unit` varchar(10) NOT NULL,
  `attendance_date` date NOT NULL,
  KEY `training` (`meeting_id`)
) ENGINE=InnoDB DEFAULT CHARSET=utf8;

--
-- Truncate table before insert `meeting_attendance`
--

TRUNCATE TABLE `meeting_attendance`;
--
-- Dumping data for table `meeting_attendance`
--

INSERT INTO `meeting_attendance` (`meeting_id`, `unit`, `attendance_date`) VALUES
(9, '09', '2016-10-27'),
(9, '13', '2016-10-27'),
(9, '29', '2016-10-27'),
(9, '30', '2016-10-27'),
(9, '43', '2016-10-27'),
(9, '48', '2016-10-27'),
(9, '50', '2016-10-27'),
(9, '63', '2016-10-27'),
(9, '72', '2016-10-27'),
(9, '75', '2016-10-27'),
(9, '79', '2016-10-27'),
(9, '83', '2016-10-27'),
(9, '86', '2016-10-27'),
(9, '87', '2016-10-27'),
(9, '90', '2016-10-27'),
(9, '92', '2016-10-27'),
(9, '93', '2016-10-27'),
(9, '94', '2016-10-27'),
(9, '97', '2016-10-27'),
(9, '42', '2016-10-27'),
(10, '27', '2016-09-29'),
(10, '29', '2016-09-29'),
(10, '30', '2016-09-29'),
(10, '38', '2016-09-29'),
(10, '40', '2016-09-29'),
(10, '43', '2016-09-29'),
(10, '45', '2016-09-29'),
(10, '63', '2016-09-29'),
(10, '75', '2016-09-29'),
(10, '80', '2016-09-29'),
(10, '85', '2016-09-29'),
(10, '88', '2016-09-29'),
(10, '90', '2016-09-29'),
(10, '91', '2016-09-29'),
(10, '94', '2016-09-29'),
(10, '96', '2016-09-29'),
(10, '98', '2016-09-29'),
(11, '09', '2016-08-25'),
(11, '22', '2016-08-25'),
(11, '27', '2016-08-25'),
(11, '29', '2016-08-25'),
(11, '30', '2016-08-25'),
(11, '38', '2016-08-25'),
(11, '40', '2016-08-25'),
(11, '45', '2016-08-25'),
(11, '63', '2016-08-25'),
(11, '75', '2016-08-25'),
(11, '80', '2016-08-25'),
(11, '83', '2016-08-25'),
(11, '87', '2016-08-25'),
(11, '88', '2016-08-25'),
(11, '89', '2016-08-25'),
(11, '90', '2016-08-25'),
(11, '92', '2016-08-25'),
(11, '94', '2016-08-25'),
(11, '48', '2016-08-25'),
(11, '97', '2016-08-25'),
(11, '98', '2016-08-25'),
(11, '82', '2016-08-25'),
(11, '42', '2016-08-25'),
(12, '09', '2016-07-28'),
(12, '13', '2016-07-28'),
(12, '22', '2016-07-28'),
(12, '48', '2016-07-28'),
(12, '55', '2016-07-28'),
(12, '63', '2016-07-28'),
(12, '80', '2016-07-28'),
(12, '83', '2016-07-28'),
(12, '85', '2016-07-28'),
(12, '88', '2016-07-28'),
(12, '92', '2016-07-28'),
(12, '93', '2016-07-28'),
(12, '94', '2016-07-28'),
(12, '97', '2016-07-28'),
(12, '90', '2016-07-28'),
(12, '98', '2016-07-28'),
(12, '87', '2016-07-28'),
(12, '29', '2016-07-28'),
(12, '75', '2016-07-28'),
(12, '82', '2016-07-28'),
(12, '40', '2016-07-28'),
(12, '45', '2016-07-28'),
(12, '86', '2016-07-28'),
(12, '95', '2016-07-28'),
(12, '42', '2016-07-28'),
(12, '50', '2016-07-28'),
(12, '38', '2016-07-28'),
(13, '09', '2016-06-30'),
(13, '13', '2016-06-30'),
(13, '22', '2016-06-30'),
(13, '30', '2016-06-30'),
(13, '38', '2016-06-30'),
(13, '43', '2016-06-30'),
(13, '45', '2016-06-30'),
(13, '50', '2016-06-30'),
(13, '55', '2016-06-30'),
(13, '56', '2016-06-30'),
(13, '63', '2016-06-30'),
(13, '77', '2016-06-30'),
(13, '80', '2016-06-30'),
(13, '85', '2016-06-30'),
(13, '86', '2016-06-30'),
(13, '87', '2016-06-30'),
(13, '88', '2016-06-30'),
(13, '89', '2016-06-30'),
(13, '90', '2016-06-30'),
(13, '92', '2016-06-30'),
(13, '93', '2016-06-30'),
(13, '94', '2016-06-30'),
(13, '96', '2016-06-30'),
(13, '42', '2016-06-30'),
(14, '09', '2016-04-28'),
(14, '13', '2016-04-28'),
(14, '22', '2016-04-28'),
(14, '29', '2016-04-28'),
(14, '35', '2016-04-28'),
(14, '42', '2016-04-28'),
(14, '43', '2016-04-28'),
(14, '45', '2016-04-28'),
(14, '48', '2016-04-28'),
(14, '50', '2016-04-28'),
(14, '56', '2016-04-28'),
(14, '63', '2016-04-28'),
(14, '72', '2016-04-28'),
(14, '75', '2016-04-28'),
(14, '80', '2016-04-28'),
(14, '83', '2016-04-28'),
(14, '85', '2016-04-28'),
(14, '86', '2016-04-28'),
(14, '87', '2016-04-28'),
(14, '88', '2016-04-28'),
(14, '90', '2016-04-28'),
(14, '91', '2016-04-28'),
(14, '92', '2016-04-28'),
(14, '93', '2016-04-28'),
(14, '94', '2016-04-28'),
(14, '96', '2016-04-28'),
(15, '48', '2016-03-31'),
(15, '30', '2016-03-31'),
(15, '09', '2016-03-31'),
(15, '29', '2016-03-31'),
(15, '35', '2016-03-31'),
(15, '38', '2016-03-31'),
(15, '40', '2016-03-31'),
(15, '42', '2016-03-31'),
(15, '43', '2016-03-31'),
(15, '45', '2016-03-31'),
(15, '50', '2016-03-31'),
(15, '55', '2016-03-31'),
(15, '72', '2016-03-31'),
(15, '80', '2016-03-31'),
(15, '83', '2016-03-31'),
(15, '85', '2016-03-31'),
(15, '86', '2016-03-31'),
(15, '87', '2016-03-31'),
(15, '88', '2016-03-31'),
(15, '89', '2016-03-31'),
(15, '90', '2016-03-31'),
(15, '91', '2016-03-31'),
(15, '92', '2016-03-31'),
(15, '94', '2016-03-31'),
(15, '95', '2016-03-31'),
(15, '22', '2016-03-31'),
(16, '09', '2016-02-25'),
(16, '13', '2016-02-25'),
(16, '22', '2016-02-25'),
(16, '29', '2016-02-25'),
(16, '30', '2016-02-25'),
(16, '35', '2016-02-25'),
(16, '42', '2016-02-25'),
(16, '45', '2016-02-25'),
(16, '56', '2016-02-25'),
(16, '38', '2016-02-25'),
(16, '72', '2016-02-25'),
(16, '75', '2016-02-25'),
(16, '84', '2016-02-25'),
(16, '85', '2016-02-25'),
(16, '86', '2016-02-25'),
(16, '87', '2016-02-25'),
(16, '88', '2016-02-25'),
(16, '89', '2016-02-25'),
(16, '91', '2016-02-25'),
(16, '92', '2016-02-25'),
(16, '93', '2016-02-25'),
(16, '94', '2016-02-25'),
(16, '95', '2016-02-25'),
(16, '96', '2016-02-25'),
(16, '77', '2016-02-25'),
(16, '48', '2016-02-25'),
(17, '48', '2015-11-26'),
(17, '30', '2015-11-26'),
(17, '09', '2015-11-26'),
(17, '13', '2015-11-26'),
(17, '22', '2015-11-26'),
(17, '29', '2015-11-26'),
(17, '35', '2015-11-26'),
(17, '38', '2015-11-26'),
(17, '42', '2015-11-26'),
(17, '55', '2015-11-26'),
(17, '63', '2015-11-26'),
(17, '72', '2015-11-26'),
(17, '79', '2015-11-26'),
(17, '80', '2015-11-26'),
(17, '83', '2015-11-26'),
(17, '85', '2015-11-26'),
(17, '86', '2015-11-26'),
(17, '87', '2015-11-26'),
(17, '88', '2015-11-26'),
(17, '90', '2015-11-26'),
(17, '92', '2015-11-26'),
(17, '94', '2015-11-26'),
(17, '95', '2015-11-26'),
(17, '96', '2015-11-26'),
(17, '91', '2015-11-26'),
(17, '75', '2015-11-26'),
(17, '40', '2015-11-26'),
(17, '84', '2015-11-26'),
(18, '09', '2017-05-25'),
(18, '13', '2017-05-25'),
(18, '22', '2017-05-25'),
(18, '29', '2017-05-25'),
(18, '30', '2017-05-25'),
(18, '38', '2017-05-25'),
(18, '40', '2017-05-25'),
(18, '42', '2017-05-25'),
(18, '43', '2017-05-25'),
(18, '50', '2017-05-25'),
(18, '55', '2017-05-25'),
(18, '56', '2017-05-25'),
(18, '63', '2017-05-25'),
(18, '72', '2017-05-25'),
(18, '75', '2017-05-25'),
(18, '80', '2017-05-25'),
(18, '83', '2017-05-25'),
(18, '84', '2017-05-25'),
(18, '86', '2017-05-25'),
(18, '87', '2017-05-25'),
(18, '88', '2017-05-25'),
(18, '89', '2017-05-25'),
(18, '90', '2017-05-25'),
(18, '91', '2017-05-25'),
(18, '92', '2017-05-25'),
(18, '94', '2017-05-25'),
(18, '95', '2017-05-25'),
(18, '96', '2017-05-25'),
(20, '09', '2017-03-30'),
(20, '30', '2017-03-30'),
(20, '13', '2017-03-30'),
(20, '22', '2017-03-30'),
(20, '29', '2017-03-30'),
(20, '38', '2017-03-30'),
(20, '40', '2017-03-30'),
(20, '42', '2017-03-30'),
(20, '43', '2017-03-30'),
(20, '45', '2017-03-30'),
(20, '50', '2017-03-30'),
(20, '55', '2017-03-30'),
(20, '56', '2017-03-30'),
(20, '72', '2017-03-30'),
(20, '75', '2017-03-30'),
(20, '80', '2017-03-30'),
(20, '82', '2017-03-30'),
(20, '84', '2017-03-30'),
(20, '87', '2017-03-30'),
(20, '88', '2017-03-30'),
(20, '89', '2017-03-30'),
(20, '90', '2017-03-30'),
(20, '91', '2017-03-30'),
(20, '92', '2017-03-30'),
(20, '94', '2017-03-30'),
(20, '95', '2017-03-30'),
(20, '96', '2017-03-30'),
(20, '97', '2017-03-30'),
(21, '48', '2017-03-16'),
(21, '09', '2017-03-16'),
(21, '30', '2017-03-16'),
(21, '13', '2017-03-16'),
(21, '22', '2017-03-16'),
(21, '29', '2017-03-16'),
(21, '38', '2017-03-16'),
(21, '42', '2017-03-16'),
(21, '43', '2017-03-16'),
(21, '45', '2017-03-16'),
(21, '50', '2017-03-16'),
(21, '56', '2017-03-16'),
(21, '63', '2017-03-16'),
(21, '72', '2017-03-16'),
(21, '75', '2017-03-16'),
(21, '77', '2017-03-16'),
(21, '80', '2017-03-16'),
(21, '84', '2017-03-16'),
(21, '85', '2017-03-16'),
(21, '86', '2017-03-16'),
(21, '87', '2017-03-16'),
(21, '88', '2017-03-16'),
(21, '89', '2017-03-16'),
(21, '90', '2017-03-16'),
(21, '92', '2017-03-16'),
(21, '94', '2017-03-16'),
(21, '95', '2017-03-16'),
(21, '96', '2017-03-16'),
(21, '98', '2017-03-16'),
(22, '48', '2017-01-26'),
(22, '09', '2017-01-26'),
(22, '30', '2017-01-26'),
(22, '22', '2017-01-26'),
(22, '29', '2017-01-26'),
(22, '38', '2017-01-26'),
(22, '40', '2017-01-26'),
(22, '42', '2017-01-26'),
(22, '43', '2017-01-26'),
(22, '45', '2017-01-26'),
(22, '50', '2017-01-26'),
(22, '55', '2017-01-26'),
(22, '56', '2017-01-26'),
(22, '72', '2017-01-26'),
(22, '75', '2017-01-26'),
(22, '80', '2017-01-26'),
(22, '83', '2017-01-26'),
(22, '84', '2017-01-26'),
(22, '86', '2017-01-26'),
(22, '87', '2017-01-26'),
(22, '88', '2017-01-26'),
(22, '89', '2017-01-26'),
(22, '90', '2017-01-26'),
(22, '92', '2017-01-26'),
(22, '94', '2017-01-26'),
(22, '95', '2017-01-26'),
(22, '98', '2017-01-26'),
(23, '09', '2017-04-27'),
(23, '30', '2017-04-27'),
(23, '13', '2017-04-27'),
(23, '22', '2017-04-27'),
(23, '29', '2017-04-27'),
(23, '38', '2017-04-27'),
(23, '40', '2017-04-27'),
(23, '42', '2017-04-27'),
(23, '43', '2017-04-27'),
(23, '45', '2017-04-27'),
(23, '50', '2017-04-27'),
(23, '55', '2017-04-27'),
(23, '56', '2017-04-27'),
(23, '63', '2017-04-27'),
(23, '72', '2017-04-27'),
(23, '80', '2017-04-27'),
(23, '83', '2017-04-27'),
(23, '84', '2017-04-27'),
(23, '86', '2017-04-27'),
(23, '87', '2017-04-27'),
(23, '88', '2017-04-27'),
(23, '89', '2017-04-27'),
(23, '90', '2017-04-27'),
(23, '92', '2017-04-27'),
(23, '94', '2017-04-27'),
(23, '95', '2017-04-27');

-- --------------------------------------------------------

--
-- Table structure for table `personnel`
--

DROP TABLE IF EXISTS `personnel`;
CREATE TABLE IF NOT EXISTS `personnel` (
  `id` int(11) NOT NULL AUTO_INCREMENT,
  `first_name` varchar(100) NOT NULL,
  `last_name` varchar(100) NOT NULL,
  `unit` varchar(10) NOT NULL,
  `status` varchar(10) NOT NULL,
  PRIMARY KEY (`id`),
  KEY `index_unit` (`unit`),
  KEY `unit` (`unit`),
  KEY `unit_2` (`unit`)
) ENGINE=InnoDB  DEFAULT CHARSET=utf8 AUTO_INCREMENT=55 ;

--
-- Truncate table before insert `personnel`
--

TRUNCATE TABLE `personnel`;
--
-- Dumping data for table `personnel`
--

INSERT INTO `personnel` (`id`, `first_name`, `last_name`, `unit`, `status`) VALUES
(4, 'Cesar', 'Tiu', '13', 'active'),
(5, 'Johnny', 'Chik', '18', 'active'),
(6, 'Tirso', 'Aberia', '22', 'active'),
(7, 'Alexander', 'Sia', '27', 'active'),
(8, 'Mark Anthony', 'Raola', '29', 'active'),
(9, 'Ronnie', 'Gocuan', '30', 'active'),
(10, 'Maxwell', 'Ahyong', '35', 'inactive'),
(11, 'Jason', 'Dy', '38', 'active'),
(12, 'Micheal', 'Dy', '40', 'active'),
(13, 'Joubert', 'Lim', '42', 'active'),
(14, 'Alfred', 'Chu', '43', 'active'),
(15, 'Philip', 'Po', '45', 'active'),
(16, 'Wilton', 'Uykingtian', '48', 'active'),
(17, 'Leonardo', 'Angeles Jr.', '50', 'active'),
(18, 'Dick Nathan', 'Co', '55', 'active'),
(19, 'Roberto', 'Labadan', '56', 'active'),
(20, 'Benjamin', 'Go', '62', 'active'),
(21, 'Bronson', 'Pea', '63', 'active'),
(22, 'Jepher', 'Racuya', '68', 'active'),
(23, 'Dennis', 'Cuenco', '72', 'active'),
(24, 'Micheal', 'Tan', '75', 'active'),
(25, 'Kimhe', 'Chan', '77', 'active'),
(26, 'Jeffrey', 'So', '79', 'active'),
(27, 'Alexander', 'Tanchan', '80', 'active'),
(28, 'Mark', 'Uy', '82', 'active'),
(29, 'Neil', 'Tan', '83', 'active'),
(30, 'Russel', 'Gocuan', '84', 'active'),
(31, 'Frey Angelo', 'Blanco', '85', 'active'),
(32, 'Joseph', 'Baluyos', '86', 'active'),
(33, 'Micheal', 'Lim', '87', 'active'),
(34, 'Louie', 'Aberia', '88', 'active'),
(35, 'Alex', 'Acusar', '89', 'active'),
(36, 'Erwin', 'Batucan', '90', 'active'),
(37, 'Phoenix Mckenzie', 'Gocuan', '91', 'active'),
(38, 'Ace Mark', 'Lao', '92', 'active'),
(39, 'Charles Kevin', 'Lim', '93', 'active'),
(40, 'Jeremy', 'Ling', '94', 'active'),
(41, 'Jonathan', 'Suarez', '95', 'active'),
(42, 'Jacob', 'Tanco', '96', 'active'),
(43, 'Rey', 'Tacder', '97', 'active'),
(44, 'Justin', 'Tieng', '98', 'active'),
(46, 'Leonardo', 'Sylianco Jr.', '09', 'active'),
(47, 'Rey', 'Marco', 'R1', 'active'),
(48, 'Bebot', 'Marco', 'R2', 'active'),
(49, 'Rodel', 'Naval', 'R3', 'active'),
(50, 'Terencio', 'Linamas', 'D1', 'active'),
(51, 'Casiano', 'Belicario Jr.', 'D2', 'active'),
(52, 'Charles', 'Lim', '64', 'inactive'),
(53, 'Edward', 'Teson', '70', 'inactive'),
(54, 'Charles', 'Chan', '76', 'inactive');

-- --------------------------------------------------------

--
-- Table structure for table `personnel_class`
--

DROP TABLE IF EXISTS `personnel_class`;
CREATE TABLE IF NOT EXISTS `personnel_class` (
  `id` int(11) NOT NULL AUTO_INCREMENT,
  `name` varchar(10) DEFAULT NULL,
  `description` text NOT NULL,
  `status` int(11) NOT NULL,
  PRIMARY KEY (`id`)
) ENGINE=InnoDB DEFAULT CHARSET=utf8 AUTO_INCREMENT=1 ;

--
-- Truncate table before insert `personnel_class`
--

TRUNCATE TABLE `personnel_class`;
-- --------------------------------------------------------

--
-- Table structure for table `rank`
--

DROP TABLE IF EXISTS `rank`;
CREATE TABLE IF NOT EXISTS `rank` (
  `id` int(11) NOT NULL AUTO_INCREMENT,
  `name` varchar(11) DEFAULT NULL,
  `status` varchar(11) DEFAULT NULL,
  PRIMARY KEY (`id`)
) ENGINE=InnoDB  DEFAULT CHARSET=utf8 AUTO_INCREMENT=3 ;

--
-- Truncate table before insert `rank`
--

TRUNCATE TABLE `rank`;
--
-- Dumping data for table `rank`
--

INSERT INTO `rank` (`id`, `name`, `status`) VALUES
(1, 'FTO', 'active'),
(2, 'Firefighter', 'active');

-- --------------------------------------------------------

--
-- Table structure for table `special_activity`
--

DROP TABLE IF EXISTS `special_activity`;
CREATE TABLE IF NOT EXISTS `special_activity` (
  `id` bigint(20) NOT NULL AUTO_INCREMENT,
  `date_of_special` date NOT NULL,
  `activity` text NOT NULL,
  `venue` text NOT NULL,
  `oic` varchar(10) NOT NULL,
  `remarks` text NOT NULL,
  `recorder` varchar(10) NOT NULL,
  `approved_by` varchar(10) DEFAULT NULL,
  `sent` tinyint(1) DEFAULT '0',
  `replied` tinyint(1) DEFAULT '0',
  PRIMARY KEY (`id`)
) ENGINE=InnoDB  DEFAULT CHARSET=utf8 AUTO_INCREMENT=61 ;

--
-- Truncate table before insert `special_activity`
--

TRUNCATE TABLE `special_activity`;
--
-- Dumping data for table `special_activity`
--

INSERT INTO `special_activity` (`id`, `date_of_special`, `activity`, `venue`, `oic`, `remarks`, `recorder`, `approved_by`, `sent`, `replied`) VALUES
(4, '2017-05-11', 'LNTB at Sacred heart School', 'Sacred heart AVR', '30', 'lntb', '91', '30', 0, 0),
(5, '2016-10-25', 'CHONG HUA HOSPITAL FIRE DRILL', 'CHONG HUA HOSPITAL', '48', 'FIRE DRILL', '94', NULL, 0, 0),
(6, '2016-10-23', 'ROTARY WEST CLUB PICTORIAL', 'CMAC 1 PARKING ARE', '48', 'PICTORIAL ROTARY WEST CLUB', '94', NULL, 0, 0),
(7, '2016-10-23', 'LESLIE LEE BURIAL', 'MANILA MEMORIAL PLAZA', '48', 'BURIAL OF UNIT 49', '94', NULL, 0, 0),
(8, '2016-09-05', 'PICK UP TANKER TRUCK 20 TONS WOHO', 'PIER TO CHONG HUA MANDAUE', '09', 'PICK UP TANKER TRUCK 20 TONS WOHO', '90', NULL, 0, 0),
(9, '2016-08-22', 'BURIAL OF DON ESTEBAN GOSINGKING', 'BENEVOLA GARDEN', '48', 'BURIAL OF DON ESTEBAN GOSINGKING', '94', NULL, 0, 0),
(10, '2016-08-21', 'FLOWER OFFERING CEREMONY TO GOSINGKING', 'CRYSTAL JADE PALACE, LAHUG', '48', 'FLOWER OFFERING CEREMONY TO DON ESTEBAN GOSINGKING''S WAKE', '94', NULL, 0, 0),
(11, '2016-07-26', 'EARTHQUAKE DRILL @ CHONG HUA HOSPITAL', 'CHONG HUA HOSPITAL', '43', 'EARTHQUAKE DRILL AT CHONG HUA HOSPITAL CEBU', '94', NULL, 0, 0),
(12, '2016-07-09', 'LNTB Mrs. vivien Go''s twin birthday celebration', 'Victoriano''s Residence', '83', 'LNTB on Mrs. Vivien Go''s twin''s birthday', '94', NULL, 0, 0),
(13, '2016-05-01', 'SUMMER BEACH OUTING', 'BRAVO', '48', 'SUMMER OUTING', '97', NULL, 0, 0),
(14, '2016-03-09', 'BURIAL', 'ST PETER TO MANILA MEMORIAL LILOAN', '48', 'BURIAL?', '94', NULL, 0, 0),
(15, '2016-03-05', 'STATION VISIT', 'CHERISH GYM', '30', 'STATION VISIT', '94', NULL, 0, 0),
(16, '2016-03-03', 'STATIONN VISIT BY CEBU LEARNING CENTER SCHOOL', 'FB GROUNDS', '30', 'STATION VISITS BY CEBU LEARNING CENTER STUDENTS, FACULTY AND PARENTS', '94', NULL, 0, 0),
(17, '2016-02-29', 'FIRE PREVENTION MONTH WALK', 'OC N. BACALSO', '48', 'FIRE PREVENTION MONTH WALK', '94', NULL, 0, 0),
(18, '2016-02-29', 'FIRE PREVENTION MONTH WALK', 'FLORIAN / FUENTE', '09', 'FIRE PREVENTION MONTH WALK FROM FLORIAN @ 530AM TO KICK OFF THE FIRE PREVENTION MONTH ACTIVITIES', '84', NULL, 0, 0),
(19, '2016-02-18', 'INAUGURATION OF CHH MANDAUE', 'CHH MANDAUE', '48', 'CHONG HUA HOSPITAL MANDAUE INAUGURATION DAY', '94', NULL, 0, 0),
(20, '2016-02-04', 'LNTB BRIDGING HOMES', 'BRAVO', '48', 'BRIDGING HOMES LEARNING CENTER HAD AN EDUCATIONAL TOUR AT CFCVFB, INC.', '94', NULL, 0, 0),
(21, '2016-01-17', 'SINULOG DAY', 'BRAVO / ABELLANA', '30', 'SINULOG DAY', '30', NULL, 0, 0),
(22, '2015-12-11', 'STATION VISIT BY SHS-HIJAS DE JESUS', 'CEBU CHERISH GYM / FB', '30', 'FIRE STATION VISIT OF SHS0HIJAS DE JESUS GRADE 2 STUDENTS TO FB. DISCUSSED WITH THEM FIRE SAFETY TIPS, E.G. STOP DROP AND ROLL TECHNIQUE, CRAWL LOW UNDER SMOKE, PUTTING OFF CHRISTMAS LIGHTS WHEN GOING TO SLEEP. DISCUSSED FIREMAN''S APPAREL & EQUIPMENT. LET THEM HOLD THE FIRE HOSE W/ PRESSURE TO KNOCK DOWN TARGETS.', '94', NULL, 0, 0),
(23, '2015-11-27', 'FIRE DRILL CHONG HUA HOSPITAL', 'CHONG HUA HOSPITAL', '30', 'E22 (1ST RESPONDING ENGINE) VOLUNTEERS LAID DOWN 1 LINE 4 LENTHS OF 1.5" HOSES SUPPORTED BY USE OF NEGATIVE VENTILATION FAN TO SUCK OUT THE SMOKE. E19 LAID DOWN FEEDING LINE TO BACKUP E22', '30', NULL, 0, 0),
(24, '2015-11-24', 'FIRE DRILL AT CEBU CHERISH SCHOOL', 'CEBU CHERISH SCHOOL', '30', 'CCS FIRE DRILL', '94', NULL, 0, 0),
(25, '2017-05-27', 'BFP MASS ', 'ST. FLORIAN CHAPEL- BFP', '09', 'BFP MASS FOR ST. FLORIAN FIESTA AT BFP PAHINA STATION.', 'DONNA', NULL, 0, 0),
(27, '2017-04-04', 'DUTY BOYS MEETING', 'BRAVO', '09', 'DUTY BOYS MEETING', 'RT-97', NULL, 0, 0),
(28, '2017-03-01', 'FIRE PREVENTION MONTH', 'CEBU CITY', '13', 'REGIONAL WALK FOR FIRE FREE AND SAFE NATION, 5AM.', 'DONNA', NULL, 0, 0),
(29, '2017-03-01', 'FIRE PREVENTION MONTH, MOTORCADE', 'CEBU CITY', '13', 'MOTORCADE @ 10AM.', 'DONNA', NULL, 0, 0),
(30, '2017-03-17', 'LNTB', 'FB', '94', 'CAMBRIDGE SCHOOL LNTB & STATION VISIT.', '84', NULL, 0, 0),
(31, '2017-03-25', 'STATION VISIT', 'FB', '94', 'STATION VISITS FROM CEBU GOSPEL WITH 7 KIDS & 4 ADULTS.\r\n(CHRISTIAN FELLOWSHIP OF CEBU GOSPEL CHURCH) ', '94', NULL, 0, 0),
(32, '2017-03-25', 'LNTB', 'CIM AMPHITHEATER', '30', 'DISASTER AWARENESS: FIRE EMERGENCY SEMINAR CONDUCTED AT CEBU INSTITUTE OF MEDICINE (CIM) \r\n-09 AS OBSERVER.', '94', NULL, 0, 0),
(33, '2017-02-07', 'CHINESE MEDICAL MISSION, 8AM-12PM', 'CMAC 2- 4TH FLOOR', '48', 'THIRD DAY OF CHINESE MEDICAL MISSION', 'DONNA', NULL, 0, 0),
(34, '2017-02-07', 'CHINESE MEDICAL MISSION, 1PM-3PM', 'CMAC 2- 4TH FLOOR', '48', 'THIRD DAY OF CHINESE MEDICAL MISSION', 'DONNA', NULL, 0, 0),
(35, '2017-02-06', 'CHINESE MEDICAL MISSION, 9AM-12PM', 'CMAC 2- 4TH. FLOOR', '48', 'SECOND DAY OF CHINESE MEDICAL MISSION', 'DONNA', NULL, 0, 0),
(36, '2017-02-06', 'CHINESE MEDICAL MISSION, 2PM-5PM', 'CMAC 2- 4TH. FLOOR', '48', 'SECOND DAY OF CHINESE MEDICAL MISSION', 'DONNA', NULL, 0, 0),
(37, '2017-02-05', 'CHINESE MEDICAL MISSION, 8AM-12PM', 'CMAC 2- 4TH. FLOOR ', '48', 'FIRST DAY OF CHINESE MEDICAL MISSION', 'DONNA', NULL, 0, 0),
(38, '2017-02-05', 'CHINESE MEDICAL MISSION, 1PM-5PM', 'CMAC 2- 4TH FLOOR', '48', 'FIRST DAY OF CHINESE MEDICAL MISSION', 'DONNA', NULL, 0, 0),
(39, '2017-02-03', 'STATION VISIT', 'PAHINA CENTRAL & AT BASE', '48', 'STATION VISIT AT PAHINA CENTRAL AND AT BASE', 'MICHELLE', NULL, 0, 0),
(40, '2017-02-07', 'OFFICIAL VISIT ', 'COSMO LAHUG', '09', 'OFFICIAL VISIT OF 83''s GRANDFATHER (CHUA BON PHAY) @ COSMO LAHUG.\r\n(LAST VIGIL NIGHT)', 'MICHELLE', NULL, 0, 0),
(41, '2017-02-08', 'CREMATION & BURIAL ', 'COSMO LAHUG, C.C', '13', 'CREMATION & BURIAL OF 83''s GRANDFATHER (CHUA BON PHAY).', 'DONNA', NULL, 0, 0),
(42, '2017-02-10', 'LNTB & STATION VISIT', 'CEBU CHERISH GYM', '48', 'ABBA''S ORCHARD SCHOOL STATION VISIT AND LEARN NOT TO BURN PROGRAM', 'DONNA', NULL, 0, 0),
(43, '2017-02-14', 'CHINESE CULTURAL FESTIVAL', 'SM CITY CINEMA 1', '09', 'ASSIST AT ENTRANCE AND ETC., IN COORDINATION WITH FIL- CHI UNITED COMMUNITY', '98', NULL, 0, 0),
(44, '2017-02-19', 'LNTB', 'CHERISH GYM', '48', 'LNTB PROGRAM OF ROTARY WEST CLUB', 'MICHELLE', NULL, 0, 0),
(45, '2017-02-22', 'WAKE VISIT OF MR. LIM LEO LIU', 'OAKRIDGE', '09', 'FIRST NIGHT WAKE VISIT OF MR. LIM LEO LIU AT OAKRIDGE.', 'DONNA', NULL, 0, 0),
(46, '2017-02-23', '2ND. NIGHT WAKE VISIT OF  MR. LIM LEO LIU', 'OAKRIDGE PAVILION', '30', 'SECOND NIGHT WAKE VISIT OF MR. LIM LEO LIU AT OAKRIDGE PAVILION.', 'DONNA', NULL, 0, 0),
(47, '2017-02-24', '3RD. DAY WAKE VISIT OF MR. LIM LEO LIU', 'OAKRIDGE PAVILION', '30', 'THIRD DAY WAKE VISIT OF MR. LIM LEO LIU AT OAKRIDGE PAVILION.', '84', NULL, 0, 0),
(48, '2017-02-25', 'FINAL NIGHT WAKE VISIT OF MR. LIM LEO LIU', 'OAKRIDGE PAVILION', '48', 'FINAL WAKE VISIT AND FLOWER OFFER TO MR. LIM LEO LIU', '84', NULL, 0, 0),
(49, '2017-02-26', 'BURIAL OF MR. LIM LEO LIU', 'OAKRIDGE PAVILION / BENEVOLA GARDENS', '48', 'BURIAL OF MR. LEO LIM LIU AT BENEVOLA GARDENS CONSOLACION.', '84', NULL, 0, 0),
(50, '2017-01-24', 'EARTH QUAKE DRILL & FIRE DRILL', 'CEBU CHERISH SCHOOL', '83', 'EARTH QUAKE DRILL & FIRE DRILL AT CHERISH SCHOOL.', 'MICHELLE', NULL, 0, 0),
(51, '2017-01-26', 'STATION VISIT AND LNTB', 'CFCVFB STATION', '30', 'DISCOVERY CAMP VISITED OUR STATION & WE CONDUCTED LNTB ON ABOUT 15 KIDS WITH THEIR PARENTS.', '94', NULL, 0, 0),
(52, '2017-02-04', 'CHINESE DOCTORS & AMITY MEET AT AIRPORT', 'MACTAN AIRPORT', '48', 'MEET AT AIRPORT FROM 7PM TO 10PM.', 'DONNA', NULL, 0, 0),
(53, '2017-02-04', 'VISITORS (APVFB) SEND- OFF TO AIRPORT', 'MACTAN AIRPORT', '13', 'MORNING, SEND- OFF THE VISITORS (APVFB) TO MACTAN AIRPORT. ', 'DONNA', NULL, 0, 0),
(54, '2017-02-03', 'WELCOME THE VISITORS ', 'MACTAN AIRPORT', '48', 'VOLUNTEERS & MR. ENRICO ANG DE LEON WELCOME THE VISITORS AT MACTAN AIRPORT.', 'DONNA', NULL, 0, 0),
(55, '2016-12-16', 'WAKE VISIT OF 85''S FATHER', 'ST. PETER IMUS', '30', 'WAKE VISIT OF 85''S FATHER AT ST. PETER IMUS', 'DONNA', NULL, 0, 0),
(56, '2016-12-01', 'HIJAS DE JESUS STATION VISIT', 'BRAVO', '83', 'HIJAS DE JESUS, GRADE 2 PUPIL STATION VISIT AT BRAVO', 'MICHELLE', NULL, 0, 0),
(57, '2016-12-03', 'PARTY PRACTICE', 'BRAVO', '48', 'CHRISTMAS PARTY PRACTICE. ', '97', NULL, 0, 0),
(58, '2016-12-18', 'BURIAL OF 85''S FATHER', 'ST. PETER IMUS TO SANCTUARY MEMORIAL PLAZA, MINGLANILLA', '09', 'BURIAL OF 85''S FATHER FROM ST.PETER IMUS TO SANCTUARY MEMORIAL PLAZA, MINGLANILLA.', 'DONNA', NULL, 0, 0),
(59, '2017-06-13', 'FB OFFICIAL WAKE VISIT OF MR. JOSEPH GAISANO', 'COSMO NIVEL HILLS', '09', 'FB OFFICIAL WAKE VISIT OF PAST CFCVFB PRESIDENT- MR. JOSEPH GAISANO @ COSMO NIVEL HILLS.', 'MICHELLE', NULL, 0, 0),
(60, '2017-06-14', 'CREMATION OF MR. JOSEPH GAISANO', 'COSMO NIVEL HILLS', '09', 'CREMATION OF MR. JOSEPH GAISANO @ COSMO NIVEL HILLS, LAHUG.', 'DONNA', NULL, 0, 0);

-- --------------------------------------------------------

--
-- Table structure for table `special_activity_attendance`
--

DROP TABLE IF EXISTS `special_activity_attendance`;
CREATE TABLE IF NOT EXISTS `special_activity_attendance` (
  `special_id` bigint(20) NOT NULL,
  `unit` varchar(10) NOT NULL,
  `attendance_date` date NOT NULL,
  KEY `training` (`special_id`)
) ENGINE=InnoDB DEFAULT CHARSET=utf8;

--
-- Truncate table before insert `special_activity_attendance`
--

TRUNCATE TABLE `special_activity_attendance`;
--
-- Dumping data for table `special_activity_attendance`
--

INSERT INTO `special_activity_attendance` (`special_id`, `unit`, `attendance_date`) VALUES
(4, '30', '2017-05-11'),
(4, '82', '2017-05-11'),
(4, '91', '2017-05-11'),
(4, '95', '2017-05-11'),
(4, '96', '2017-05-11'),
(5, '09', '2016-10-25'),
(5, '48', '2016-10-25'),
(5, '83', '2016-10-25'),
(5, '94', '2016-10-25'),
(5, '98', '2016-10-25'),
(5, 'D1', '2016-10-25'),
(5, 'D2', '2016-10-25'),
(5, 'R2', '2016-10-25'),
(5, 'R3', '2016-10-25'),
(6, '48', '2016-10-23'),
(6, '22', '2016-10-23'),
(6, '86', '2016-10-23'),
(6, '88', '2016-10-23'),
(6, 'D1', '2016-10-23'),
(6, 'R3', '2016-10-23'),
(7, '48', '2016-10-23'),
(7, '29', '2016-10-23'),
(7, '40', '2016-10-23'),
(7, '42', '2016-10-23'),
(7, '43', '2016-10-23'),
(7, '45', '2016-10-23'),
(7, '72', '2016-10-23'),
(8, '09', '2016-09-05'),
(8, '22', '2016-09-05'),
(8, '90', '2016-09-05'),
(8, 'D1', '2016-09-05'),
(8, '94', '2016-09-05'),
(9, '48', '2016-08-22'),
(9, '09', '2016-08-22'),
(9, '30', '2016-08-22'),
(9, '84', '2016-08-22'),
(9, '91', '2016-08-22'),
(9, '56', '2016-08-22'),
(9, '94', '2016-08-22'),
(9, '98', '2016-08-22'),
(9, '43', '2016-08-22'),
(9, '72', '2016-08-22'),
(10, '48', '2016-08-21'),
(10, '09', '2016-08-21'),
(10, '30', '2016-08-21'),
(10, '42', '2016-08-21'),
(10, '63', '2016-08-21'),
(10, '72', '2016-08-21'),
(10, '84', '2016-08-21'),
(10, '90', '2016-08-21'),
(10, '92', '2016-08-21'),
(10, '98', '2016-08-21'),
(11, '42', '2016-07-26'),
(11, '43', '2016-07-26'),
(11, '45', '2016-07-26'),
(11, 'D1', '2016-07-26'),
(11, 'D2', '2016-07-26'),
(11, 'R1', '2016-07-26'),
(11, 'R3', '2016-07-26'),
(12, '83', '2016-07-09'),
(12, '90', '2016-07-09'),
(12, '93', '2016-07-09'),
(12, '94', '2016-07-09'),
(12, '95', '2016-07-09'),
(12, '96', '2016-07-09'),
(12, 'D2', '2016-07-09'),
(12, 'D1', '2016-07-09'),
(13, '09', '2016-05-01'),
(13, '22', '2016-05-01'),
(13, '30', '2016-05-01'),
(13, '29', '2016-05-01'),
(13, '48', '2016-05-01'),
(13, '63', '2016-05-01'),
(13, '72', '2016-05-01'),
(13, '75', '2016-05-01'),
(13, '79', '2016-05-01'),
(13, '80', '2016-05-01'),
(13, '85', '2016-05-01'),
(13, '87', '2016-05-01'),
(13, '88', '2016-05-01'),
(13, '89', '2016-05-01'),
(13, '90', '2016-05-01'),
(13, '91', '2016-05-01'),
(13, '92', '2016-05-01'),
(13, '93', '2016-05-01'),
(13, '94', '2016-05-01'),
(13, '96', '2016-05-01'),
(13, '84', '2016-05-01'),
(13, '43', '2016-05-01'),
(13, '45', '2016-05-01'),
(13, 'D1', '2016-05-01'),
(13, '97', '2016-05-01'),
(14, '48', '2016-03-09'),
(14, '13', '2016-03-09'),
(14, '38', '2016-03-09'),
(14, '40', '2016-03-09'),
(14, '43', '2016-03-09'),
(14, '50', '2016-03-09'),
(14, '56', '2016-03-09'),
(14, '68', '2016-03-09'),
(14, '72', '2016-03-09'),
(14, '88', '2016-03-09'),
(14, '77', '2016-03-09'),
(14, 'D2', '2016-03-09'),
(14, 'R2', '2016-03-09'),
(15, '30', '2016-03-05'),
(15, '83', '2016-03-05'),
(15, '88', '2016-03-05'),
(15, '90', '2016-03-05'),
(15, '94', '2016-03-05'),
(15, '95', '2016-03-05'),
(15, '96', '2016-03-05'),
(15, 'D1', '2016-03-05'),
(15, 'R2', '2016-03-05'),
(16, '30', '2016-03-03'),
(16, '84', '2016-03-03'),
(16, '91', '2016-03-03'),
(16, 'D1', '2016-03-03'),
(17, '13', '2016-02-29'),
(17, '35', '2016-02-29'),
(17, '42', '2016-02-29'),
(17, '48', '2016-02-29'),
(17, '72', '2016-02-29'),
(17, '85', '2016-02-29'),
(17, '87', '2016-02-29'),
(17, '88', '2016-02-29'),
(17, '94', '2016-02-29'),
(17, 'D1', '2016-02-29'),
(17, 'R2', '2016-02-29'),
(18, '09', '2016-02-29'),
(18, '13', '2016-02-29'),
(18, '83', '2016-02-29'),
(18, '84', '2016-02-29'),
(18, '85', '2016-02-29'),
(18, '86', '2016-02-29'),
(18, '90', '2016-02-29'),
(18, '91', '2016-02-29'),
(18, '94', '2016-02-29'),
(18, '95', '2016-02-29'),
(19, '09', '2016-02-18'),
(19, '13', '2016-02-18'),
(19, '18', '2016-02-18'),
(19, '22', '2016-02-18'),
(19, '29', '2016-02-18'),
(19, '30', '2016-02-18'),
(19, '38', '2016-02-18'),
(19, '43', '2016-02-18'),
(19, '48', '2016-02-18'),
(19, '55', '2016-02-18'),
(19, '56', '2016-02-18'),
(19, '72', '2016-02-18'),
(19, '75', '2016-02-18'),
(19, '80', '2016-02-18'),
(19, '83', '2016-02-18'),
(19, '84', '2016-02-18'),
(19, '86', '2016-02-18'),
(19, '87', '2016-02-18'),
(19, '88', '2016-02-18'),
(19, '91', '2016-02-18'),
(19, '82', '2016-02-18'),
(19, 'D1', '2016-02-18'),
(19, 'R2', '2016-02-18'),
(20, '48', '2016-02-04'),
(20, '83', '2016-02-04'),
(20, '94', '2016-02-04'),
(20, 'D1', '2016-02-04'),
(21, '84', '2016-01-17'),
(21, '91', '2016-01-17'),
(21, '95', '2016-01-17'),
(21, 'D1', '2016-01-17'),
(21, 'D2', '2016-01-17'),
(21, '98', '2016-01-17'),
(21, 'R3', '2016-01-17'),
(21, '96', '2016-01-17'),
(21, '90', '2016-01-17'),
(21, '94', '2016-01-17'),
(22, '30', '2015-12-11'),
(22, '84', '2015-12-11'),
(22, '88', '2015-12-11'),
(22, '94', '2015-12-11'),
(22, 'D1', '2015-12-11'),
(22, 'R1', '2015-12-11'),
(23, '30', '2015-11-27'),
(23, '42', '2015-11-27'),
(23, '72', '2015-11-27'),
(23, '84', '2015-11-27'),
(23, '88', '2015-11-27'),
(23, '91', '2015-11-27'),
(23, '94', '2015-11-27'),
(23, 'R1', '2015-11-27'),
(23, 'D1', '2015-11-27'),
(23, 'D2', '2015-11-27'),
(24, '30', '2015-11-24'),
(24, '42', '2015-11-24'),
(24, '94', '2015-11-24'),
(24, 'R1', '2015-11-24'),
(24, 'D1', '2015-11-24'),
(25, '09', '2017-05-27'),
(25, '56', '2017-05-27'),
(25, '91', '2017-05-27'),
(25, '92', '2017-05-27'),
(27, '09', '2017-04-04'),
(27, '30', '2017-04-04'),
(27, '84', '2017-04-04'),
(27, '85', '2017-04-04'),
(27, '86', '2017-04-04'),
(27, '88', '2017-04-04'),
(27, '89', '2017-04-04'),
(27, '90', '2017-04-04'),
(27, '91', '2017-04-04'),
(27, '92', '2017-04-04'),
(27, '93', '2017-04-04'),
(27, '94', '2017-04-04'),
(27, '95', '2017-04-04'),
(27, '96', '2017-04-04'),
(27, '97', '2017-04-04'),
(28, '13', '2017-03-01'),
(28, '22', '2017-03-01'),
(28, '38', '2017-03-01'),
(28, '83', '2017-03-01'),
(28, '90', '2017-03-01'),
(28, '94', '2017-03-01'),
(29, '40', '2017-03-01'),
(29, '72', '2017-03-01'),
(29, 'D1', '2017-03-01'),
(29, 'R3', '2017-03-01'),
(30, '30', '2017-03-17'),
(30, '84', '2017-03-17'),
(30, '94', '2017-03-17'),
(30, '96', '2017-03-17'),
(30, 'D1', '2017-03-17'),
(30, 'R3', '2017-03-17'),
(31, '94', '2017-03-25'),
(31, '95', '2017-03-25'),
(31, '96', '2017-03-25'),
(31, 'D1', '2017-03-25'),
(31, 'R3', '2017-03-25'),
(32, '30', '2017-03-25'),
(32, '50', '2017-03-25'),
(32, '94', '2017-03-25'),
(32, '95', '2017-03-25'),
(32, '96', '2017-03-25'),
(33, '48', '2017-02-07'),
(33, '09', '2017-02-07'),
(33, '18', '2017-02-07'),
(33, '56', '2017-02-07'),
(33, '72', '2017-02-07'),
(33, 'D1', '2017-02-07'),
(34, '48', '2017-02-07'),
(34, '18', '2017-02-07'),
(34, '30', '2017-02-07'),
(34, '38', '2017-02-07'),
(34, '42', '2017-02-07'),
(34, '43', '2017-02-07'),
(34, '55', '2017-02-07'),
(34, '56', '2017-02-07'),
(34, '72', '2017-02-07'),
(34, '87', '2017-02-07'),
(35, '48', '2017-02-06'),
(35, '09', '2017-02-06'),
(35, '13', '2017-02-06'),
(35, '43', '2017-02-06'),
(35, '56', '2017-02-06'),
(36, '48', '2017-02-06'),
(36, '13', '2017-02-06'),
(36, '43', '2017-02-06'),
(36, '50', '2017-02-06'),
(36, '56', '2017-02-06'),
(37, '48', '2017-02-05'),
(37, '09', '2017-02-05'),
(37, '43', '2017-02-05'),
(37, '45', '2017-02-05'),
(37, '89', '2017-02-05'),
(37, '90', '2017-02-05'),
(37, '95', '2017-02-05'),
(37, '96', '2017-02-05'),
(37, '98', '2017-02-05'),
(37, 'D1', '2017-02-05'),
(38, '48', '2017-02-05'),
(38, '09', '2017-02-05'),
(38, '43', '2017-02-05'),
(38, '84', '2017-02-05'),
(38, '86', '2017-02-05'),
(38, '96', '2017-02-05'),
(38, 'D1', '2017-02-05'),
(39, '48', '2017-02-03'),
(39, '09', '2017-02-03'),
(39, '13', '2017-02-03'),
(39, '18', '2017-02-03'),
(39, '30', '2017-02-03'),
(39, '38', '2017-02-03'),
(39, '40', '2017-02-03'),
(39, '42', '2017-02-03'),
(39, '43', '2017-02-03'),
(39, '50', '2017-02-03'),
(39, '75', '2017-02-03'),
(39, '98', '2017-02-03'),
(40, '09', '2017-02-07'),
(40, '30', '2017-02-07'),
(40, '84', '2017-02-07'),
(40, '88', '2017-02-07'),
(40, '56', '2017-02-07'),
(40, '72', '2017-02-07'),
(41, '13', '2017-02-08'),
(41, '30', '2017-02-08'),
(41, '56', '2017-02-08'),
(42, '48', '2017-02-10'),
(42, '43', '2017-02-10'),
(42, '83', '2017-02-10'),
(42, '86', '2017-02-10'),
(42, '87', '2017-02-10'),
(42, 'D1', '2017-02-10'),
(42, 'D2', '2017-02-10'),
(42, 'R1', '2017-02-10'),
(42, 'R2', '2017-02-10'),
(42, 'R3', '2017-02-10'),
(43, '09', '2017-02-14'),
(43, '18', '2017-02-14'),
(43, '42', '2017-02-14'),
(43, '43', '2017-02-14'),
(43, '56', '2017-02-14'),
(43, '72', '2017-02-14'),
(43, '84', '2017-02-14'),
(43, '88', '2017-02-14'),
(43, '90', '2017-02-14'),
(43, '92', '2017-02-14'),
(43, '94', '2017-02-14'),
(44, '48', '2017-02-19'),
(44, '22', '2017-02-19'),
(44, '30', '2017-02-19'),
(44, '45', '2017-02-19'),
(44, '50', '2017-02-19'),
(44, '63', '2017-02-19'),
(44, '75', '2017-02-19'),
(44, '80', '2017-02-19'),
(44, '83', '2017-02-19'),
(44, '84', '2017-02-19'),
(44, '86', '2017-02-19'),
(44, '88', '2017-02-19'),
(44, '96', '2017-02-19'),
(44, '98', '2017-02-19'),
(45, '09', '2017-02-22'),
(45, '30', '2017-02-22'),
(45, '22', '2017-02-22'),
(46, '30', '2017-02-23'),
(46, '18', '2017-02-23'),
(46, '27', '2017-02-23'),
(46, '42', '2017-02-23'),
(46, '56', '2017-02-23'),
(46, '72', '2017-02-23'),
(46, '80', '2017-02-23'),
(46, '82', '2017-02-23'),
(46, '90', '2017-02-23'),
(46, '94', '2017-02-23'),
(46, '98', '2017-02-23'),
(47, '29', '2017-02-24'),
(47, '30', '2017-02-24'),
(47, '50', '2017-02-24'),
(47, '84', '2017-02-24'),
(47, '86', '2017-02-24'),
(47, '91', '2017-02-24'),
(48, '18', '2017-02-25'),
(48, '22', '2017-02-25'),
(48, '30', '2017-02-25'),
(48, '38', '2017-02-25'),
(48, '42', '2017-02-25'),
(48, '48', '2017-02-25'),
(48, '55', '2017-02-25'),
(48, '56', '2017-02-25'),
(48, '63', '2017-02-25'),
(48, '72', '2017-02-25'),
(48, '82', '2017-02-25'),
(48, '84', '2017-02-25'),
(48, '87', '2017-02-25'),
(48, '88', '2017-02-25'),
(48, '90', '2017-02-25'),
(48, '91', '2017-02-25'),
(48, '92', '2017-02-25'),
(48, '93', '2017-02-25'),
(48, '94', '2017-02-25'),
(48, '95', '2017-02-25'),
(48, '98', '2017-02-25'),
(49, '18', '2017-02-26'),
(49, '22', '2017-02-26'),
(49, '27', '2017-02-26'),
(49, '30', '2017-02-26'),
(49, '38', '2017-02-26'),
(49, '42', '2017-02-26'),
(49, '43', '2017-02-26'),
(49, '45', '2017-02-26'),
(49, '48', '2017-02-26'),
(49, '56', '2017-02-26'),
(49, '72', '2017-02-26'),
(49, '75', '2017-02-26'),
(49, '77', '2017-02-26'),
(49, '80', '2017-02-26'),
(49, '82', '2017-02-26'),
(49, '84', '2017-02-26'),
(49, '86', '2017-02-26'),
(49, '87', '2017-02-26'),
(49, '88', '2017-02-26'),
(49, '90', '2017-02-26'),
(49, '91', '2017-02-26'),
(49, '92', '2017-02-26'),
(49, '94', '2017-02-26'),
(49, '96', '2017-02-26'),
(50, '83', '2017-01-24'),
(50, '94', '2017-01-24'),
(50, 'D2', '2017-01-24'),
(50, 'R1', '2017-01-24'),
(51, '30', '2017-01-26'),
(51, '83', '2017-01-26'),
(51, '94', '2017-01-26'),
(51, '97', '2017-01-26'),
(51, 'D1', '2017-01-26'),
(51, 'R3', '2017-01-26'),
(52, '09', '2017-02-04'),
(52, '48', '2017-02-04'),
(52, '98', '2017-02-04'),
(52, 'D1', '2017-02-04'),
(53, '13', '2017-02-04'),
(53, '98', '2017-02-04'),
(53, 'D1', '2017-02-04'),
(54, '09', '2017-02-03'),
(54, '13', '2017-02-03'),
(54, '48', '2017-02-03'),
(54, '50', '2017-02-03'),
(54, '75', '2017-02-03'),
(54, '86', '2017-02-03'),
(54, '98', '2017-02-03'),
(55, '27', '2016-12-16'),
(55, '30', '2016-12-16'),
(55, '62', '2016-12-16'),
(55, '80', '2016-12-16'),
(55, '88', '2016-12-16'),
(55, '89', '2016-12-16'),
(56, '83', '2016-12-01'),
(56, '80', '2016-12-01'),
(56, '97', '2016-12-01'),
(56, 'D1', '2016-12-01'),
(56, 'R2', '2016-12-01'),
(57, '48', '2016-12-03'),
(57, '09', '2016-12-03'),
(57, '38', '2016-12-03'),
(57, '42', '2016-12-03'),
(57, '43', '2016-12-03'),
(57, '45', '2016-12-03'),
(57, '50', '2016-12-03'),
(57, '55', '2016-12-03'),
(57, '56', '2016-12-03'),
(57, '72', '2016-12-03'),
(57, '75', '2016-12-03'),
(57, '84', '2016-12-03'),
(57, '86', '2016-12-03'),
(57, '87', '2016-12-03'),
(57, '89', '2016-12-03'),
(57, '90', '2016-12-03'),
(57, '92', '2016-12-03'),
(57, '94', '2016-12-03'),
(57, '97', '2016-12-03'),
(57, '98', '2016-12-03'),
(58, '09', '2016-12-18'),
(58, '43', '2016-12-18'),
(58, '45', '2016-12-18'),
(58, '72', '2016-12-18'),
(58, '89', '2016-12-18'),
(59, '09', '2017-06-13'),
(59, '13', '2017-06-13'),
(59, '18', '2017-06-13'),
(59, '27', '2017-06-13'),
(59, '29', '2017-06-13'),
(59, '30', '2017-06-13'),
(59, '42', '2017-06-13'),
(59, '43', '2017-06-13'),
(59, '55', '2017-06-13'),
(59, '62', '2017-06-13'),
(59, '63', '2017-06-13'),
(59, '72', '2017-06-13'),
(59, '75', '2017-06-13'),
(59, '80', '2017-06-13'),
(59, '82', '2017-06-13'),
(59, '84', '2017-06-13'),
(59, '86', '2017-06-13'),
(59, '87', '2017-06-13'),
(59, '89', '2017-06-13'),
(59, '90', '2017-06-13'),
(59, '91', '2017-06-13'),
(59, '94', '2017-06-13'),
(59, '97', '2017-06-13'),
(60, '09', '2017-06-14'),
(60, '30', '2017-06-14'),
(60, '13', '2017-06-14'),
(60, '43', '2017-06-14'),
(60, '56', '2017-06-14'),
(60, '62', '2017-06-14'),
(60, '72', '2017-06-14'),
(60, '82', '2017-06-14'),
(60, '84', '2017-06-14'),
(60, '91', '2017-06-14'),
(60, '94', '2017-06-14');

-- --------------------------------------------------------

--
-- Table structure for table `training`
--

DROP TABLE IF EXISTS `training`;
CREATE TABLE IF NOT EXISTS `training` (
  `id` bigint(20) NOT NULL AUTO_INCREMENT,
  `date_of_training` date NOT NULL,
  `activity` text NOT NULL,
  `venue` text NOT NULL,
  `oic` varchar(10) NOT NULL,
  `remarks` text NOT NULL,
  `recorder` varchar(10) NOT NULL,
  `approved_by` varchar(10) DEFAULT NULL,
  `sent` tinyint(1) DEFAULT '0',
  `replied` tinyint(1) DEFAULT '0',
  PRIMARY KEY (`id`)
) ENGINE=InnoDB  DEFAULT CHARSET=utf8 AUTO_INCREMENT=25 ;

--
-- Truncate table before insert `training`
--

TRUNCATE TABLE `training`;
--
-- Dumping data for table `training`
--

INSERT INTO `training` (`id`, `date_of_training`, `activity`, `venue`, `oic`, `remarks`, `recorder`, `approved_by`, `sent`, `replied`) VALUES
(11, '2017-05-14', 'Sunday Training', 'Bravo', '30', 'ladder training', '97', NULL, 0, 0),
(12, '2017-05-07', 'Ladder Training', 'Bravo', '90', 'ground ladder practice', '91', NULL, 0, 0),
(13, '2017-04-23', 'High Rise Drills', 'Gaisano Capital Soho B. Rodriguez', '09', 'ground ladder practice', '94', NULL, 0, 0),
(14, '2017-04-09', 'FTO Training / Roving', 'Cebu City', '63', 'engine check, roving around cebu city\r\n* E22 rdo can receive but NO TRANSMIT', '84', NULL, 0, 0),
(15, '2017-04-02', 'SCBA Training at USC-TC', 'USC-TC', '09', 'SCBA training at us-tc\r\nE12 nadaot after test run', '95', NULL, 0, 0),
(16, '2017-03-19', 'Aerial 1 discussion', 'Bravo', '09', 'checkup of aerial 1\r\ndiscussion re: training, safety standards, past close calls/accidents', '84', NULL, 0, 0),
(17, '2017-03-05', 'SCBA Physical Drill', 'Bravo', '09', 'physical drills with scba\r\nair limit test per volunteer\r\n1st scba training for march (dedicated scba month)', '98', NULL, 0, 0),
(18, '2017-02-12', 'Sunday Training', 'Bravo', '09', 'sunday training', '97', NULL, 0, 0),
(19, '2016-11-20', 'BLS Training part 2', 'Bravo', '09', 'seminar conducted by trisha, janine and donald from ERUF on BLS specifically for common risk factors, incidents and transport', '98', NULL, 0, 0),
(20, '2016-11-13', 'BLS Training part 1', 'Bravo', '09', 'ERUF BLS review on choking victim, fainting, cardiac arrest and CPR\r\nERUF - Gian Esbra', '97', NULL, 0, 0),
(21, '2016-11-06', 'FOAM OPERATIONS', 'Bravo', '09', 'regular training', '94', NULL, 0, 0),
(22, '2017-03-12', 'SCBA Training Part 2', 'Bravo', '09', '2nd scba training for march\r\nlecture by 75 @ dining area', '84', NULL, 0, 0),
(23, '2017-06-04', 'SUNDAY DRILLS', 'BRAVO', '09', '0', '97', NULL, 0, 0),
(24, '2017-01-12', 'TRAINING ', 'BRAVO', '09', 'TRAINING ACTIVITY MEETING', '94', NULL, 0, 0);

-- --------------------------------------------------------

--
-- Table structure for table `training_attendance`
--

DROP TABLE IF EXISTS `training_attendance`;
CREATE TABLE IF NOT EXISTS `training_attendance` (
  `training_id` bigint(20) NOT NULL,
  `unit` varchar(10) NOT NULL,
  `attendance_date` date NOT NULL,
  KEY `training` (`training_id`)
) ENGINE=InnoDB DEFAULT CHARSET=utf8;

--
-- Truncate table before insert `training_attendance`
--

TRUNCATE TABLE `training_attendance`;
--
-- Dumping data for table `training_attendance`
--

INSERT INTO `training_attendance` (`training_id`, `unit`, `attendance_date`) VALUES
(11, '29', '2017-05-14'),
(11, '30', '2017-05-14'),
(11, '84', '2017-05-14'),
(11, '86', '2017-05-14'),
(11, '88', '2017-05-14'),
(11, '89', '2017-05-14'),
(11, '90', '2017-05-14'),
(11, '91', '2017-05-14'),
(11, '92', '2017-05-14'),
(11, '93', '2017-05-14'),
(11, '94', '2017-05-14'),
(11, '95', '2017-05-14'),
(11, '96', '2017-05-14'),
(11, '97', '2017-05-14'),
(11, '22', '2017-05-14'),
(12, '09', '2017-05-07'),
(12, '13', '2017-05-07'),
(12, '22', '2017-05-07'),
(12, '29', '2017-05-07'),
(12, '30', '2017-05-07'),
(12, '38', '2017-05-07'),
(12, '63', '2017-05-07'),
(12, '83', '2017-05-07'),
(12, '84', '2017-05-07'),
(12, '86', '2017-05-07'),
(12, '88', '2017-05-07'),
(12, '90', '2017-05-07'),
(12, '91', '2017-05-07'),
(12, '92', '2017-05-07'),
(12, '95', '2017-05-07'),
(12, '96', '2017-05-07'),
(12, 'D1', '2017-05-07'),
(13, '09', '2017-04-23'),
(13, '30', '2017-04-23'),
(13, '29', '2017-04-23'),
(13, '89', '2017-04-23'),
(13, '90', '2017-04-23'),
(13, '92', '2017-04-23'),
(13, '94', '2017-04-23'),
(13, '95', '2017-04-23'),
(13, 'D1', '2017-04-23'),
(14, '13', '2017-04-09'),
(14, '22', '2017-04-09'),
(14, '27', '2017-04-09'),
(14, '29', '2017-04-09'),
(14, '30', '2017-04-09'),
(14, '63', '2017-04-09'),
(14, '84', '2017-04-09'),
(14, '88', '2017-04-09'),
(14, '89', '2017-04-09'),
(14, '93', '2017-04-09'),
(14, '96', '2017-04-09'),
(14, 'D1', '2017-04-09'),
(15, '09', '2017-04-02'),
(15, '30', '2017-04-02'),
(15, '22', '2017-04-02'),
(15, '29', '2017-04-02'),
(15, '38', '2017-04-02'),
(15, '40', '2017-04-02'),
(15, '50', '2017-04-02'),
(15, '63', '2017-04-02'),
(15, '75', '2017-04-02'),
(15, '84', '2017-04-02'),
(15, '88', '2017-04-02'),
(15, '89', '2017-04-02'),
(15, '90', '2017-04-02'),
(15, '91', '2017-04-02'),
(15, '92', '2017-04-02'),
(15, '94', '2017-04-02'),
(15, '95', '2017-04-02'),
(15, 'D1', '2017-04-02'),
(15, '87', '2017-04-02'),
(16, '09', '2017-03-19'),
(16, '22', '2017-03-19'),
(16, '29', '2017-03-19'),
(16, '30', '2017-03-19'),
(16, '75', '2017-03-19'),
(16, '84', '2017-03-19'),
(16, '88', '2017-03-19'),
(16, '89', '2017-03-19'),
(16, '95', '2017-03-19'),
(16, 'D1', '2017-03-19'),
(17, '09', '2017-03-05'),
(17, '22', '2017-03-05'),
(17, '29', '2017-03-05'),
(17, '30', '2017-03-05'),
(17, '63', '2017-03-05'),
(17, '75', '2017-03-05'),
(17, '86', '2017-03-05'),
(17, '88', '2017-03-05'),
(17, '90', '2017-03-05'),
(17, '92', '2017-03-05'),
(17, '94', '2017-03-05'),
(17, '95', '2017-03-05'),
(17, '96', '2017-03-05'),
(17, '98', '2017-03-05'),
(17, 'D1', '2017-03-05'),
(17, '84', '2017-03-05'),
(18, '09', '2017-02-12'),
(18, '22', '2017-02-12'),
(18, '29', '2017-02-12'),
(18, '63', '2017-02-12'),
(18, '84', '2017-02-12'),
(18, '86', '2017-02-12'),
(18, '88', '2017-02-12'),
(18, '90', '2017-02-12'),
(18, '92', '2017-02-12'),
(18, '94', '2017-02-12'),
(18, '95', '2017-02-12'),
(18, '96', '2017-02-12'),
(18, '97', '2017-02-12'),
(18, '98', '2017-02-12'),
(18, '87', '2017-02-12'),
(18, '75', '2017-02-12'),
(18, 'D1', '2017-02-12'),
(18, '30', '2017-02-12'),
(19, '09', '2016-11-20'),
(19, '22', '2016-11-20'),
(19, '29', '2016-11-20'),
(19, '38', '2016-11-20'),
(19, '45', '2016-11-20'),
(19, '63', '2016-11-20'),
(19, '75', '2016-11-20'),
(19, '87', '2016-11-20'),
(19, '88', '2016-11-20'),
(19, '89', '2016-11-20'),
(19, '90', '2016-11-20'),
(19, '92', '2016-11-20'),
(19, '94', '2016-11-20'),
(19, '98', '2016-11-20'),
(19, 'D1', '2016-11-20'),
(20, '09', '2016-11-13'),
(20, '22', '2016-11-13'),
(20, '29', '2016-11-13'),
(20, '30', '2016-11-13'),
(20, '50', '2016-11-13'),
(20, '63', '2016-11-13'),
(20, '75', '2016-11-13'),
(20, '80', '2016-11-13'),
(20, '45', '2016-11-13'),
(20, '86', '2016-11-13'),
(20, '87', '2016-11-13'),
(20, '88', '2016-11-13'),
(20, '89', '2016-11-13'),
(20, '90', '2016-11-13'),
(20, '92', '2016-11-13'),
(20, '94', '2016-11-13'),
(20, '95', '2016-11-13'),
(20, '97', '2016-11-13'),
(20, '98', '2016-11-13'),
(20, 'D2', '2016-11-13'),
(21, '09', '2016-11-06'),
(21, '22', '2016-11-06'),
(21, '29', '2016-11-06'),
(21, '30', '2016-11-06'),
(21, '75', '2016-11-06'),
(21, '88', '2016-11-06'),
(21, '90', '2016-11-06'),
(21, '91', '2016-11-06'),
(21, '92', '2016-11-06'),
(21, '94', '2016-11-06'),
(21, '95', '2016-11-06'),
(21, '98', '2016-11-06'),
(21, 'D1', '2016-11-06'),
(22, '09', '2017-03-12'),
(22, '13', '2017-03-12'),
(22, '22', '2017-03-12'),
(22, '29', '2017-03-12'),
(22, '63', '2017-03-12'),
(22, '75', '2017-03-12'),
(22, '84', '2017-03-12'),
(22, '87', '2017-03-12'),
(22, '88', '2017-03-12'),
(22, '90', '2017-03-12'),
(22, '92', '2017-03-12'),
(22, '93', '2017-03-12'),
(22, '94', '2017-03-12'),
(22, 'D2', '2017-03-12'),
(22, '50', '2017-03-12'),
(22, '96', '2017-03-12'),
(22, '30', '2017-03-12'),
(23, '09', '2017-06-04'),
(23, '30', '2017-06-04'),
(23, '22', '2017-06-04'),
(23, '29', '2017-06-04'),
(23, '43', '2017-06-04'),
(23, '50', '2017-06-04'),
(23, '63', '2017-06-04'),
(23, '75', '2017-06-04'),
(23, '84', '2017-06-04'),
(23, '87', '2017-06-04'),
(23, '88', '2017-06-04'),
(23, '89', '2017-06-04'),
(23, '90', '2017-06-04'),
(23, '91', '2017-06-04'),
(23, '93', '2017-06-04'),
(23, '96', '2017-06-04'),
(23, '97', '2017-06-04'),
(23, 'D1', '2017-06-04'),
(24, '09', '2017-01-12'),
(24, '30', '2017-01-12'),
(24, '50', '2017-01-12'),
(24, '75', '2017-01-12'),
(24, '90', '2017-01-12'),
(24, '92', '2017-01-12'),
(24, '94', '2017-01-12'),
(24, '98', '2017-01-12');

--
-- Constraints for dumped tables
--

--
-- Constraints for table `duty_attendance`
--
ALTER TABLE `duty_attendance`
  ADD CONSTRAINT `attendance_unit_number_update` FOREIGN KEY (`unit`) REFERENCES `personnel` (`unit`) ON DELETE CASCADE ON UPDATE CASCADE;

--
-- Constraints for table `duty_schedule`
--
ALTER TABLE `duty_schedule`
  ADD CONSTRAINT `unit_number_` FOREIGN KEY (`unit`) REFERENCES `personnel` (`unit`) ON DELETE CASCADE ON UPDATE CASCADE;

--
-- Constraints for table `fire_apparata`
--
ALTER TABLE `fire_apparata`
  ADD CONSTRAINT `fire_apparata_ibfk_1` FOREIGN KEY (`fire_data_id`) REFERENCES `fire_data` (`id`) ON DELETE CASCADE ON UPDATE NO ACTION;

--
-- Constraints for table `fire_attendance`
--
ALTER TABLE `fire_attendance`
  ADD CONSTRAINT `fire_attendance_ibfk_1` FOREIGN KEY (`fire_data_id`) REFERENCES `fire_data` (`id`) ON DELETE CASCADE ON UPDATE NO ACTION;

--
-- Constraints for table `meeting_attendance`
--
ALTER TABLE `meeting_attendance`
  ADD CONSTRAINT `meeting_attendance_ibfk_1` FOREIGN KEY (`meeting_id`) REFERENCES `meeting` (`id`) ON DELETE CASCADE ON UPDATE NO ACTION;

--
-- Constraints for table `special_activity_attendance`
--
ALTER TABLE `special_activity_attendance`
  ADD CONSTRAINT `special_activity_attendance_ibfk_1` FOREIGN KEY (`special_id`) REFERENCES `special_activity` (`id`) ON DELETE CASCADE ON UPDATE NO ACTION;

--
-- Constraints for table `training_attendance`
--
ALTER TABLE `training_attendance`
  ADD CONSTRAINT `training_attendance_ibfk_1` FOREIGN KEY (`training_id`) REFERENCES `training` (`id`) ON DELETE CASCADE ON UPDATE NO ACTION;

/*!40101 SET CHARACTER_SET_CLIENT=@OLD_CHARACTER_SET_CLIENT */;
/*!40101 SET CHARACTER_SET_RESULTS=@OLD_CHARACTER_SET_RESULTS */;
/*!40101 SET COLLATION_CONNECTION=@OLD_COLLATION_CONNECTION */;
