-- phpMyAdmin SQL Dump
-- version 4.1.14
-- http://www.phpmyadmin.net
--
-- Host: 127.0.0.1
-- Generation Time: Jul 17, 2017 at 03:08 PM
-- Server version: 5.6.17
-- PHP Version: 5.5.12

SET SQL_MODE = "NO_AUTO_VALUE_ON_ZERO";
SET time_zone = "+00:00";


/*!40101 SET @OLD_CHARACTER_SET_CLIENT=@@CHARACTER_SET_CLIENT */;
/*!40101 SET @OLD_CHARACTER_SET_RESULTS=@@CHARACTER_SET_RESULTS */;
/*!40101 SET @OLD_COLLATION_CONNECTION=@@COLLATION_CONNECTION */;
/*!40101 SET NAMES utf8 */;

--
-- Database: `firebrigade`
--
CREATE DATABASE IF NOT EXISTS `firebrigade` DEFAULT CHARACTER SET utf8 COLLATE utf8_general_ci;
USE `firebrigade`;

-- --------------------------------------------------------

--
-- Table structure for table `duty_attendance`
--

DROP TABLE IF EXISTS `duty_attendance`;
CREATE TABLE IF NOT EXISTS `duty_attendance` (
  `unit` varchar(10) NOT NULL,
  `attendance_date` date NOT NULL,
  `time_in` varchar(10) NOT NULL,
  `time_out` varchar(10) NOT NULL,
  `schedule` varchar(10) NOT NULL,
  `date_created` datetime NOT NULL DEFAULT CURRENT_TIMESTAMP,
  `duty_version` int(11) NOT NULL,
  KEY `unit` (`unit`),
  KEY `schedule` (`schedule`),
  KEY `unit_2` (`unit`)
) ENGINE=InnoDB DEFAULT CHARSET=utf8;

--
-- Dumping data for table `duty_attendance`
--

INSERT INTO `duty_attendance` (`unit`, `attendance_date`, `time_in`, `time_out`, `schedule`, `date_created`, `duty_version`) VALUES
('94', '2017-05-01', '08:00 PM', '08:00 AM', 'Monday', '2017-05-26 19:56:57', 1),
('90', '2017-05-01', '08:59 PM', '08:00 AM', 'Monday', '2017-05-26 19:57:30', 1),
('92', '2017-05-01', '10:02 PM', '08:00 AM', 'Monday', '2017-05-26 19:58:03', 1),
('83', '2017-05-01', '09:00 PM', '08:00 AM', 'Monday', '2017-05-26 19:58:39', 1),
('88', '2017-05-02', '07:42 PM', '06:00 AM', 'Tuesday', '2017-05-26 20:00:14', 1),
('83', '2017-05-02', '10:45 PM', '09:00 AM', 'Tuesday', '2017-05-26 20:00:49', 1),
('88', '2017-05-03', '08:23 PM', '06:00 AM', 'Wednesday', '2017-05-26 20:01:30', 1),
('94', '2017-05-03', '09:41 PM', '08:00 AM', 'Wednesday', '2017-05-26 20:02:01', 1),
('90', '2017-05-03', '09:43 PM', '08:00 AM', 'Wednesday', '2017-05-26 20:02:22', 1),
('96', '2017-05-03', '09:43 PM', '07:27 AM', 'Wednesday', '2017-05-26 20:02:45', 1),
('92', '2017-05-03', '10:17 PM', '08:00 AM', 'Wednesday', '2017-05-26 20:03:06', 1),
('83', '2017-05-03', '07:30 PM', '08:00 AM', 'Wednesday', '2017-05-26 20:03:26', 1),
('86', '2017-05-03', '10:30 PM', '08:50 AM', 'Wednesday', '2017-05-26 20:03:44', 1),
('89', '2017-05-04', '09:07 PM', '05:41 AM', 'Thursday', '2017-05-26 20:04:17', 1),
('90', '2017-05-04', '09:30 PM', '08:00 AM', 'Thursday', '2017-05-26 20:04:37', 1),
('92', '2017-05-04', '10:10 PM', '08:00 AM', 'Thursday', '2017-05-26 20:05:02', 1),
('86', '2017-05-04', '10:00 PM', '08:03 AM', 'Thursday', '2017-05-26 20:05:21', 1),
('83', '2017-05-04', '10:00 PM', '01:00 PM', 'Thursday', '2017-05-26 20:05:42', 1),
('84', '2017-05-05', '08:34 PM', '08:31 AM', 'Friday', '2017-05-26 20:06:25', 1),
('92', '2017-05-05', '08:53 PM', '08:00 AM', 'Friday', '2017-05-26 20:06:44', 1),
('88', '2017-05-05', '09:23 PM', '08:00 AM', 'Friday', '2017-05-26 20:07:03', 1),
('93', '2017-05-05', '10:10 PM', '07:30 AM', 'Friday', '2017-05-26 20:07:24', 1),
('96', '2017-05-05', '10:46 PM', '07:25 AM', 'Friday', '2017-05-26 20:07:48', 1),
('86', '2017-05-05', '09:00 PM', '09:40 AM', 'Friday', '2017-05-26 20:08:15', 1),
('84', '2017-05-06', '07:48 PM', '09:30 AM', 'Saturday', '2017-05-26 20:08:48', 1),
('91', '2017-05-06', '07:48 PM', '09:30 AM', 'Saturday', '2017-05-26 20:09:09', 1),
('90', '2017-05-06', '07:53 PM', '00:00 AM', 'Saturday', '2017-05-26 20:09:33', 1),
('92', '2017-05-06', '09:40 PM', '08:00 AM', 'Saturday', '2017-05-26 20:10:19', 1),
('83', '2017-05-06', '07:00 PM', '10:00 AM', 'Saturday', '2017-05-26 20:10:53', 1),
('96', '2017-05-06', '10:49 PM', '10:43 AM', 'Saturday', '2017-05-26 20:11:15', 1),
('91', '2017-05-07', '05:30 PM', '10:00 AM', 'Sunday', '2017-05-26 20:14:13', 1),
('90', '2017-05-07', '09:00 PM', '08:00 AM', 'Sunday', '2017-05-26 20:14:37', 1),
('84', '2017-05-07', '10:28 PM', '09:30 AM', 'Sunday', '2017-05-26 20:14:59', 1),
('86', '2017-05-07', '10:40 PM', '05:36 AM', 'Sunday', '2017-05-26 20:15:18', 1),
('83', '2017-05-07', '09:00 PM', '08:00 AM', 'Sunday', '2017-05-26 20:15:37', 1),
('45', '2017-05-07', '08:55 PM', '10:00 AM', 'Sunday', '2017-05-26 20:15:56', 1),
('83', '2017-05-08', '09:30 PM', '08:00 AM', 'Monday', '2017-05-26 20:16:24', 1),
('92', '2017-05-08', '09:00 PM', '08:00 AM', 'Monday', '2017-05-26 20:16:45', 1),
('90', '2017-05-08', '05:10 PM', '08:00 AM', 'Monday', '2017-05-26 20:17:01', 1),
('90', '2017-05-09', '07:58 PM', '08:00 AM', 'Tuesday', '2017-05-26 20:17:25', 1),
('83', '2017-05-09', '06:00 PM', '09:00 AM', 'Tuesday', '2017-05-26 20:17:41', 1),
('88', '2017-05-09', '08:53 PM', '06:00 AM', 'Tuesday', '2017-05-26 20:18:00', 1),
('95', '2017-05-09', '09:17 PM', '08:30 AM', 'Tuesday', '2017-05-26 20:18:26', 1),
('96', '2017-05-10', '09:26 PM', '12:53 PM', 'Wednesday', '2017-05-26 20:19:03', 1),
('09', '2017-05-10', '06:00 PM', '04:00 AM', 'Wednesday', '2017-05-26 20:19:22', 1),
('83', '2017-05-10', '07:00 PM', '01:40 PM', 'Wednesday', '2017-05-26 20:19:50', 1),
('88', '2017-05-10', '10:15 PM', '05:22 AM', 'Wednesday', '2017-05-26 20:20:24', 1),
('92', '2017-05-10', '06:30 PM', '08:00 AM', 'Wednesday', '2017-05-26 20:20:45', 1),
('90', '2017-05-10', '05:10 PM', '06:00 AM', 'Wednesday', '2017-05-26 20:21:03', 1),
('86', '2017-05-11', '08:00 PM', '11:45 PM', 'Thursday', '2017-05-26 20:21:37', 1),
('89', '2017-05-11', '08:33 PM', '05:00 AM', 'Thursday', '2017-05-26 20:22:02', 1),
('90', '2017-05-11', '04:30 PM', '08:00 AM', 'Thursday', '2017-05-26 20:22:20', 1),
('95', '2017-05-11', '09:00 PM', '08:00 AM', 'Thursday', '2017-05-26 20:22:43', 1),
('90', '2017-05-12', '07:52 PM', '08:00 AM', 'Friday', '2017-05-26 20:23:46', 1),
('84', '2017-05-12', '08:27 PM', '04:45 AM', 'Friday', '2017-05-26 20:24:05', 1),
('88', '2017-05-12', '09:28 PM', '07:00 AM', 'Friday', '2017-05-26 20:24:22', 1),
('92', '2017-05-12', '09:00 PM', '08:00 AM', 'Friday', '2017-05-26 20:24:38', 1),
('84', '2017-05-13', '03:30 PM', '10:45 AM', 'Saturday', '2017-05-26 20:25:27', 1),
('93', '2017-05-13', '05:37 PM', '03:03 PM', 'Saturday', '2017-05-26 20:26:17', 1),
('90', '2017-05-13', '08:00 PM', '01:00 PM', 'Saturday', '2017-05-26 20:26:39', 1),
('91', '2017-05-13', '09:04 PM', '10:45 AM', 'Saturday', '2017-05-26 20:27:00', 1),
('97', '2017-05-13', '09:15 PM', '12:50 PM', 'Saturday', '2017-05-26 20:27:22', 1),
('95', '2017-05-13', '09:25 PM', '10:00 AM', 'Saturday', '2017-05-26 20:27:42', 1),
('94', '2017-05-13', '09:46 PM', '08:00 AM', 'Saturday', '2017-05-26 20:29:11', 1),
('96', '2017-05-13', '10:47 PM', '09:30 AM', 'Saturday', '2017-05-26 20:34:22', 1),
('86', '2017-05-13', '07:00 PM', '10:00 AM', 'Saturday', '2017-05-26 20:34:43', 1),
('94', '2017-05-14', '07:54 PM', '08:00 AM', 'Sunday', '2017-05-26 20:35:52', 1),
('90', '2017-05-14', '08:30 PM', '08:00 AM', 'Sunday', '2017-05-26 20:36:07', 1),
('45', '2017-05-14', '09:35 PM', '12:30 PM', 'Sunday', '2017-05-26 20:36:27', 1),
('86', '2017-05-14', '09:44 PM', '08:52 AM', 'Sunday', '2017-05-26 20:36:48', 1),
('84', '2017-05-14', '10:46 PM', '09:20 AM', 'Sunday', '2017-05-26 20:37:22', 1),
('83', '2017-05-14', '09:00 PM', '11:00 AM', 'Sunday', '2017-05-26 20:37:43', 1),
('91', '2017-05-14', '10:46 PM', '07:40 AM', 'Sunday', '2017-05-26 20:38:32', 1),
('90', '2017-05-15', '07:48 PM', '08:00 AM', 'Monday', '2017-05-26 20:39:11', 1),
('92', '2017-05-15', '10:30 PM', '08:00 AM', 'Monday', '2017-05-26 20:39:32', 1),
('94', '2017-05-15', '08:00 PM', '08:00 AM', 'Monday', '2017-05-26 20:39:47', 1),
('86', '2017-05-15', '05:30 PM', '10:34 AM', 'Monday', '2017-05-26 20:40:05', 1),
('83', '2017-05-15', '11:15 PM', '11:00 AM', 'Monday', '2017-05-26 20:40:21', 1),
('95', '2017-05-16', '08:57 PM', '08:00 AM', 'Tuesday', '2017-05-26 20:40:47', 1),
('90', '2017-05-16', '09:01 PM', '05:30 AM', 'Tuesday', '2017-05-26 20:41:07', 1),
('88', '2017-05-16', '09:28 PM', '05:00 AM', 'Tuesday', '2017-05-26 20:41:50', 1),
('86', '2017-05-16', '09:00 PM', '11:04 AM', 'Tuesday', '2017-05-26 20:42:15', 1),
('94', '2017-05-16', '08:00 PM', '09:00 AM', 'Tuesday', '2017-05-26 20:42:57', 1),
('83', '2017-05-16', '06:30 PM', '12:41 PM', 'Tuesday', '2017-05-26 20:43:18', 1),
('90', '2017-05-17', '07:15 PM', '08:00 AM', 'Wednesday', '2017-05-26 20:43:54', 1),
('92', '2017-05-17', '10:10 PM', '08:00 AM', 'Wednesday', '2017-05-26 20:44:12', 1),
('86', '2017-05-17', '10:12 PM', '09:44 AM', 'Wednesday', '2017-05-26 20:44:28', 1),
('83', '2017-05-17', '10:50 PM', '10:30 AM', 'Wednesday', '2017-05-26 20:45:01', 1),
('90', '2017-05-18', '05:30 PM', '08:00 AM', 'Thursday', '2017-05-26 20:45:52', 1),
('95', '2017-05-18', '08:00 PM', '08:00 AM', 'Thursday', '2017-05-26 20:57:15', 1),
('89', '2017-05-18', '08:53 PM', '05:00 AM', 'Thursday', '2017-05-26 20:57:35', 1),
('92', '2017-05-18', '10:39 PM', '08:00 AM', 'Thursday', '2017-05-26 20:58:13', 1),
('83', '2017-05-18', '10:30 PM', '08:00 AM', 'Thursday', '2017-05-26 20:58:27', 1),
('86', '2017-05-18', '08:00 PM', '01:00 PM', 'Thursday', '2017-05-26 20:59:01', 1),
('90', '2017-05-19', '07:28 PM', '08:00 AM', 'Friday', '2017-05-26 20:59:23', 1),
('93', '2017-05-19', '08:30 PM', '06:00 AM', 'Friday', '2017-05-26 20:59:57', 1),
('92', '2017-05-19', '09:00 PM', '08:00 AM', 'Friday', '2017-05-26 21:00:41', 1),
('88', '2017-05-19', '09:32 PM', '08:00 AM', 'Friday', '2017-05-26 21:00:59', 1),
('13', '2017-05-20', '03:30 PM', '07:45 AM', 'Saturday', '2017-05-26 21:02:13', 1),
('95', '2017-05-20', '08:44 PM', '12:20 PM', 'Saturday', '2017-05-26 21:02:32', 1),
('92', '2017-05-20', '08:45 PM', '08:00 AM', 'Saturday', '2017-05-26 21:02:51', 1),
('96', '2017-05-20', '09:30 PM', '07:11 AM', 'Saturday', '2017-05-26 21:03:06', 1),
('89', '2017-05-20', '09:47 PM', '07:24 AM', 'Saturday', '2017-05-26 21:03:44', 1),
('83', '2017-05-21', '07:30 PM', '08:00 AM', 'Sunday', '2017-05-26 21:04:13', 1),
('90', '2017-05-22', '07:12 PM', '08:00 AM', 'Monday', '2017-05-26 21:05:06', 1),
('22', '2017-05-22', '10:10 PM', '06:40 AM', 'Monday', '2017-05-26 21:05:23', 1),
('92', '2017-05-22', '10:17 PM', '08:00 AM', 'Monday', '2017-05-26 21:05:40', 1),
('83', '2017-05-22', '10:57 PM', '01:17 PM', 'Monday', '2017-05-26 21:05:59', 1),
('94', '2017-05-22', '09:00 PM', '08:00 AM', 'Monday', '2017-05-26 21:06:14', 1),
('95', '2017-05-23', '09:00 PM', '09:00 AM', 'Tuesday', '2017-05-27 14:39:04', 1),
('88', '2017-05-23', '09:45 PM', '06:00 AM', 'Tuesday', '2017-05-27 14:39:25', 1),
('94', '2017-05-23', '08:00 PM', '08:00 AM', 'Tuesday', '2017-05-27 14:39:48', 1),
('83', '2017-05-23', '07:00 PM', '10:00 AM', 'Tuesday', '2017-05-27 14:40:25', 1),
('88', '2017-05-24', '09:39 PM', '06:00 AM', 'Wednesday', '2017-05-27 14:40:47', 1),
('96', '2017-05-24', '10:15 PM', '07:36 AM', 'Wednesday', '2017-05-27 14:41:03', 1),
('92', '2017-05-24', '10:30 PM', '08:00 AM', 'Wednesday', '2017-05-27 14:41:23', 1),
('94', '2017-05-24', '08:00 PM', '08:00 AM', 'Wednesday', '2017-05-27 14:41:37', 1),
('89', '2017-05-25', '06:27 PM', '05:00 AM', 'Thursday', '2017-05-27 14:42:04', 1),
('95', '2017-05-25', '07:05 PM', '08:00 AM', 'Thursday', '2017-05-27 14:42:21', 1),
('91', '2017-05-25', '04:30 PM', '12:00 PM', 'Thursday', '2017-05-27 14:42:43', 1),
('90', '2017-05-25', '05:10 PM', '08:00 AM', 'Thursday', '2017-05-27 14:42:59', 1),
('90', '2017-05-26', '09:30 PM', '08:00 AM', 'Friday', '2017-05-27 14:43:32', 1),
('88', '2017-05-26', '10:05 PM', '08:00 AM', 'Friday', '2017-05-27 14:43:48', 1),
('30', '2017-05-26', '10:30 PM', '04:40 AM', 'Friday', '2017-05-27 14:44:07', 1),
('84', '2017-05-26', '10:30 PM', '04:40 AM', 'Friday', '2017-05-27 14:44:18', 1),
('93', '2017-05-26', '10:39 PM', '11:30 AM', 'Friday', '2017-05-27 14:44:36', 1),
('84', '2017-04-01', '04:30 PM', '08:00 AM', 'Saturday', '2017-05-27 14:52:45', 1),
('95', '2017-04-01', '09:45 PM', '08:00 AM', 'Saturday', '2017-05-27 14:53:17', 1),
('89', '2017-04-01', '10:17 PM', '08:00 AM', 'Saturday', '2017-05-27 14:53:35', 1),
('91', '2017-04-01', '10:19 PM', '08:00 AM', 'Saturday', '2017-05-27 14:53:51', 1),
('89', '2017-05-27', '08:34 PM', '07:00 AM', 'Saturday', '2017-06-03 15:14:23', 1),
('45', '2017-05-27', '09:30 PM', '07:00 AM', 'Saturday', '2017-06-03 15:14:49', 1),
('95', '2017-05-27', '09:44 PM', '07:00 AM', 'Saturday', '2017-06-03 15:15:25', 1),
('91', '2017-05-27', '09:00 PM', '07:00 AM', 'Saturday', '2017-06-03 15:15:39', 1),
('96', '2017-05-27', '10:42 PM', '07:00 AM', 'Saturday', '2017-06-03 15:16:12', 1),
('84', '2017-05-28', '09:00 PM', '08:25 AM', 'Sunday', '2017-06-03 15:16:51', 1),
('91', '2017-05-28', '09:00 PM', '07:30 AM', 'Sunday', '2017-06-03 15:17:03', 1),
('90', '2017-05-28', '09:10 PM', '08:00 AM', 'Sunday', '2017-06-03 15:17:24', 1),
('45', '2017-05-28', '06:30 PM', '08:00 AM', 'Sunday', '2017-06-03 15:17:41', 1),
('83', '2017-05-28', '10:15 PM', '10:02 AM', 'Sunday', '2017-06-03 15:18:02', 1),
('90', '2017-05-29', '08:55 PM', '08:00 AM', 'Monday', '2017-06-03 15:18:28', 1),
('92', '2017-05-29', '08:57 PM', '08:00 AM', 'Monday', '2017-06-03 15:18:49', 1),
('83', '2017-05-29', '10:50 PM', '08:00 AM', 'Monday', '2017-06-03 15:19:04', 1),
('90', '2017-05-30', '08:37 PM', '08:00 AM', 'Tuesday', '2017-06-03 15:19:43', 1),
('88', '2017-05-30', '09:32 PM', '06:00 AM', 'Tuesday', '2017-06-03 15:20:01', 1),
('92', '2017-05-30', '10:40 PM', '08:00 AM', 'Tuesday', '2017-06-03 15:20:17', 1),
('83', '2017-05-30', '06:00 PM', '08:00 AM', 'Tuesday', '2017-06-03 15:20:37', 1),
('90', '2017-05-31', '05:10 PM', '08:00 AM', 'Wednesday', '2017-06-03 15:21:11', 1),
('88', '2017-05-31', '09:43 PM', '06:00 AM', 'Wednesday', '2017-06-03 15:21:30', 1),
('94', '2017-05-31', '05:30 PM', '08:00 AM', 'Wednesday', '2017-06-03 15:21:56', 1),
('92', '2017-05-31', '10:40 PM', '08:00 AM', 'Wednesday', '2017-06-03 15:22:17', 1),
('91', '2017-04-02', '06:05 PM', '08:00 AM', 'Sunday', '2017-06-03 15:25:34', 1),
('45', '2017-04-02', '09:05 PM', '08:00 AM', 'Sunday', '2017-06-03 15:25:58', 1),
('84', '2017-04-02', '03:05 PM', '08:00 AM', 'Sunday', '2017-06-03 15:26:11', 1),
('86', '2017-04-02', '08:00 PM', '08:00 AM', 'Sunday', '2017-06-03 15:26:23', 1),
('86', '2017-04-03', '06:00 PM', '12:03 PM', 'Monday', '2017-06-03 15:27:21', 1),
('92', '2017-04-03', '10:53 PM', '08:00 AM', 'Monday', '2017-06-03 15:30:48', 1),
('88', '2017-04-04', '06:00 PM', '05:00 AM', 'Tuesday', '2017-06-03 15:31:34', 1),
('91', '2017-04-04', '04:00 PM', '08:00 AM', 'Tuesday', '2017-06-03 15:31:51', 1),
('86', '2017-04-04', '10:41 PM', '08:00 AM', 'Tuesday', '2017-06-03 15:32:04', 1),
('95', '2017-04-04', '10:45 PM', '08:00 AM', 'Tuesday', '2017-06-03 15:32:21', 1),
('90', '2017-04-05', '08:13 PM', '08:00 AM', 'Wednesday', '2017-06-03 15:32:52', 1),
('88', '2017-04-05', '08:53 PM', '05:00 AM', 'Wednesday', '2017-06-03 15:33:11', 1),
('93', '2017-04-05', '08:57 PM', '08:00 AM', 'Wednesday', '2017-06-03 15:33:27', 1),
('92', '2017-04-05', '10:50 PM', '08:00 AM', 'Wednesday', '2017-06-03 15:33:42', 1),
('89', '2017-04-06', '08:45 PM', '05:00 AM', 'Thursday', '2017-06-03 15:41:12', 1),
('92', '2017-04-06', '10:00 PM', '08:00 AM', 'Thursday', '2017-06-03 15:41:29', 1),
('95', '2017-04-06', '10:43 PM', '08:00 AM', 'Thursday', '2017-06-03 15:41:44', 1),
('83', '2017-04-06', '07:00 PM', '08:00 AM', 'Thursday', '2017-06-03 15:41:58', 1),
('86', '2017-04-06', '08:00 PM', '08:00 AM', 'Thursday', '2017-06-03 15:42:14', 1),
('84', '2017-04-07', '06:25 PM', '08:22 AM', 'Friday', '2017-06-03 15:43:51', 1),
('93', '2017-04-07', '08:41 PM', '08:00 AM', 'Friday', '2017-06-03 15:45:23', 1),
('88', '2017-04-07', '09:22 PM', '07:00 AM', 'Friday', '2017-06-03 15:45:48', 1),
('96', '2017-04-07', '10:00 PM', '08:00 AM', 'Friday', '2017-06-03 15:46:01', 1),
('93', '2017-04-08', '09:57 PM', '08:00 AM', 'Saturday', '2017-06-03 16:03:07', 1),
('84', '2017-04-09', '07:14 PM', '08:00 AM', 'Sunday', '2017-06-03 16:03:57', 1),
('86', '2017-04-09', '08:40 PM', '08:00 AM', 'Sunday', '2017-06-03 16:04:13', 1),
('91', '2017-04-09', '10:17 PM', '08:00 AM', 'Sunday', '2017-06-03 16:04:28', 1),
('45', '2017-04-09', '08:40 PM', '08:00 AM', 'Sunday', '2017-06-03 16:04:45', 1),
('83', '2017-04-09', '07:00 PM', '08:00 AM', 'Sunday', '2017-06-03 16:05:04', 1),
('94', '2017-04-10', '07:25 PM', '08:10 AM', 'Monday', '2017-06-03 16:05:33', 1),
('90', '2017-04-10', '10:25 PM', '08:00 AM', 'Monday', '2017-06-03 16:05:45', 1),
('92', '2017-04-10', '10:45 PM', '08:00 AM', 'Monday', '2017-06-03 16:05:59', 1),
('83', '2017-04-10', '09:00 PM', '08:00 AM', 'Monday', '2017-06-03 16:06:19', 1),
('88', '2017-04-11', '09:04 PM', '05:00 AM', 'Tuesday', '2017-06-03 16:06:42', 1),
('86', '2017-04-11', '06:00 PM', '08:00 AM', 'Tuesday', '2017-06-03 16:06:55', 1),
('83', '2017-04-11', '10:00 PM', '08:00 AM', 'Tuesday', '2017-06-03 16:07:11', 1),
('09', '2017-04-12', '08:15 PM', '04:00 AM', 'Wednesday', '2017-06-03 16:07:36', 1),
('93', '2017-04-12', '07:12 PM', '08:00 AM', 'Wednesday', '2017-06-03 16:07:53', 1),
('45', '2017-04-12', '09:10 PM', '08:00 AM', 'Wednesday', '2017-06-03 16:08:13', 1),
('90', '2017-04-12', '09:30 PM', '07:00 AM', 'Wednesday', '2017-06-03 16:08:29', 1),
('92', '2017-04-12', '10:26 PM', '08:00 AM', 'Wednesday', '2017-06-03 16:08:47', 1),
('88', '2017-04-12', '10:30 PM', '08:00 AM', 'Wednesday', '2017-06-03 16:09:04', 1),
('86', '2017-04-12', '09:30 PM', '06:00 AM', 'Wednesday', '2017-06-03 16:09:37', 1),
('83', '2017-04-12', '07:00 PM', '08:00 AM', 'Wednesday', '2017-06-03 16:09:50', 1),
('91', '2017-04-13', '08:00 AM', '08:00 AM', 'Thursday', '2017-06-03 16:11:44', 1),
('93', '2017-04-13', '08:00 AM', '05:00 PM', 'Thursday', '2017-06-03 16:12:47', 1),
('83', '2017-04-13', '08:00 AM', '08:00 AM', 'Thursday', '2017-06-03 16:13:08', 1),
('96', '2017-04-13', '09:00 AM', '06:12 PM', 'Thursday', '2017-06-03 16:13:53', 1),
('92', '2017-04-13', '08:00 AM', '05:00 PM', 'Thursday', '2017-06-03 16:14:31', 1),
('95', '2017-04-13', '08:00 AM', '12:00 PM', 'Thursday', '2017-06-03 16:15:16', 1),
('84', '2017-04-13', '12:10 PM', '08:00 AM', 'Thursday', '2017-06-03 16:16:09', 1),
('13', '2017-04-13', '04:30 PM', '06:20 AM', 'Thursday', '2017-06-03 16:16:46', 1),
('97', '2017-04-13', '07:10 PM', '08:00 AM', 'Thursday', '2017-06-03 16:17:21', 1),
('90', '2017-04-13', '05:00 PM', '07:00 AM', 'Thursday', '2017-06-03 16:18:02', 1),
('93', '2017-04-14', '02:18 PM', '08:00 AM', 'Friday', '2017-06-03 16:21:19', 1),
('84', '2017-04-14', '05:30 PM', '08:00 AM', 'Friday', '2017-06-03 16:22:36', 1),
('90', '2017-04-14', '03:00 PM', '08:00 AM', 'Friday', '2017-06-03 16:22:56', 1),
('88', '2017-04-14', '07:52 PM', '09:00 AM', 'Friday', '2017-06-03 16:23:17', 1),
('97', '2017-04-14', '08:30 PM', '08:00 AM', 'Friday', '2017-06-03 16:24:24', 1),
('92', '2017-04-14', '09:00 PM', '08:00 AM', 'Friday', '2017-06-03 16:24:42', 1),
('45', '2017-04-14', '09:00 PM', '08:00 AM', 'Friday', '2017-06-03 16:25:43', 1),
('91', '2017-04-14', '08:00 AM', '08:00 AM', 'Friday', '2017-06-03 16:27:09', 1),
('96', '2017-04-14', '09:00 PM', '06:41 AM', 'Friday', '2017-06-03 16:27:32', 1),
('95', '2017-04-14', '12:00 PM', '08:00 AM', 'Friday', '2017-06-03 16:28:03', 1),
('93', '2017-04-15', '08:00 AM', '08:00 AM', 'Saturday', '2017-06-03 16:28:53', 1),
('95', '2017-04-15', '08:00 AM', '08:00 AM', 'Saturday', '2017-06-03 16:29:25', 1),
('97', '2017-04-15', '08:00 AM', '12:00 PM', 'Saturday', '2017-06-03 16:30:10', 1),
('91', '2017-04-15', '08:00 AM', '10:45 AM', 'Saturday', '2017-06-03 16:30:45', 1),
('45', '2017-04-15', '08:00 AM', '08:00 AM', 'Saturday', '2017-06-03 16:31:06', 1),
('84', '2017-04-15', '12:20 PM', '10:45 AM', 'Saturday', '2017-06-03 16:32:25', 1),
('83', '2017-04-15', '01:00 PM', '08:00 AM', 'Saturday', '2017-06-03 16:32:47', 1),
('90', '2017-04-15', '01:00 AM', '08:00 AM', 'Saturday', '2017-06-03 16:33:36', 1),
('92', '2017-04-15', '10:30 PM', '08:00 AM', 'Saturday', '2017-06-03 16:34:03', 1),
('84', '2017-04-16', '09:02 PM', '08:36 AM', 'Sunday', '2017-06-03 16:34:42', 1),
('91', '2017-04-16', '09:02 PM', '08:00 AM', 'Sunday', '2017-06-03 16:34:53', 1),
('86', '2017-04-16', '09:44 PM', '08:00 AM', 'Sunday', '2017-06-03 16:35:05', 1),
('45', '2017-04-16', '08:30 PM', '08:00 AM', 'Sunday', '2017-06-03 16:35:21', 1),
('83', '2017-04-16', '08:45 PM', '08:00 AM', 'Sunday', '2017-06-03 16:35:36', 1),
('94', '2017-04-17', '06:00 PM', '08:00 AM', 'Monday', '2017-06-03 16:38:42', 1),
('92', '2017-04-17', '09:00 PM', '08:00 AM', 'Monday', '2017-06-03 16:39:01', 1),
('90', '2017-04-17', '10:00 PM', '08:00 AM', 'Monday', '2017-06-03 16:39:13', 1),
('86', '2017-04-17', '07:00 PM', '08:00 AM', 'Monday', '2017-06-03 16:39:33', 1),
('83', '2017-04-17', '10:45 PM', '08:00 AM', 'Monday', '2017-06-03 16:39:52', 1),
('88', '2017-04-18', '09:16 PM', '05:00 AM', 'Tuesday', '2017-06-03 16:41:02', 1),
('86', '2017-04-18', '06:00 PM', '10:32 AM', 'Tuesday', '2017-06-03 16:41:21', 1),
('83', '2017-04-18', '09:30 PM', '08:00 AM', 'Tuesday', '2017-06-03 16:41:39', 1),
('95', '2017-04-18', '08:00 PM', '08:00 AM', 'Tuesday', '2017-06-03 16:41:54', 1),
('93', '2017-04-19', '04:34 PM', '08:00 AM', 'Wednesday', '2017-06-03 16:42:22', 1),
('88', '2017-04-19', '08:40 PM', '05:00 AM', 'Wednesday', '2017-06-03 16:42:44', 1),
('90', '2017-04-19', '09:45 PM', '08:00 AM', 'Wednesday', '2017-06-03 16:43:00', 1),
('92', '2017-04-19', '10:30 PM', '08:00 AM', 'Wednesday', '2017-06-03 16:43:15', 1),
('83', '2017-04-19', '09:00 PM', '08:00 AM', 'Wednesday', '2017-06-03 16:43:54', 1),
('86', '2017-04-19', '08:30 PM', '08:00 AM', 'Wednesday', '2017-06-03 16:44:11', 1),
('89', '2017-04-20', '08:55 PM', '05:00 AM', 'Thursday', '2017-06-03 16:45:52', 1),
('90', '2017-04-20', '08:30 PM', '08:00 AM', 'Thursday', '2017-06-03 16:46:08', 1),
('94', '2017-04-20', '07:10 PM', '08:00 AM', 'Thursday', '2017-06-03 16:46:24', 1),
('83', '2017-04-20', '10:45 PM', '08:00 AM', 'Thursday', '2017-06-03 16:47:11', 1),
('84', '2017-04-21', '06:42 PM', '08:40 AM', 'Friday', '2017-06-03 16:48:20', 1),
('93', '2017-04-21', '08:38 PM', '08:00 AM', 'Friday', '2017-06-03 16:49:30', 1),
('90', '2017-04-21', '09:20 PM', '08:00 AM', 'Friday', '2017-06-03 16:49:44', 1),
('88', '2017-04-21', '08:45 PM', '08:00 AM', 'Friday', '2017-06-03 16:49:56', 1),
('95', '2017-04-21', '09:00 PM', '08:00 AM', 'Friday', '2017-06-03 16:50:12', 1),
('94', '2017-04-21', '08:00 PM', '08:00 AM', 'Friday', '2017-06-03 16:50:28', 1),
('83', '2017-04-21', '08:00 PM', '08:00 AM', 'Friday', '2017-06-03 16:50:39', 1),
('84', '2017-04-22', '07:36 PM', '06:10 AM', 'Saturday', '2017-06-03 16:51:10', 1),
('90', '2017-04-22', '09:45 PM', '08:00 AM', 'Saturday', '2017-06-03 16:51:25', 1),
('89', '2017-04-22', '09:58 PM', '10:52 AM', 'Saturday', '2017-06-03 16:51:46', 1),
('95', '2017-04-22', '10:00 PM', '08:00 AM', 'Saturday', '2017-06-03 16:52:09', 1),
('86', '2017-04-22', '06:00 PM', '08:00 AM', 'Saturday', '2017-06-03 16:52:29', 1),
('93', '2017-04-22', '05:00 PM', '08:00 AM', 'Saturday', '2017-06-03 16:53:28', 1),
('45', '2017-04-23', '08:13 PM', '08:00 AM', 'Sunday', '2017-06-03 16:54:13', 1),
('84', '2017-04-23', '09:09 PM', '08:23 AM', 'Sunday', '2017-06-03 16:54:30', 1),
('86', '2017-04-23', '09:30 PM', '08:00 AM', 'Sunday', '2017-06-03 16:54:50', 1),
('83', '2017-04-23', '09:30 PM', '08:00 AM', 'Sunday', '2017-06-03 16:55:02', 1),
('94', '2017-04-24', '09:00 PM', '08:00 AM', 'Monday', '2017-06-03 16:55:33', 1),
('90', '2017-04-24', '09:30 PM', '08:00 AM', 'Monday', '2017-06-03 16:55:46', 1),
('92', '2017-04-24', '10:29 PM', '08:00 AM', 'Monday', '2017-06-03 16:56:04', 1),
('86', '2017-04-24', '06:00 PM', '10:23 AM', 'Monday', '2017-06-03 16:56:30', 1),
('83', '2017-04-24', '09:30 PM', '08:00 AM', 'Monday', '2017-06-03 16:56:46', 1),
('88', '2017-04-25', '09:02 PM', '05:00 AM', 'Tuesday', '2017-06-03 16:58:16', 1),
('86', '2017-04-25', '06:00 PM', '08:00 AM', 'Tuesday', '2017-06-03 16:58:32', 1),
('90', '2017-04-25', '09:20 PM', '08:00 AM', 'Tuesday', '2017-06-03 16:58:53', 1),
('45', '2017-04-26', '09:25 PM', '08:00 AM', 'Wednesday', '2017-06-03 17:01:31', 1),
('88', '2017-04-26', '09:48 PM', '05:30 AM', 'Wednesday', '2017-06-03 17:01:44', 1),
('86', '2017-04-26', '06:00 PM', '10:49 AM', 'Wednesday', '2017-06-03 17:02:06', 1),
('95', '2017-04-27', '06:30 PM', '08:00 AM', 'Thursday', '2017-06-03 17:03:15', 1),
('89', '2017-04-27', '07:16 PM', '08:00 AM', 'Thursday', '2017-06-03 17:03:37', 1),
('84', '2017-04-27', '05:45 PM', '08:38 AM', 'Thursday', '2017-06-03 17:03:57', 1),
('83', '2017-04-27', '06:45 PM', '08:00 AM', 'Thursday', '2017-06-03 17:04:14', 1),
('94', '2017-04-27', '05:00 PM', '08:00 AM', 'Thursday', '2017-06-03 17:04:35', 1),
('45', '2017-04-27', '07:00 PM', '09:30 AM', 'Thursday', '2017-06-03 17:04:56', 1),
('86', '2017-04-27', '06:00 PM', '12:00 PM', 'Thursday', '2017-06-03 17:05:16', 1),
('84', '2017-04-28', '07:09 PM', '08:28 AM', 'Friday', '2017-06-03 17:06:00', 1),
('88', '2017-04-28', '09:39 PM', '08:00 AM', 'Friday', '2017-06-03 17:06:19', 1),
('93', '2017-04-28', '10:08 PM', '08:00 AM', 'Friday', '2017-06-03 17:06:40', 1),
('91', '2017-04-29', '03:00 PM', '10:25 AM', 'Saturday', '2017-06-03 17:07:13', 1),
('84', '2017-04-29', '07:25 PM', '08:30 AM', 'Saturday', '2017-06-03 17:07:36', 1),
('96', '2017-04-29', '09:15 PM', '08:00 AM', 'Saturday', '2017-06-03 17:07:54', 1),
('45', '2017-04-29', '09:25 PM', '08:00 AM', 'Saturday', '2017-06-03 17:08:06', 1),
('91', '2017-04-30', '07:00 PM', '09:11 AM', 'Sunday', '2017-06-03 17:08:33', 1),
('45', '2017-04-30', '08:55 PM', '08:00 AM', 'Sunday', '2017-06-03 17:08:47', 1),
('84', '2017-04-30', '10:00 PM', '09:11 AM', 'Sunday', '2017-06-03 17:09:17', 1),
('30', '2017-04-30', '10:00 PM', '09:11 AM', 'Sunday', '2017-06-03 17:09:30', 1),
('83', '2017-04-30', '10:00 PM', '08:00 AM', 'Sunday', '2017-06-03 17:09:43', 1),
('90', '2017-03-01', '10:00 PM', '07:00 AM', 'Wednesday', '2017-06-05 14:26:56', 2),
('92', '2017-03-01', '10:54 PM', '08:00 AM', 'Wednesday', '2017-06-05 14:27:16', 2),
('83', '2017-03-01', '11:00 PM', '08:00 AM', 'Wednesday', '2017-06-05 14:27:28', 2),
('86', '2017-03-01', '09:30 PM', '08:00 AM', 'Wednesday', '2017-06-05 14:27:53', 2),
('89', '2017-03-02', '09:22 PM', '05:00 AM', 'Thursday', '2017-06-05 14:28:20', 2),
('90', '2017-03-02', '10:00 PM', '08:00 AM', 'Thursday', '2017-06-05 14:28:32', 2),
('83', '2017-03-02', '10:00 PM', '08:00 AM', 'Thursday', '2017-06-05 14:31:11', 2),
('84', '2017-03-03', '06:45 PM', '08:19 AM', 'Friday', '2017-06-05 14:32:05', 2),
('90', '2017-03-03', '05:00 PM', '08:00 AM', 'Friday', '2017-06-05 14:32:27', 2),
('93', '2017-03-03', '10:05 PM', '08:00 AM', 'Friday', '2017-06-05 14:33:02', 2),
('88', '2017-03-03', '10:24 PM', '08:00 AM', 'Friday', '2017-06-05 14:33:13', 2),
('92', '2017-03-03', '10:55 PM', '08:00 AM', 'Friday', '2017-06-05 14:34:08', 2),
('86', '2017-03-03', '10:00 PM', '08:00 AM', 'Friday', '2017-06-05 14:34:22', 2),
('84', '2017-03-04', '09:23 PM', '08:00 AM', 'Saturday', '2017-06-05 14:34:52', 2),
('96', '2017-03-04', '09:00 PM', '08:00 AM', 'Saturday', '2017-06-05 15:32:28', 2),
('98', '2017-03-04', '09:57 PM', '10:11 AM', 'Saturday', '2017-06-05 15:34:20', 2),
('90', '2017-03-04', '10:38 PM', '08:00 AM', 'Saturday', '2017-06-05 15:34:57', 2),
('86', '2017-03-04', '10:00 PM', '08:00 AM', 'Saturday', '2017-06-05 15:35:15', 2),
('84', '2017-03-05', '09:00 PM', '08:00 AM', 'Sunday', '2017-06-05 15:36:00', 2),
('91', '2017-03-05', '08:00 PM', '08:00 AM', 'Sunday', '2017-06-05 15:36:19', 2),
('45', '2017-03-05', '08:45 PM', '08:00 AM', 'Sunday', '2017-06-05 15:36:44', 2),
('86', '2017-03-05', '10:00 PM', '08:00 AM', 'Sunday', '2017-06-05 15:37:30', 2),
('83', '2017-03-05', '10:00 PM', '08:00 AM', 'Sunday', '2017-06-05 15:38:13', 2),
('92', '2017-03-06', '10:00 PM', '08:00 AM', 'Monday', '2017-06-05 15:38:33', 2),
('90', '2017-03-06', '10:05 PM', '08:00 AM', 'Monday', '2017-06-05 15:38:44', 2),
('83', '2017-03-06', '05:00 PM', '08:00 AM', 'Monday', '2017-06-05 15:39:03', 2),
('88', '2017-03-07', '09:06 PM', '05:00 AM', 'Tuesday', '2017-06-05 15:39:57', 2),
('94', '2017-03-07', '06:00 PM', '08:00 AM', 'Tuesday', '2017-06-05 15:40:18', 2),
('83', '2017-03-07', '07:00 PM', '08:00 AM', 'Tuesday', '2017-06-05 15:40:33', 2),
('94', '2017-03-08', '08:24 PM', '08:00 AM', 'Wednesday', '2017-06-05 15:40:54', 2),
('88', '2017-03-08', '09:20 PM', '05:30 AM', 'Wednesday', '2017-06-05 15:41:23', 2),
('90', '2017-03-08', '09:30 PM', '08:00 AM', 'Wednesday', '2017-06-05 15:41:37', 2),
('92', '2017-03-08', '10:48 PM', '08:00 AM', 'Wednesday', '2017-06-05 15:41:55', 2),
('89', '2017-03-09', '08:04 PM', '05:00 AM', 'Thursday', '2017-06-05 15:44:22', 2),
('98', '2017-03-09', '09:02 PM', '06:13 AM', 'Thursday', '2017-06-05 15:45:18', 2),
('94', '2017-03-09', '09:40 PM', '08:00 AM', 'Thursday', '2017-06-05 15:45:38', 2),
('83', '2017-03-09', '06:30 PM', '08:00 AM', 'Thursday', '2017-06-05 15:46:05', 2),
('86', '2017-03-09', '09:00 PM', '08:00 AM', 'Thursday', '2017-06-05 15:46:26', 2),
('84', '2017-03-10', '09:25 PM', '08:14 AM', 'Friday', '2017-06-05 15:49:30', 2),
('94', '2017-03-10', '09:30 PM', '08:00 AM', 'Friday', '2017-06-05 15:49:48', 2),
('88', '2017-03-10', '10:10 PM', '06:00 AM', 'Friday', '2017-06-05 15:50:06', 2),
('92', '2017-03-10', '09:35 PM', '08:00 AM', 'Friday', '2017-06-05 15:50:42', 2),
('84', '2017-03-11', '07:27 PM', '08:00 AM', 'Saturday', '2017-06-05 15:51:09', 2),
('93', '2017-03-11', '10:04 PM', '08:00 AM', 'Saturday', '2017-06-05 15:51:23', 2),
('45', '2017-03-12', '09:52 PM', '08:00 AM', 'Sunday', '2017-06-05 15:51:46', 2),
('83', '2017-03-12', '09:00 PM', '08:00 AM', 'Sunday', '2017-06-05 15:51:57', 2),
('86', '2017-03-12', '10:00 PM', '08:00 AM', 'Sunday', '2017-06-05 15:52:11', 2),
('94', '2017-03-13', '08:30 PM', '08:00 AM', 'Monday', '2017-06-05 15:52:42', 2),
('90', '2017-03-13', '05:00 PM', '08:00 AM', 'Monday', '2017-06-05 15:53:22', 2),
('45', '2017-03-13', '10:30 PM', '08:00 AM', 'Monday', '2017-06-05 15:53:36', 2),
('92', '2017-03-13', '11:55 PM', '08:00 AM', 'Monday', '2017-06-05 15:53:49', 2),
('86', '2017-03-13', '09:30 PM', '08:00 AM', 'Monday', '2017-06-05 15:54:04', 2),
('83', '2017-03-13', '10:00 PM', '08:00 AM', 'Monday', '2017-06-05 15:55:06', 2),
('94', '2017-03-14', '08:58 PM', '08:00 AM', 'Tuesday', '2017-06-05 16:02:11', 2),
('45', '2017-03-14', '08:35 PM', '08:00 AM', 'Tuesday', '2017-06-05 16:02:23', 2),
('83', '2017-03-14', '07:00 PM', '08:00 AM', 'Tuesday', '2017-06-05 16:02:34', 2),
('86', '2017-03-14', '09:00 PM', '08:00 AM', 'Tuesday', '2017-06-05 16:02:49', 2),
('90', '2017-03-15', '10:11 PM', '08:00 AM', 'Wednesday', '2017-06-05 18:11:30', 2),
('88', '2017-03-15', '10:46 PM', '05:00 AM', 'Wednesday', '2017-06-05 18:11:45', 2),
('92', '2017-03-15', '10:52 PM', '08:00 AM', 'Wednesday', '2017-06-05 18:12:02', 2),
('94', '2017-03-15', '09:30 PM', '08:00 AM', 'Wednesday', '2017-06-05 18:12:16', 2),
('83', '2017-03-15', '07:00 PM', '08:00 AM', 'Wednesday', '2017-06-05 18:13:21', 2),
('98', '2017-03-16', '07:02 PM', '05:39 AM', 'Thursday', '2017-06-05 18:15:28', 2),
('83', '2017-03-16', '09:30 PM', '08:00 AM', 'Thursday', '2017-06-05 18:15:42', 2),
('86', '2017-03-16', '07:00 PM', '08:00 AM', 'Thursday', '2017-06-05 18:15:57', 2),
('84', '2017-03-17', '07:20 PM', '08:15 AM', 'Friday', '2017-06-05 18:16:20', 2),
('88', '2017-03-17', '10:26 PM', '07:00 AM', 'Friday', '2017-06-05 18:16:37', 2),
('92', '2017-03-17', '10:55 PM', '08:00 AM', 'Friday', '2017-06-05 18:16:52', 2),
('95', '2017-03-17', '10:00 PM', '08:00 AM', 'Friday', '2017-06-05 18:17:09', 2),
('83', '2017-03-17', '07:00 PM', '08:00 AM', 'Friday', '2017-06-05 18:17:25', 2),
('86', '2017-03-17', '09:30 PM', '08:00 AM', 'Friday', '2017-06-05 18:17:38', 2),
('84', '2017-03-18', '05:30 PM', '09:00 AM', 'Saturday', '2017-06-05 18:17:58', 2),
('95', '2017-03-18', '09:58 PM', '08:00 AM', 'Saturday', '2017-06-05 18:18:13', 2),
('89', '2017-03-18', '10:05 PM', '08:00 AM', 'Saturday', '2017-06-05 18:18:32', 2),
('92', '2017-03-18', '10:51 PM', '08:00 AM', 'Saturday', '2017-06-05 18:18:47', 2),
('45', '2017-03-19', '08:40 PM', '08:00 AM', 'Sunday', '2017-06-05 18:19:12', 2),
('84', '2017-03-19', '09:08 PM', '08:00 AM', 'Sunday', '2017-06-05 18:21:04', 2),
('91', '2017-03-19', '09:08 PM', '05:40 AM', 'Sunday', '2017-06-05 18:21:15', 2),
('86', '2017-03-19', '10:45 PM', '08:00 AM', 'Sunday', '2017-06-05 18:21:31', 2),
('83', '2017-03-19', '06:45 PM', '08:00 AM', 'Sunday', '2017-06-05 18:21:45', 2),
('90', '2017-03-20', '07:30 PM', '08:00 AM', 'Monday', '2017-06-05 18:22:17', 2),
('94', '2017-03-20', '08:32 PM', '08:00 AM', 'Monday', '2017-06-05 18:22:31', 2),
('92', '2017-03-20', '10:50 PM', '08:00 AM', 'Monday', '2017-06-05 18:22:47', 2),
('86', '2017-03-20', '08:00 PM', '08:01 AM', 'Monday', '2017-06-05 18:23:03', 2),
('88', '2017-03-21', '09:34 PM', '05:00 AM', 'Tuesday', '2017-06-05 19:17:29', 2),
('94', '2017-03-21', '09:37 PM', '08:00 AM', 'Tuesday', '2017-06-05 19:17:43', 2),
('83', '2017-03-21', '07:00 PM', '08:00 AM', 'Tuesday', '2017-06-05 19:17:58', 2),
('86', '2017-03-21', '09:00 PM', '07:36 AM', 'Tuesday', '2017-06-05 19:18:16', 2),
('88', '2017-03-22', '09:34 PM', '05:00 AM', 'Wednesday', '2017-06-05 19:18:51', 2),
('90', '2017-03-22', '09:48 PM', '08:00 AM', 'Wednesday', '2017-06-05 19:19:16', 2),
('92', '2017-03-22', '10:52 PM', '08:00 AM', 'Wednesday', '2017-06-05 19:19:43', 2),
('86', '2017-03-22', '09:00 PM', '08:00 AM', 'Wednesday', '2017-06-05 19:19:59', 2),
('83', '2017-03-22', '09:00 PM', '08:00 AM', 'Wednesday', '2017-06-05 19:20:08', 2),
('94', '2017-03-23', '08:40 PM', '08:00 AM', 'Thursday', '2017-06-05 19:20:34', 2),
('89', '2017-03-23', '09:30 PM', '04:08 AM', 'Thursday', '2017-06-05 19:21:07', 2),
('90', '2017-03-23', '05:20 PM', '08:00 AM', 'Thursday', '2017-06-05 19:21:41', 2),
('83', '2017-03-23', '07:00 PM', '08:00 AM', 'Thursday', '2017-06-05 19:21:59', 2),
('86', '2017-03-23', '09:00 PM', '08:00 AM', 'Thursday', '2017-06-05 19:22:14', 2),
('84', '2017-03-24', '09:43 PM', '08:27 AM', 'Friday', '2017-06-05 19:24:55', 2),
('93', '2017-03-24', '09:58 PM', '08:00 AM', 'Friday', '2017-06-05 19:25:08', 2),
('83', '2017-03-24', '08:00 PM', '08:00 AM', 'Friday', '2017-06-05 19:25:26', 2),
('92', '2017-03-24', '08:00 PM', '08:00 AM', 'Friday', '2017-06-05 19:25:36', 2),
('93', '2017-03-25', '09:06 PM', '08:00 AM', 'Saturday', '2017-06-05 19:26:02', 2),
('92', '2017-03-25', '10:50 PM', '06:00 AM', 'Saturday', '2017-06-05 19:26:25', 2),
('86', '2017-03-25', '08:40 PM', '08:00 AM', 'Saturday', '2017-06-05 19:26:40', 2),
('84', '2017-03-26', '09:05 PM', '08:00 AM', 'Sunday', '2017-06-05 19:27:01', 2),
('91', '2017-03-26', '09:05 PM', '08:00 AM', 'Sunday', '2017-06-05 19:27:10', 2),
('92', '2017-03-27', '10:52 PM', '08:00 AM', 'Monday', '2017-06-05 19:27:38', 2),
('86', '2017-03-27', '10:30 PM', '09:41 AM', 'Monday', '2017-06-05 19:28:02', 2),
('88', '2017-03-28', '09:40 PM', '05:00 AM', 'Tuesday', '2017-06-05 19:34:05', 2),
('94', '2017-03-28', '09:58 PM', '08:00 AM', 'Tuesday', '2017-06-05 19:34:20', 2),
('86', '2017-03-28', '10:30 PM', '08:00 AM', 'Tuesday', '2017-06-05 19:34:45', 2),
('88', '2017-03-29', '09:18 PM', '05:00 AM', 'Wednesday', '2017-06-05 19:35:20', 2),
('90', '2017-03-29', '08:55 PM', '08:00 AM', 'Wednesday', '2017-06-05 19:35:34', 2),
('95', '2017-03-29', '09:47 PM', '07:30 AM', 'Wednesday', '2017-06-05 19:35:53', 2),
('92', '2017-03-29', '10:53 PM', '08:00 AM', 'Wednesday', '2017-06-05 19:36:11', 2),
('45', '2017-03-29', '08:35 PM', '08:00 AM', 'Wednesday', '2017-06-05 19:36:24', 2),
('89', '2017-03-30', '08:50 PM', '05:00 AM', 'Thursday', '2017-06-05 19:36:43', 2),
('90', '2017-03-30', '05:10 PM', '08:00 AM', 'Thursday', '2017-06-05 19:36:57', 2),
('45', '2017-03-30', '07:00 PM', '08:00 AM', 'Thursday', '2017-06-05 19:37:11', 2),
('86', '2017-03-30', '10:45 PM', '08:00 AM', 'Thursday', '2017-06-05 19:37:32', 2),
('84', '2017-03-31', '06:55 PM', '08:23 AM', 'Friday', '2017-06-05 19:37:55', 2),
('88', '2017-03-31', '09:52 PM', '07:00 AM', 'Friday', '2017-06-05 19:38:11', 2),
('95', '2017-03-31', '10:00 PM', '08:55 AM', 'Friday', '2017-06-05 19:38:25', 2),
('92', '2017-03-31', '10:00 PM', '08:00 AM', 'Friday', '2017-06-05 19:39:12', 2),
('91', '2017-03-31', '04:30 PM', '03:05 PM', 'Friday', '2017-06-05 19:39:29', 2),
('93', '2017-03-31', '10:41 PM', '08:00 AM', 'Friday', '2017-06-05 19:39:47', 2),
('86', '2017-03-31', '09:00 PM', '08:00 AM', 'Friday', '2017-06-05 19:40:06', 2),
('97', '2017-02-01', '06:10 PM', '08:00 AM', 'Wednesday', '2017-06-05 19:48:50', 2),
('90', '2017-02-01', '08:57 PM', '08:00 AM', 'Wednesday', '2017-06-05 19:49:06', 2),
('88', '2017-02-01', '10:29 PM', '05:30 AM', 'Wednesday', '2017-06-05 19:49:20', 2),
('92', '2017-02-01', '10:51 PM', '08:00 AM', 'Wednesday', '2017-06-05 19:50:25', 2),
('83', '2017-02-01', '06:30 PM', '08:00 AM', 'Wednesday', '2017-06-05 19:50:41', 2),
('98', '2017-02-02', '07:37 PM', '06:00 AM', 'Thursday', '2017-06-05 19:51:15', 2),
('89', '2017-02-02', '09:30 PM', '05:00 AM', 'Thursday', '2017-06-05 19:51:27', 2),
('90', '2017-02-02', '08:30 PM', '08:00 AM', 'Thursday', '2017-06-05 19:51:39', 2),
('83', '2017-02-02', '11:00 PM', '08:00 AM', 'Thursday', '2017-06-05 19:51:52', 2),
('93', '2017-02-03', '09:47 PM', '08:00 AM', 'Friday', '2017-06-05 19:54:03', 2),
('88', '2017-02-03', '09:56 PM', '07:00 AM', 'Friday', '2017-06-05 19:54:16', 2),
('84', '2017-02-03', '09:56 PM', '08:00 AM', 'Friday', '2017-06-05 19:54:27', 2),
('97', '2017-02-03', '09:57 PM', '08:00 AM', 'Friday', '2017-06-05 19:54:41', 2),
('98', '2017-02-03', '07:30 PM', '09:42 AM', 'Friday', '2017-06-05 19:55:09', 2),
('92', '2017-02-03', '09:40 PM', '08:00 AM', 'Friday', '2017-06-05 19:55:27', 2),
('98', '2017-02-04', '05:56 PM', '08:16 AM', 'Saturday', '2017-06-05 19:56:06', 2),
('97', '2017-02-04', '08:40 PM', '08:00 AM', 'Saturday', '2017-06-05 19:56:20', 2),
('84', '2017-02-04', '09:20 PM', '08:00 AM', 'Saturday', '2017-06-05 19:56:35', 2),
('86', '2017-02-04', '09:00 PM', '08:00 AM', 'Saturday', '2017-06-05 19:57:02', 2),
('95', '2017-02-04', '09:34 PM', '08:00 AM', 'Saturday', '2017-06-05 19:58:34', 2),
('45', '2017-02-05', '08:25 PM', '08:00 AM', 'Sunday', '2017-06-05 19:58:52', 2),
('83', '2017-02-05', '09:00 PM', '08:00 AM', 'Sunday', '2017-06-05 19:59:06', 2),
('86', '2017-02-05', '10:00 PM', '08:00 AM', 'Sunday', '2017-06-05 19:59:19', 2),
('97', '2017-02-06', '07:30 PM', '08:00 AM', 'Monday', '2017-06-05 19:59:42', 2),
('90', '2017-02-06', '09:30 PM', '08:00 AM', 'Monday', '2017-06-05 19:59:54', 2),
('92', '2017-02-06', '10:49 PM', '08:00 AM', 'Monday', '2017-06-05 20:00:07', 2),
('83', '2017-02-06', '10:45 PM', '08:00 AM', 'Monday', '2017-06-05 20:00:19', 2),
('88', '2017-02-07', '08:02 PM', '05:30 AM', 'Tuesday', '2017-06-05 20:00:47', 2),
('98', '2017-02-07', '08:06 PM', '04:00 AM', 'Tuesday', '2017-06-05 20:00:58', 2),
('97', '2017-02-08', '05:32 PM', '08:00 AM', 'Wednesday', '2017-06-05 20:01:37', 2),
('90', '2017-02-08', '09:02 PM', '08:00 AM', 'Wednesday', '2017-06-05 20:01:52', 2),
('88', '2017-02-08', '10:34 PM', '05:30 AM', 'Wednesday', '2017-06-05 20:02:06', 2),
('92', '2017-02-08', '10:51 PM', '08:00 AM', 'Wednesday', '2017-06-05 20:02:19', 2),
('83', '2017-02-08', '10:30 PM', '08:00 AM', 'Wednesday', '2017-06-05 20:02:31', 2),
('98', '2017-02-09', '09:14 PM', '08:00 AM', 'Thursday', '2017-06-05 20:02:58', 2),
('90', '2017-02-09', '09:16 PM', '08:00 AM', 'Thursday', '2017-06-05 20:03:11', 2),
('83', '2017-02-09', '10:00 PM', '08:00 AM', 'Thursday', '2017-06-05 20:03:24', 2),
('84', '2017-02-10', '06:42 PM', '07:40 AM', 'Friday', '2017-06-05 20:07:43', 2),
('90', '2017-02-10', '08:53 PM', '08:00 AM', 'Friday', '2017-06-05 20:07:59', 2),
('88', '2017-02-10', '09:11 PM', '06:30 AM', 'Friday', '2017-06-05 20:08:15', 2),
('94', '2017-02-10', '09:25 PM', '06:00 AM', 'Friday', '2017-06-05 20:08:33', 2),
('92', '2017-02-10', '10:04 PM', '08:00 AM', 'Friday', '2017-06-05 20:08:57', 2),
('84', '2017-02-11', '08:15 PM', '08:20 AM', 'Saturday', '2017-06-05 20:09:37', 2),
('98', '2017-02-11', '09:05 PM', '09:17 AM', 'Saturday', '2017-06-05 20:10:02', 2),
('95', '2017-02-11', '10:15 PM', '08:00 AM', 'Saturday', '2017-06-05 20:10:20', 2),
('97', '2017-02-11', '05:30 PM', '08:00 AM', 'Saturday', '2017-06-05 20:10:36', 2),
('86', '2017-02-11', '10:00 PM', '08:00 AM', 'Saturday', '2017-06-05 20:10:47', 2),
('83', '2017-02-12', '09:45 PM', '08:00 AM', 'Sunday', '2017-06-05 20:11:14', 2),
('84', '2017-02-12', '09:51 PM', '08:15 AM', 'Sunday', '2017-06-05 20:11:36', 2),
('91', '2017-02-12', '09:51 PM', '06:30 AM', 'Sunday', '2017-06-05 20:11:47', 2),
('94', '2017-02-13', '07:14 PM', '08:00 AM', 'Monday', '2017-06-05 20:12:14', 2),
('90', '2017-02-13', '10:00 PM', '08:00 AM', 'Monday', '2017-06-05 20:12:27', 2),
('92', '2017-02-13', '10:57 PM', '08:00 AM', 'Monday', '2017-06-05 20:12:42', 2),
('83', '2017-02-13', '07:00 PM', '08:00 AM', 'Monday', '2017-06-05 20:12:54', 2),
('86', '2017-02-13', '10:15 PM', '08:00 AM', 'Monday', '2017-06-05 20:13:20', 2),
('98', '2017-02-14', '07:40 PM', '06:49 AM', 'Tuesday', '2017-06-05 20:13:49', 2),
('94', '2017-02-14', '09:30 PM', '08:00 AM', 'Tuesday', '2017-06-05 20:14:02', 2),
('83', '2017-02-14', '09:00 PM', '08:00 AM', 'Tuesday', '2017-06-05 20:14:16', 2),
('88', '2017-02-15', '09:38 PM', '05:30 AM', 'Wednesday', '2017-06-05 20:14:46', 2),
('92', '2017-02-15', '10:53 PM', '08:00 AM', 'Wednesday', '2017-06-05 20:15:06', 2),
('86', '2017-02-15', '08:30 PM', '09:12 AM', 'Wednesday', '2017-06-05 20:15:25', 2),
('83', '2017-02-15', '07:30 PM', '08:00 AM', 'Wednesday', '2017-06-05 20:15:41', 2),
('94', '2017-02-16', '08:30 PM', '08:00 AM', 'Thursday', '2017-06-05 20:16:05', 2),
('89', '2017-02-16', '09:10 PM', '05:00 AM', 'Thursday', '2017-06-05 20:16:18', 2),
('86', '2017-02-16', '08:30 PM', '08:00 AM', 'Thursday', '2017-06-05 20:16:32', 2),
('45', '2017-02-17', '09:10 PM', '07:00 AM', 'Friday', '2017-06-05 20:24:06', 2),
('93', '2017-02-17', '09:56 PM', '08:00 AM', 'Friday', '2017-06-05 20:24:18', 2),
('90', '2017-02-17', '09:00 PM', '08:00 AM', 'Friday', '2017-06-05 20:24:33', 2),
('84', '2017-02-17', '10:50 PM', '08:00 AM', 'Friday', '2017-06-05 20:24:45', 2),
('86', '2017-02-17', '08:30 PM', '08:00 AM', 'Friday', '2017-06-05 20:24:58', 2),
('84', '2017-02-18', '07:45 PM', '08:00 AM', 'Saturday', '2017-06-05 20:25:19', 2),
('45', '2017-02-18', '09:15 PM', '08:00 AM', 'Saturday', '2017-06-05 20:26:02', 2),
('98', '2017-02-18', '09:27 PM', '12:27 PM', 'Saturday', '2017-06-05 20:26:37', 2),
('93', '2017-02-18', '09:52 PM', '08:00 AM', 'Saturday', '2017-06-05 20:27:02', 2),
('90', '2017-02-18', '09:59 PM', '08:00 AM', 'Saturday', '2017-06-05 20:27:14', 2),
('83', '2017-02-18', '06:00 PM', '08:00 AM', 'Saturday', '2017-06-05 20:27:26', 2),
('86', '2017-02-18', '10:50 PM', '08:00 AM', 'Saturday', '2017-06-05 20:27:38', 2),
('83', '2017-02-19', '09:30 PM', '08:00 AM', 'Sunday', '2017-06-05 20:28:00', 2),
('45', '2017-02-19', '09:15 PM', '08:00 AM', 'Sunday', '2017-06-05 20:28:13', 2),
('86', '2017-02-19', '09:00 PM', '08:00 AM', 'Sunday', '2017-06-05 20:28:24', 2),
('94', '2017-02-20', '08:00 PM', '08:00 AM', 'Monday', '2017-06-05 20:28:45', 2),
('90', '2017-02-20', '09:38 PM', '08:00 AM', 'Monday', '2017-06-05 20:29:00', 2),
('45', '2017-02-20', '08:15 PM', '09:00 AM', 'Monday', '2017-06-05 20:29:17', 2),
('86', '2017-02-20', '08:00 PM', '08:00 AM', 'Monday', '2017-06-05 20:29:31', 2),
('83', '2017-02-20', '10:00 PM', '08:00 AM', 'Monday', '2017-06-05 20:29:45', 2),
('98', '2017-02-21', '08:27 PM', '05:30 AM', 'Tuesday', '2017-06-05 20:30:05', 2),
('88', '2017-02-21', '08:45 PM', '05:30 AM', 'Tuesday', '2017-06-05 20:30:18', 2),
('86', '2017-02-21', '09:00 PM', '08:00 AM', 'Tuesday', '2017-06-05 20:30:30', 2),
('83', '2017-02-21', '06:00 PM', '08:00 AM', 'Tuesday', '2017-06-05 20:30:41', 2),
('94', '2017-02-21', '08:00 PM', '08:00 AM', 'Tuesday', '2017-06-05 20:30:58', 2),
('90', '2017-02-22', '09:32 PM', '08:00 AM', 'Wednesday', '2017-06-05 20:31:21', 2),
('88', '2017-02-22', '10:07 PM', '05:30 AM', 'Wednesday', '2017-06-05 20:31:39', 2),
('92', '2017-02-22', '10:50 PM', '08:00 AM', 'Wednesday', '2017-06-05 20:31:49', 2),
('86', '2017-02-22', '10:55 PM', '08:00 AM', 'Wednesday', '2017-06-05 20:32:00', 2),
('83', '2017-02-22', '11:00 PM', '08:00 AM', 'Wednesday', '2017-06-05 20:32:11', 2),
('98', '2017-02-23', '10:09 PM', '05:00 AM', 'Thursday', '2017-06-05 20:32:28', 2),
('83', '2017-02-23', '10:00 PM', '08:00 AM', 'Thursday', '2017-06-05 20:32:41', 2),
('90', '2017-02-23', '10:00 PM', '08:00 AM', 'Thursday', '2017-06-05 20:32:49', 2),
('94', '2017-02-23', '10:00 PM', '08:00 AM', 'Thursday', '2017-06-05 20:32:59', 2),
('86', '2017-02-23', '10:00 PM', '08:00 AM', 'Thursday', '2017-06-05 20:33:08', 2),
('92', '2017-02-24', '09:16 PM', '08:00 AM', 'Friday', '2017-06-05 20:33:26', 2),
('84', '2017-02-24', '09:42 PM', '10:41 AM', 'Friday', '2017-06-05 20:33:46', 2),
('93', '2017-02-24', '09:42 PM', '08:00 AM', 'Friday', '2017-06-05 20:34:04', 2),
('88', '2017-02-24', '09:50 PM', '08:00 AM', 'Friday', '2017-06-05 20:34:18', 2),
('45', '2017-02-25', '08:45 PM', '08:00 AM', 'Saturday', '2017-06-05 20:36:16', 2),
('84', '2017-02-25', '10:40 PM', '08:00 AM', 'Saturday', '2017-06-05 20:36:27', 2),
('90', '2017-02-25', '10:40 PM', '08:00 AM', 'Saturday', '2017-06-05 20:36:34', 2),
('92', '2017-02-25', '10:40 PM', '08:00 AM', 'Saturday', '2017-06-05 20:36:42', 2),
('86', '2017-02-25', '10:00 PM', '08:00 AM', 'Saturday', '2017-06-05 20:36:53', 2),
('90', '2017-02-26', '10:47 PM', '08:00 AM', 'Sunday', '2017-06-05 20:37:11', 2),
('45', '2017-02-26', '09:50 PM', '08:00 AM', 'Sunday', '2017-06-05 20:37:27', 2),
('86', '2017-02-26', '09:00 PM', '08:00 AM', 'Sunday', '2017-06-05 20:37:40', 2),
('83', '2017-02-26', '07:00 PM', '08:00 AM', 'Sunday', '2017-06-05 20:37:54', 2),
('94', '2017-02-27', '07:30 PM', '08:00 AM', 'Monday', '2017-06-05 20:38:13', 2),
('90', '2017-02-27', '09:19 PM', '08:00 AM', 'Monday', '2017-06-05 20:38:25', 2),
('92', '2017-02-27', '10:54 PM', '08:00 AM', 'Monday', '2017-06-05 20:38:37', 2),
('83', '2017-02-27', '10:55 PM', '08:00 AM', 'Monday', '2017-06-05 20:38:49', 2),
('86', '2017-02-27', '08:00 PM', '10:00 AM', 'Monday', '2017-06-05 20:39:02', 2),
('88', '2017-02-28', '08:45 PM', '05:30 AM', 'Tuesday', '2017-06-05 20:39:30', 2),
('94', '2017-02-28', '07:00 PM', '08:00 AM', 'Tuesday', '2017-06-05 20:39:42', 2),
('83', '2017-02-28', '11:00 PM', '08:00 AM', 'Tuesday', '2017-06-05 20:39:54', 2),
('86', '2017-02-28', '10:00 PM', '08:48 AM', 'Tuesday', '2017-06-05 20:40:15', 2),
('84', '2017-01-01', '09:14 PM', '07:00 AM', 'Sunday', '2017-06-06 13:41:44', 2),
('91', '2017-01-01', '09:14 PM', '07:00 AM', 'Sunday', '2017-06-06 13:41:55', 2),
('97', '2017-01-01', '08:00 PM', '08:00 AM', 'Sunday', '2017-06-06 14:51:14', 2),
('45', '2017-01-02', '07:45 PM', '09:30 AM', 'Monday', '2017-06-06 14:51:52', 2),
('92', '2017-01-02', '10:55 PM', '08:00 AM', 'Monday', '2017-06-06 14:52:12', 2),
('86', '2017-01-02', '10:00 PM', '08:00 AM', 'Monday', '2017-06-06 14:53:39', 2),
('83', '2017-01-02', '11:00 PM', '08:00 AM', 'Monday', '2017-06-06 14:53:56', 2),
('98', '2017-01-03', '07:43 PM', '05:00 AM', 'Tuesday', '2017-06-06 14:54:16', 2),
('45', '2017-01-03', '10:10 PM', '10:00 AM', 'Tuesday', '2017-06-06 14:54:35', 2),
('83', '2017-01-03', '07:00 PM', '08:00 AM', 'Tuesday', '2017-06-06 14:54:53', 2),
('86', '2017-01-03', '09:50 PM', '07:00 AM', 'Tuesday', '2017-06-06 14:57:55', 2),
('90', '2017-01-04', '09:58 PM', '08:00 AM', 'Wednesday', '2017-06-06 14:58:18', 2),
('92', '2017-01-04', '10:55 PM', '08:00 AM', 'Wednesday', '2017-06-06 14:58:31', 2),
('86', '2017-01-04', '08:00 PM', '08:00 AM', 'Wednesday', '2017-06-06 14:58:48', 2),
('83', '2017-01-04', '06:00 PM', '08:00 AM', 'Wednesday', '2017-06-06 14:59:03', 2),
('89', '2017-01-05', '10:27 PM', '05:00 AM', 'Thursday', '2017-06-06 15:03:30', 2),
('90', '2017-01-05', '10:50 PM', '08:00 AM', 'Thursday', '2017-06-06 15:03:51', 2),
('83', '2017-01-05', '09:30 PM', '08:00 AM', 'Thursday', '2017-06-06 15:04:07', 2),
('93', '2017-01-06', '09:52 PM', '08:00 AM', 'Friday', '2017-06-06 15:04:28', 2),
('83', '2017-01-06', '10:30 PM', '08:00 AM', 'Friday', '2017-06-06 15:04:41', 2),
('86', '2017-01-06', '10:30 PM', '09:03 AM', 'Friday', '2017-06-06 15:04:59', 2),
('97', '2017-01-07', '07:30 PM', '08:00 AM', 'Saturday', '2017-06-06 15:05:21', 2),
('90', '2017-01-07', '09:00 PM', '08:00 AM', 'Saturday', '2017-06-06 15:05:36', 2),
('84', '2017-01-07', '09:30 PM', '08:00 AM', 'Saturday', '2017-06-06 15:05:47', 2),
('93', '2017-01-07', '09:38 PM', '08:00 AM', 'Saturday', '2017-06-06 15:06:02', 2),
('96', '2017-01-07', '09:45 PM', '09:00 AM', 'Saturday', '2017-06-06 15:06:23', 2),
('91', '2017-01-07', '09:52 PM', '08:00 AM', 'Saturday', '2017-06-06 15:06:43', 2),
('92', '2017-01-07', '10:55 PM', '08:00 AM', 'Saturday', '2017-06-06 15:06:58', 2),
('89', '2017-01-07', '11:44 PM', '09:54 AM', 'Saturday', '2017-06-06 15:07:21', 2),
('83', '2017-01-07', '08:00 PM', '08:00 AM', 'Saturday', '2017-06-06 15:07:34', 2),
('83', '2017-01-08', '08:45 PM', '08:00 AM', 'Sunday', '2017-06-06 15:08:00', 2),
('86', '2017-01-08', '09:30 PM', '07:27 AM', 'Sunday', '2017-06-06 15:08:20', 2),
('97', '2017-01-09', '05:30 PM', '08:00 AM', 'Monday', '2017-06-06 15:08:43', 2),
('90', '2017-01-09', '10:10 PM', '07:30 AM', 'Monday', '2017-06-06 15:09:05', 2),
('92', '2017-01-09', '10:52 PM', '08:00 AM', 'Monday', '2017-06-06 15:09:19', 2),
('83', '2017-01-09', '07:30 PM', '08:00 AM', 'Monday', '2017-06-06 15:09:33', 2),
('86', '2017-01-09', '10:55 PM', '07:44 AM', 'Monday', '2017-06-06 15:09:48', 2),
('88', '2017-01-10', '09:09 PM', '05:00 AM', 'Tuesday', '2017-06-06 15:10:08', 2),
('86', '2017-01-10', '10:00 PM', '08:00 AM', 'Tuesday', '2017-06-06 15:10:23', 2),
('45', '2017-01-10', '10:12 PM', '08:00 AM', 'Tuesday', '2017-06-06 15:10:37', 2),
('97', '2017-01-11', '07:50 PM', '08:00 AM', 'Wednesday', '2017-06-06 15:11:00', 2),
('90', '2017-01-11', '08:46 PM', '08:00 AM', 'Wednesday', '2017-06-06 15:11:12', 2),
('92', '2017-01-11', '10:45 PM', '08:00 AM', 'Wednesday', '2017-06-06 15:11:24', 2),
('83', '2017-01-11', '07:00 PM', '08:00 AM', 'Wednesday', '2017-06-06 15:11:40', 2),
('98', '2017-01-12', '07:05 PM', '06:00 AM', 'Thursday', '2017-06-06 15:12:16', 2),
('45', '2017-01-12', '08:15 PM', '11:14 AM', 'Thursday', '2017-06-06 15:12:32', 2),
('94', '2017-01-12', '08:00 PM', '08:00 AM', 'Thursday', '2017-06-06 15:12:46', 2),
('90', '2017-01-12', '06:00 PM', '08:00 AM', 'Thursday', '2017-06-06 15:13:01', 2),
('92', '2017-01-12', '08:00 PM', '08:00 AM', 'Thursday', '2017-06-06 15:14:12', 2),
('83', '2017-01-12', '09:00 PM', '08:00 AM', 'Thursday', '2017-06-06 15:14:23', 2),
('92', '2017-01-13', '09:34 PM', '08:00 AM', 'Friday', '2017-06-06 15:14:43', 2),
('93', '2017-01-13', '09:42 PM', '08:00 AM', 'Friday', '2017-06-06 15:14:55', 2),
('88', '2017-01-13', '10:02 PM', '08:00 AM', 'Friday', '2017-06-06 15:15:09', 2),
('45', '2017-01-13', '08:40 PM', '08:00 AM', 'Friday', '2017-06-06 15:15:21', 2),
('95', '2017-01-13', '10:45 PM', '08:00 PM', 'Friday', '2017-06-06 15:15:35', 2),
('91', '2017-01-14', '07:18 PM', '08:00 AM', 'Saturday', '2017-06-06 15:15:56', 2),
('84', '2017-01-14', '07:18 PM', '08:00 AM', 'Saturday', '2017-06-06 15:16:08', 2),
('97', '2017-01-14', '06:00 PM', '08:00 AM', 'Saturday', '2017-06-06 15:16:24', 2),
('98', '2017-01-14', '10:42 PM', '08:00 AM', 'Saturday', '2017-06-06 15:16:36', 2),
('94', '2017-01-14', '08:00 PM', '08:00 AM', 'Saturday', '2017-06-06 15:17:06', 2),
('45', '2017-01-14', '08:30 PM', '09:00 AM', 'Saturday', '2017-06-06 15:18:02', 2),
('86', '2017-01-14', '10:45 PM', '08:00 AM', 'Saturday', '2017-06-06 15:18:43', 2),
('83', '2017-01-14', '08:30 PM', '08:00 AM', 'Saturday', '2017-06-06 15:18:59', 2),
('94', '2017-01-15', '08:10 PM', '08:00 AM', 'Sunday', '2017-06-06 15:19:31', 2),
('91', '2017-01-15', '08:00 AM', '07:30 AM', 'Sunday', '2017-06-06 15:20:01', 2),
('45', '2017-01-15', '08:00 AM', '08:00 AM', 'Sunday', '2017-06-06 15:21:47', 2),
('84', '2017-01-15', '08:00 AM', '08:00 AM', 'Sunday', '2017-06-06 15:21:58', 2),
('86', '2017-01-15', '08:00 AM', '08:00 AM', 'Sunday', '2017-06-06 15:22:13', 2),
('83', '2017-01-15', '09:00 PM', '08:00 AM', 'Sunday', '2017-06-06 15:22:23', 2);
INSERT INTO `duty_attendance` (`unit`, `attendance_date`, `time_in`, `time_out`, `schedule`, `date_created`, `duty_version`) VALUES
('83', '2017-01-16', '08:00 AM', '08:00 AM', 'Monday', '2017-06-06 15:22:49', 2),
('45', '2017-01-16', '08:27 PM', '08:00 AM', 'Monday', '2017-06-06 15:46:21', 2),
('90', '2017-01-16', '08:54 PM', '08:00 AM', 'Monday', '2017-06-06 15:46:37', 2),
('92', '2017-01-16', '09:14 PM', '08:00 AM', 'Monday', '2017-06-06 15:46:49', 2),
('86', '2017-01-16', '08:00 PM', '08:00 AM', 'Monday', '2017-06-06 15:47:03', 2),
('88', '2017-01-17', '07:56 PM', '05:00 AM', 'Tuesday', '2017-06-06 15:47:24', 2),
('97', '2017-01-17', '07:00 PM', '08:00 AM', 'Tuesday', '2017-06-06 15:47:37', 2),
('97', '2017-01-18', '08:00 PM', '08:00 AM', 'Wednesday', '2017-06-06 15:48:10', 2),
('88', '2017-01-18', '08:30 PM', '05:00 AM', 'Wednesday', '2017-06-06 15:48:45', 2),
('83', '2017-01-18', '07:00 PM', '08:00 AM', 'Wednesday', '2017-06-06 15:49:06', 2),
('90', '2017-01-18', '09:27 PM', '08:00 AM', 'Wednesday', '2017-06-06 15:49:18', 2),
('92', '2017-01-18', '10:56 PM', '08:00 AM', 'Wednesday', '2017-06-06 15:49:30', 2),
('86', '2017-01-18', '10:30 PM', '08:00 AM', 'Wednesday', '2017-06-06 15:49:45', 2),
('83', '2017-01-19', '10:00 PM', '08:00 AM', 'Thursday', '2017-06-06 15:50:53', 2),
('88', '2017-01-20', '09:09 PM', '06:00 AM', 'Friday', '2017-06-06 15:51:14', 2),
('93', '2017-01-20', '09:51 PM', '08:00 AM', 'Friday', '2017-06-06 15:51:28', 2),
('84', '2017-01-20', '10:17 PM', '07:08 AM', 'Friday', '2017-06-06 15:51:45', 2),
('83', '2017-01-20', '10:17 PM', '08:00 AM', 'Friday', '2017-06-06 15:51:57', 2),
('84', '2017-01-21', '06:17 PM', '10:45 AM', 'Saturday', '2017-06-06 15:52:20', 2),
('97', '2017-01-21', '06:48 PM', '08:00 AM', 'Saturday', '2017-06-06 15:52:34', 2),
('93', '2017-01-21', '08:42 PM', '08:00 AM', 'Saturday', '2017-06-06 15:52:45', 2),
('45', '2017-01-21', '08:48 PM', '07:00 AM', 'Saturday', '2017-06-06 15:52:57', 2),
('83', '2017-01-21', '07:00 PM', '08:00 AM', 'Saturday', '2017-06-06 15:53:11', 2),
('86', '2017-01-21', '08:00 PM', '08:08 AM', 'Saturday', '2017-06-06 15:53:18', 2),
('97', '2017-01-22', '09:50 PM', '08:00 AM', 'Sunday', '2017-06-06 19:01:35', 2),
('86', '2017-01-22', '10:30 PM', '08:00 AM', 'Sunday', '2017-06-06 19:01:52', 2),
('45', '2017-01-22', '08:30 PM', '08:00 AM', 'Sunday', '2017-06-06 19:02:04', 2),
('83', '2017-01-22', '04:00 PM', '08:00 AM', 'Sunday', '2017-06-06 19:02:15', 2),
('94', '2017-01-23', '08:30 PM', '08:00 AM', 'Monday', '2017-06-06 19:02:37', 2),
('90', '2017-01-23', '06:30 PM', '08:00 AM', 'Monday', '2017-06-06 19:02:53', 2),
('92', '2017-01-23', '10:53 PM', '08:00 AM', 'Monday', '2017-06-06 19:03:06', 2),
('86', '2017-01-23', '10:30 PM', '08:00 AM', 'Monday', '2017-06-06 19:03:19', 2),
('83', '2017-01-23', '08:00 PM', '08:00 AM', 'Monday', '2017-06-06 19:03:39', 2),
('98', '2017-01-24', '08:03 PM', '06:00 AM', 'Tuesday', '2017-06-06 19:04:04', 2),
('88', '2017-01-24', '09:42 PM', '05:00 AM', 'Tuesday', '2017-06-06 19:04:16', 2),
('83', '2017-01-24', '09:30 PM', '08:00 AM', 'Tuesday', '2017-06-06 19:04:29', 2),
('94', '2017-01-24', '09:30 PM', '08:00 AM', 'Tuesday', '2017-06-06 19:04:41', 2),
('97', '2017-01-25', '07:10 PM', '08:00 AM', 'Wednesday', '2017-06-06 19:05:20', 2),
('88', '2017-01-25', '08:51 PM', '05:00 AM', 'Wednesday', '2017-06-06 19:05:36', 2),
('90', '2017-01-25', '09:27 PM', '08:00 AM', 'Wednesday', '2017-06-06 19:05:51', 2),
('92', '2017-01-25', '10:51 PM', '08:00 AM', 'Wednesday', '2017-06-06 19:06:06', 2),
('83', '2017-01-25', '10:30 PM', '08:00 AM', 'Wednesday', '2017-06-06 19:06:17', 2),
('98', '2017-01-26', '06:55 PM', '06:00 AM', 'Thursday', '2017-06-06 19:06:40', 2),
('95', '2017-01-26', '07:50 PM', '08:00 PM', 'Thursday', '2017-06-06 19:07:02', 2),
('89', '2017-01-26', '08:00 PM', '05:00 AM', 'Thursday', '2017-06-06 19:07:16', 2),
('90', '2017-01-26', '05:00 PM', '08:00 AM', 'Thursday', '2017-06-06 19:07:28', 2),
('94', '2017-01-26', '08:00 PM', '08:00 AM', 'Thursday', '2017-06-06 19:08:09', 2),
('83', '2017-01-26', '09:30 PM', '08:00 AM', 'Thursday', '2017-06-06 19:08:21', 2),
('86', '2017-01-26', '08:00 PM', '08:00 AM', 'Thursday', '2017-06-06 19:08:38', 2),
('84', '2017-01-27', '06:34 PM', '08:00 AM', 'Friday', '2017-06-06 19:08:57', 2),
('88', '2017-01-27', '09:32 PM', '07:00 AM', 'Friday', '2017-06-06 19:09:14', 2),
('92', '2017-01-27', '10:16 PM', '08:00 AM', 'Friday', '2017-06-06 19:09:29', 2),
('93', '2017-01-27', '10:25 PM', '08:00 AM', 'Friday', '2017-06-06 19:09:42', 2),
('83', '2017-01-27', '10:00 PM', '08:00 AM', 'Friday', '2017-06-06 19:10:01', 2),
('93', '2017-01-28', '08:24 PM', '08:00 AM', 'Saturday', '2017-06-06 19:10:21', 2),
('45', '2017-01-28', '09:10 PM', '08:00 AM', 'Saturday', '2017-06-06 19:10:36', 2),
('97', '2017-01-28', '09:20 PM', '08:00 AM', 'Saturday', '2017-06-06 19:10:50', 2),
('84 ', '2017-01-28', '09:57 PM', '08:00 AM', 'Saturday', '2017-06-06 19:11:02', 2),
('95', '2017-01-28', '10:00 PM', '08:00 PM', 'Saturday', '2017-06-06 19:47:05', 2),
('83', '2017-01-28', '10:00 PM', '08:00 AM', 'Saturday', '2017-06-06 19:47:22', 2),
('86', '2017-01-29', '10:20 PM', '08:00 AM', 'Sunday', '2017-06-06 19:47:46', 2),
('45', '2017-01-29', '08:55 PM', '08:00 AM', 'Sunday', '2017-06-06 19:48:03', 2),
('83', '2017-01-29', '08:45 PM', '08:00 AM', 'Sunday', '2017-06-06 19:48:20', 2),
('90', '2017-01-30', '09:10 PM', '08:00 AM', 'Monday', '2017-06-06 19:48:40', 2),
('97', '2017-01-30', '08:30 PM', '08:00 AM', 'Monday', '2017-06-06 19:48:52', 2),
('86', '2017-01-30', '08:20 PM', '08:00 AM', 'Monday', '2017-06-06 19:49:03', 2),
('94', '2017-01-30', '08:00 PM', '08:00 AM', 'Monday', '2017-06-06 19:49:14', 2),
('92', '2017-01-30', '10:50 PM', '08:00 AM', 'Monday', '2017-06-06 19:49:25', 2),
('83', '2017-01-30', '08:30 PM', '08:00 AM', 'Monday', '2017-06-06 19:49:39', 2),
('95', '2017-01-31', '08:05 PM', '08:00 PM', 'Tuesday', '2017-06-06 19:49:57', 2),
('88', '2017-01-31', '09:54 PM', '05:30 AM', 'Tuesday', '2017-06-06 19:50:12', 2),
('90', '2017-06-01', '09:07 PM', '08:00 AM', 'Thursday', '2017-06-08 20:27:54', 1),
('89', '2017-06-01', '08:58 PM', '05:00 AM', 'Thursday', '2017-06-08 20:28:27', 1),
('83', '2017-06-01', '07:00 PM', '08:00 AM', 'Thursday', '2017-06-08 20:28:58', 1),
('84', '2017-06-02', '07:37 PM', '08:25 AM', 'Friday', '2017-06-08 20:29:48', 1),
('96', '2017-06-02', '09:27 PM', '07:32 AM', 'Friday', '2017-06-08 20:30:22', 1),
('88', '2017-06-02', '09:29 PM', '08:30 AM', 'Friday', '2017-06-08 20:30:42', 1),
('93', '2017-06-02', '09:42 PM', '12:11 PM', 'Friday', '2017-06-08 20:31:04', 1),
('92', '2017-06-02', '10:20 PM', '08:00 AM', 'Friday', '2017-06-08 20:31:20', 1),
('84', '2017-06-03', '05:20 PM', '09:06 AM', 'Saturday', '2017-06-08 20:31:55', 1),
('91', '2017-06-03', '05:41 PM', '09:06 AM', 'Saturday', '2017-06-08 20:32:21', 1),
('97', '2017-06-03', '08:30 PM', '01:00 PM', 'Saturday', '2017-06-08 20:32:40', 1),
('90', '2017-06-04', '08:21 PM', '08:00 AM', 'Sunday', '2017-06-08 20:33:01', 1),
('83', '2017-06-04', '08:15 PM', '11:00 AM', 'Sunday', '2017-06-08 20:33:14', 1),
('91', '2017-06-04', '08:46 PM', '06:47 AM', 'Sunday', '2017-06-08 20:33:30', 1),
('84', '2017-06-04', '08:56 PM', '08:01 AM', 'Sunday', '2017-06-08 20:33:46', 1),
('45', '2017-06-04', '08:35 PM', '10:00 AM', 'Sunday', '2017-06-08 20:34:03', 1),
('92', '2017-06-05', '09:25 PM', '08:00 AM', 'Monday', '2017-06-08 20:34:26', 1),
('90', '2017-06-05', '10:12 PM', '08:00 AM', 'Monday', '2017-06-08 20:34:43', 1),
('88', '2017-06-06', '09:23 PM', '05:00 AM', 'Tuesday', '2017-06-08 20:36:11', 1),
('83', '2017-06-06', '07:00 PM', '10:45 AM', 'Tuesday', '2017-06-08 20:36:28', 1),
('93', '2017-06-07', '07:00 PM', '08:00 AM', 'Wednesday', '2017-06-08 20:37:04', 1),
('90', '2017-06-07', '05:10 PM', '08:00 AM', 'Wednesday', '2017-06-08 20:37:17', 1),
('92', '2017-06-07', '10:45 PM', '08:00 AM', 'Wednesday', '2017-06-08 20:37:29', 1),
('89', '2017-06-08', '08:55 PM', '05:00 AM', 'Thursday', '2017-06-11 16:23:33', 1),
('86', '2017-06-08', '10:00 PM', '09:26 AM', 'Thursday', '2017-06-11 16:24:02', 1),
('83', '2017-06-08', '07:00 PM', '10:00 AM', 'Thursday', '2017-06-11 16:25:20', 1),
('93', '2017-06-09', '03:00 PM', '07:00 AM', 'Friday', '2017-06-11 16:25:42', 1),
('96', '2017-06-09', '09:30 PM', '07:24 AM', 'Friday', '2017-06-11 16:26:06', 1),
('90', '2017-06-09', '09:24 PM', '08:00 AM', 'Friday', '2017-06-11 16:26:27', 1),
('98', '2017-01-19', '08:13 PM', '06:00 AM', 'Thursday', '2017-06-11 16:46:08', 2),
('90', '2017-01-19', '09:19 PM', '08:00 AM', 'Thursday', '2017-06-11 16:46:33', 2),
('89', '2017-01-19', '10:25 PM', '05:00 AM', 'Thursday', '2017-06-11 16:46:55', 2),
('86', '2017-01-19', '10:30 PM', '08:00 AM', 'Thursday', '2017-06-11 16:47:10', 2),
('92', '2017-05-26', '09:00 PM', '03:30 PM', 'Friday', '2017-06-12 13:38:58', 1),
('96', '2017-04-08', '09:40 PM', '08:00 AM', 'Saturday', '2017-06-12 13:41:02', 1),
('89', '2017-04-08', '09:20 PM', '08:44 AM', 'Saturday', '2017-06-12 13:41:30', 1),
('84', '2017-04-08', '04:20 PM', '10:30 AM', 'Saturday', '2017-06-12 13:41:50', 1),
('93', '2017-06-10', '05:20 PM', '08:40 AM', 'Saturday', '2017-06-12 14:05:08', 1),
('97', '2017-06-10', '08:20 PM', '10:00 AM', 'Saturday', '2017-06-12 14:05:28', 1),
('94', '2017-06-10', '09:21 PM', '04:04 AM', 'Saturday', '2017-06-12 14:06:06', 1),
('96', '2017-06-10', '10:41 PM', '11:02 AM', 'Saturday', '2017-06-12 14:06:57', 1),
('83', '2017-06-10', '09:00 PM', '06:00 AM', 'Saturday', '2017-06-12 14:11:06', 1),
('94', '2017-06-11', '12:00 PM', '08:00 AM', 'Sunday', '2017-06-12 14:11:55', 1),
('45', '2017-06-11', '08:45 PM', '01:30 PM', 'Sunday', '2017-06-12 14:12:19', 1),
('83', '2017-06-11', '09:00 PM', '09:40 AM', 'Sunday', '2017-06-12 14:12:41', 1),
('86', '2017-06-11', '08:30 PM', '08:12 AM', 'Sunday', '2017-06-12 14:13:00', 1),
('86', '2017-06-12', '10:30 AM', '08:55 AM', 'Monday', '2017-06-15 14:03:59', 1),
('83', '2017-06-12', '10:30 PM', '01:00 PM', 'Monday', '2017-06-15 14:05:13', 1),
('94', '2017-06-12', '08:00 AM', '08:00 AM', 'Monday', '2017-06-15 14:05:41', 1),
('90', '2017-06-12', '10:10 PM', '08:00 AM', 'Monday', '2017-06-15 14:05:56', 1),
('13', '2017-06-13', '02:00 PM', '06:30 AM', 'Tuesday', '2017-06-15 14:06:55', 1),
('94', '2017-06-13', '08:00 PM', '08:00 AM', 'Tuesday', '2017-06-15 14:07:14', 1),
('83', '2017-06-13', '08:00 PM', '10:44 AM', 'Tuesday', '2017-06-15 14:07:30', 1),
('93', '2017-06-14', '06:20 PM', '10:40 AM', 'Wednesday', '2017-06-15 14:09:27', 1),
('90', '2017-06-14', '07:49 PM', '08:00 AM', 'Wednesday', '2017-06-15 14:09:51', 1),
('88', '2017-06-14', '09:19 PM', '05:30 AM', 'Wednesday', '2017-06-15 14:10:09', 1),
('89', '2017-06-15', '08:33 PM', '05:00 AM', 'Thursday', '2017-06-16 12:43:17', 1),
('90', '2017-06-15', '05:10 PM', '08:00 AM', 'Thursday', '2017-06-16 12:43:42', 1),
('94', '2017-06-15', '05:00 PM', '08:00 AM', 'Thursday', '2017-06-16 12:46:03', 1),
('83', '2017-06-15', '10:45 PM', '09:01 AM', 'Thursday', '2017-06-16 12:46:23', 1),
('90', '2016-12-01', '08:00 PM', '08:00 AM', 'Thursday', '2017-06-20 20:26:33', 2),
('89', '2016-12-01', '10:21 PM', '05:00 AM', 'Thursday', '2017-06-20 20:27:10', 2),
('92', '2016-12-01', '10:50 PM', '05:00 AM', 'Thursday', '2017-06-20 20:28:24', 2),
('86', '2016-12-01', '09:30 PM', '08:00 AM', 'Thursday', '2017-06-20 20:28:38', 2),
('83', '2016-12-01', '11:45 PM', '08:00 AM', 'Thursday', '2017-06-20 20:28:57', 2),
('92', '2016-12-02', '09:33 PM', '05:00 AM', 'Friday', '2017-06-20 20:29:45', 2),
('88', '2016-12-02', '10:11 PM', '04:00 AM', 'Friday', '2017-06-20 20:30:01', 2),
('90', '2016-12-02', '10:37 PM', '08:00 AM', 'Friday', '2017-06-20 20:31:47', 2),
('98', '2016-12-03', '05:53 PM', '08:00 AM', 'Saturday', '2017-06-20 20:32:19', 2),
('97', '2016-12-03', '04:30 PM', '08:00 AM', 'Saturday', '2017-06-20 20:32:38', 2),
('84', '2016-12-03', '04:50 PM', '10:44 AM', 'Saturday', '2017-06-20 20:33:05', 2),
('89', '2016-12-03', '08:00 PM', '07:22 AM', 'Saturday', '2017-06-20 20:34:17', 2),
('45', '2016-12-03', '07:30 PM', '10:00 AM', 'Saturday', '2017-06-20 20:34:37', 2),
('86', '2016-12-03', '04:00 PM', '03:00 AM', 'Saturday', '2017-06-20 20:34:59', 2),
('84', '2016-12-04', '07:59 PM', '08:16 AM', 'Sunday', '2017-06-20 20:35:52', 2),
('45', '2016-12-04', '08:40 PM', '08:00 AM', 'Sunday', '2017-06-20 20:36:06', 2),
('86', '2016-12-04', '09:30 PM', '08:00 AM', 'Sunday', '2017-06-20 20:37:26', 2),
('83', '2016-12-04', '06:30 PM', '08:00 AM', 'Sunday', '2017-06-20 20:37:42', 2),
('97', '2016-12-05', '08:10 PM', '08:00 AM', 'Monday', '2017-06-20 20:38:05', 2),
('90', '2016-12-05', '09:20 PM', '08:00 AM', 'Monday', '2017-06-20 20:38:22', 2),
('92', '2016-12-05', '10:53 PM', '08:00 AM', 'Monday', '2017-06-20 20:38:47', 2),
('83', '2016-12-05', '08:30 PM', '08:00 AM', 'Monday', '2017-06-20 20:39:18', 2),
('88', '2016-12-06', '10:20 PM', '04:00 AM', 'Tuesday', '2017-06-20 20:40:13', 2),
('86', '2016-12-06', '10:40 PM', '08:00 AM', 'Tuesday', '2017-06-20 20:40:31', 2),
('83', '2016-12-06', '06:00 PM', '08:00 AM', 'Tuesday', '2017-06-20 20:40:45', 2),
('88', '2016-12-07', '09:22 PM', '05:00 AM', 'Wednesday', '2017-06-20 20:41:17', 2),
('97', '2016-12-07', '09:00 PM', '08:00 AM', 'Wednesday', '2017-06-20 20:41:32', 2),
('92', '2016-12-07', '10:45 PM', '08:00 AM', 'Wednesday', '2017-06-20 20:41:49', 2),
('94', '2016-12-07', '10:45 PM', '08:00 AM', 'Wednesday', '2017-06-20 20:42:01', 2),
('90', '2016-12-07', '10:49 PM', '08:00 AM', 'Wednesday', '2017-06-20 20:42:27', 2),
('90', '2016-12-08', '09:00 PM', '08:00 AM', 'Thursday', '2017-06-20 20:43:03', 2),
('89', '2016-12-08', '09:13 PM', '05:00 AM', 'Thursday', '2017-06-20 20:43:26', 2),
('94', '2016-12-08', '08:00 PM', '08:00 AM', 'Thursday', '2017-06-20 20:43:39', 2),
('83', '2016-12-08', '09:00 PM', '08:00 AM', 'Thursday', '2017-06-20 20:44:00', 2),
('95', '2016-12-09', '10:23 PM', '08:00 AM', 'Friday', '2017-06-20 20:44:21', 2),
('92', '2016-12-09', '10:24 PM', '08:00 AM', 'Friday', '2017-06-20 20:44:35', 2),
('93', '2016-12-09', '10:48 PM', '08:00 AM', 'Friday', '2017-06-20 20:44:58', 2),
('93', '2016-12-10', '07:00 PM', '08:00 AM', 'Saturday', '2017-06-20 20:45:33', 2),
('97', '2016-12-10', '03:40 PM', '08:00 AM', 'Saturday', '2017-06-20 20:45:55', 2),
('98', '2016-12-10', '05:00 PM', '09:30 AM', 'Saturday', '2017-06-20 20:46:13', 2),
('94', '2016-12-10', '08:00 AM', '08:00 AM', 'Saturday', '2017-06-20 20:47:40', 2),
('83', '2016-12-11', '09:30 PM', '08:00 AM', 'Sunday', '2017-06-20 20:50:19', 2),
('86', '2016-12-11', '10:30 PM', '12:17 PM', 'Sunday', '2017-06-20 20:51:08', 2),
('97', '2016-12-12', '09:30 PM', '08:00 AM', 'Monday', '2017-06-20 20:56:02', 2),
('86', '2016-12-12', '06:00 PM', '09:02 AM', 'Monday', '2017-06-20 20:58:05', 2),
('83', '2016-12-12', '09:30 PM', '08:00 AM', 'Monday', '2017-06-20 20:59:33', 2),
('90', '2016-12-12', '09:30 PM', '08:00 AM', 'Monday', '2017-06-24 16:44:52', 2),
('98', '2016-12-13', '08:30 PM', '07:11 AM', 'Tuesday', '2017-06-24 16:45:18', 2),
('88', '2016-12-13', '09:29 PM', '05:00 AM', 'Tuesday', '2017-06-24 16:45:36', 2),
('83', '2016-12-13', '10:30 PM', '08:00 AM', 'Tuesday', '2017-06-24 16:45:56', 2),
('90', '2016-12-14', '10:06 PM', '08:00 AM', 'Wednesday', '2017-06-24 16:47:08', 2),
('97', '2016-12-14', '10:28 PM', '08:00 AM', 'Wednesday', '2017-06-24 16:47:25', 2),
('90', '2016-12-15', '10:16 PM', '08:00 AM', 'Thursday', '2017-06-24 16:48:19', 2),
('89', '2016-12-15', '11:31 PM', '05:00 AM', 'Thursday', '2017-06-24 16:48:45', 2),
('83', '2016-12-15', '10:00 PM', '08:00 AM', 'Thursday', '2017-06-24 16:49:14', 2),
('92', '2016-12-16', '09:16 PM', '08:00 AM', 'Friday', '2017-06-24 16:49:54', 2),
('84', '2016-12-16', '09:40 PM', '08:00 AM', 'Friday', '2017-06-24 16:50:29', 2),
('88', '2016-12-16', '09:46 PM', '06:00 AM', 'Friday', '2017-06-24 16:50:55', 2),
('93', '2016-12-16', '10:25 PM', '08:00 AM', 'Friday', '2017-06-24 16:51:11', 2),
('83', '2016-12-16', '09:00 PM', '08:00 AM', 'Friday', '2017-06-24 16:51:33', 2),
('45', '2016-12-17', '10:00 PM', '07:30 AM', 'Saturday', '2017-06-24 16:51:58', 2),
('83', '2016-12-17', '04:30 PM', '08:00 AM', 'Saturday', '2017-06-24 16:52:13', 2),
('86', '2016-12-17', '04:00 PM', '08:00 AM', 'Saturday', '2017-06-24 16:52:36', 2),
('86', '2016-12-18', '05:21 PM', '08:00 AM', 'Sunday', '2017-06-24 16:53:32', 2),
('84', '2016-12-18', '07:27 PM', '08:00 AM', 'Sunday', '2017-06-24 16:53:46', 2),
('83', '2016-12-18', '09:45 PM', '08:00 AM', 'Sunday', '2017-06-24 16:54:01', 2),
('45', '2016-12-18', '10:23 PM', '08:00 AM', 'Sunday', '2017-06-24 16:54:22', 2),
('97', '2016-12-19', '07:30 PM', '08:00 AM', 'Monday', '2017-06-24 16:55:01', 2),
('90', '2016-12-19', '09:00 PM', '08:00 AM', 'Monday', '2017-06-26 12:17:17', 2),
('83', '2016-12-19', '08:00 PM', '08:00 AM', 'Monday', '2017-06-26 12:19:24', 2),
('98', '2016-12-20', '05:56 PM', '08:00 AM', 'Tuesday', '2017-06-26 12:25:00', 2),
('95', '2016-12-20', '09:33 PM', '08:00 AM', 'Tuesday', '2017-06-26 12:26:14', 2),
('86', '2016-12-20', '06:00 PM', '08:00 AM', 'Tuesday', '2017-06-26 12:26:25', 2),
('90', '2016-12-20', '10:00 PM', '08:00 AM', 'Tuesday', '2017-06-26 12:26:32', 2),
('88', '2016-12-21', '08:44 PM', '06:00 AM', 'Wednesday', '2017-06-26 12:31:40', 2),
('92', '2016-12-21', '10:55 PM', '08:00 AM', 'Wednesday', '2017-06-26 12:31:54', 2),
('83', '2016-12-21', '09:00 PM', '08:00 AM', 'Wednesday', '2017-06-26 12:32:05', 2),
('86', '2016-12-21', '06:00 PM', '08:00 AM', 'Wednesday', '2017-06-26 12:32:22', 2),
('97', '2016-12-21', '06:15 PM', '08:00 AM', 'Wednesday', '2017-06-26 15:22:29', 2),
('90', '2016-12-21', '08:42 PM', '08:00 AM', 'Wednesday', '2017-06-26 15:22:55', 2),
('89', '2016-12-22', '09:08 PM', '06:05 AM', 'Thursday', '2017-06-26 15:23:39', 2),
('83', '2016-12-22', '11:00 PM', '08:00 AM', 'Thursday', '2017-06-26 15:23:47', 2),
('86', '2016-12-22', '08:40 PM', '08:00 AM', 'Thursday', '2017-06-26 15:24:07', 2),
('95', '2016-12-22', '10:10 PM', '08:00 AM', 'Thursday', '2017-06-26 15:24:19', 2),
('93', '2016-12-23', '08:10 PM', '06:15 AM', 'Friday', '2017-06-26 15:24:54', 2),
('88', '2016-12-23', '09:01 PM', '07:00 AM', 'Friday', '2017-06-26 15:25:12', 2),
('92', '2016-12-23', '10:23 PM', '06:00 AM', 'Friday', '2017-06-26 15:25:29', 2),
('86', '2016-12-23', '09:00 PM', '08:00 AM', 'Friday', '2017-06-26 15:25:40', 2),
('97', '2016-12-24', '09:20 PM', '08:00 AM', 'Saturday', '2017-06-26 15:26:09', 2),
('83', '2016-12-24', '08:00 AM', '08:00 AM', 'Saturday', '2017-06-26 15:26:27', 2),
('45', '2016-12-25', '09:10 PM', '09:00 AM', 'Sunday', '2017-06-26 15:26:55', 2),
('84', '2016-12-25', '09:19 PM', '06:40 AM', 'Sunday', '2017-06-26 15:28:34', 2),
('91', '2016-12-25', '09:19 PM', '06:40 AM', 'Sunday', '2017-06-26 15:28:50', 2),
('97', '2016-12-25', '08:30 PM', '08:00 AM', 'Sunday', '2017-06-26 15:29:01', 2),
('83', '2016-12-25', '09:00 PM', '08:00 AM', 'Sunday', '2017-06-26 15:29:10', 2),
('86', '2016-12-25', '11:00 AM', '08:00 AM', 'Sunday', '2017-06-26 15:29:17', 2),
('90', '2016-12-26', '09:26 PM', '08:00 AM', 'Monday', '2017-06-26 15:30:22', 2),
('97', '2016-12-26', '09:35 PM', '08:00 AM', 'Monday', '2017-06-26 15:30:32', 2),
('92', '2016-12-26', '10:54 PM', '08:00 AM', 'Monday', '2017-06-26 15:30:39', 2),
('86', '2016-12-26', '07:00 PM', '08:00 AM', 'Monday', '2017-06-26 15:30:58', 2),
('83', '2016-12-26', '10:30 PM', '08:00 AM', 'Monday', '2017-06-26 15:31:06', 2),
('98', '2016-12-27', '06:43 PM', '06:00 AM', 'Tuesday', '2017-06-26 15:31:31', 2),
('88', '2016-12-27', '08:57 PM', '05:30 AM', 'Tuesday', '2017-06-26 15:31:51', 2),
('45', '2016-12-27', '09:00 PM', '08:00 AM', 'Tuesday', '2017-06-26 15:31:58', 2),
('86', '2016-12-27', '07:30 PM', '08:00 AM', 'Tuesday', '2017-06-26 15:32:07', 2),
('97', '2016-12-28', '07:50 PM', '08:00 AM', 'Wednesday', '2017-06-26 15:32:31', 2),
('95', '2016-12-28', '08:33 PM', '08:00 AM', 'Wednesday', '2017-06-26 15:32:37', 2),
('88', '2016-12-28', '09:51 PM', '05:30 AM', 'Wednesday', '2017-06-26 15:32:53', 2),
('83', '2016-12-28', '10:30 PM', '08:00 AM', 'Wednesday', '2017-06-26 15:33:02', 2),
('98', '2016-12-29', '06:50 PM', '07:15 AM', 'Thursday', '2017-06-26 15:35:12', 2),
('86', '2016-12-29', '10:00 PM', '08:00 AM', 'Thursday', '2017-06-26 15:35:23', 2),
('83', '2016-12-29', '10:30 PM', '08:00 AM', 'Thursday', '2017-06-26 15:35:30', 2),
('93', '2016-12-30', '05:50 PM', '11:56 PM', 'Friday', '2017-06-26 15:47:25', 2),
('83', '2016-12-31', '02:00 PM', '08:00 AM', 'Saturday', '2017-06-26 15:49:52', 2),
('86', '2016-12-31', '01:00 PM', '08:00 AM', 'Saturday', '2017-06-26 15:50:06', 2),
('92', '2016-04-01', '09:01 PM', '08:00 AM', 'Friday', '2017-06-26 19:58:54', 2),
('88', '2016-04-01', '09:04 PM', '08:00 AM', 'Friday', '2017-06-26 19:59:08', 2),
('83', '2016-04-01', '08:00 PM', '08:00 AM', 'Friday', '2017-06-26 19:59:16', 2),
('86', '2016-04-01', '09:30 PM', '08:00 AM', 'Friday', '2017-06-26 19:59:26', 2),
('95', '2016-04-01', '08:30 PM', '08:00 AM', 'Friday', '2017-06-26 19:59:38', 2),
('96', '2016-04-02', '09:53 PM', '08:00 AM', 'Saturday', '2017-06-26 20:00:08', 2),
('89', '2016-04-02', '08:30 PM', '08:00 AM', 'Saturday', '2017-06-26 20:00:19', 2),
('84', '2016-04-02', '08:30 PM', '08:00 AM', 'Saturday', '2017-06-26 20:00:26', 2),
('95', '2016-04-02', '09:00 PM', '08:00 AM', 'Saturday', '2017-06-26 20:00:33', 2),
('86', '2016-04-03', '08:00 PM', '08:00 AM', 'Sunday', '2017-06-26 20:00:50', 2),
('84', '2016-04-03', '09:27 PM', '07:00 AM', 'Sunday', '2017-06-26 20:01:00', 2),
('45', '2016-04-03', '10:20 PM', '09:55 AM', 'Sunday', '2017-06-26 20:01:07', 2),
('83', '2016-04-03', '10:30 PM', '08:00 AM', 'Sunday', '2017-06-26 20:01:20', 2),
('94', '2016-04-04', '06:11 PM', '09:00 AM', 'Monday', '2017-06-26 20:01:44', 2),
('86', '2016-04-04', '08:30 PM', '08:00 AM', 'Monday', '2017-06-26 20:01:56', 2),
('85', '2016-04-04', '08:35 PM', '08:00 AM', 'Monday', '2017-06-26 20:02:03', 2),
('90', '2016-04-04', '09:12 PM', '06:00 AM', 'Monday', '2017-06-26 20:02:16', 2),
('92', '2016-04-04', '10:48 PM', '08:00 AM', 'Monday', '2017-06-26 20:02:25', 2),
('88', '2016-04-05', '05:54 PM', '08:00 AM', 'Tuesday', '2017-06-26 20:02:43', 2),
('96', '2016-04-05', '06:55 PM', '08:00 AM', 'Tuesday', '2017-06-26 20:02:47', 2),
('95', '2016-04-05', '07:00 PM', '08:00 AM', 'Tuesday', '2017-06-26 20:02:53', 2),
('90', '2016-04-05', '09:29 PM', '07:00 AM', 'Tuesday', '2017-06-26 20:03:03', 2),
('93', '2016-04-05', '10:00 PM', '08:00 AM', 'Tuesday', '2017-06-26 20:03:10', 2),
('83', '2016-04-05', '10:30 PM', '08:00 AM', 'Tuesday', '2017-06-26 20:03:17', 2),
('85', '2016-04-05', '08:30 PM', '08:00 AM', 'Tuesday', '2017-06-26 20:03:24', 2),
('94', '2016-04-06', '06:06 PM', '09:00 AM', 'Wednesday', '2017-06-26 20:04:53', 2),
('88', '2016-04-06', '06:16 PM', '08:00 AM', 'Wednesday', '2017-06-26 20:05:00', 2),
('92', '2016-04-06', '10:45 PM', '08:00 AM', 'Wednesday', '2017-06-26 20:05:06', 2),
('90', '2016-04-06', '06:30 PM', '08:00 AM', 'Wednesday', '2017-06-26 20:05:13', 2),
('86', '2016-04-06', '10:00 PM', '08:00 AM', 'Wednesday', '2017-06-26 20:05:20', 2),
('85', '2016-04-06', '08:40 PM', '08:00 AM', 'Wednesday', '2017-06-26 20:05:25', 2),
('83', '2016-04-06', '08:00 PM', '08:00 AM', 'Wednesday', '2017-06-26 20:05:32', 2),
('89', '2016-04-07', '08:35 PM', '05:00 AM', 'Thursday', '2017-06-26 20:06:10', 2),
('90', '2016-04-07', '07:35 PM', '06:30 AM', 'Thursday', '2017-06-26 20:06:20', 2),
('86', '2016-04-07', '10:00 PM', '05:00 AM', 'Thursday', '2017-06-26 20:06:32', 2),
('83', '2016-04-07', '10:45 PM', '08:00 AM', 'Thursday', '2017-06-26 20:06:38', 2),
('95', '2016-04-08', '07:56 PM', '08:00 AM', 'Friday', '2017-06-26 20:07:00', 2),
('93', '2016-04-08', '08:35 PM', '08:00 AM', 'Friday', '2017-06-26 20:07:06', 2),
('88', '2016-04-08', '08:48 PM', '08:00 AM', 'Friday', '2017-06-26 20:07:12', 2),
('90', '2016-04-08', '09:20 PM', '08:00 AM', 'Friday', '2017-06-26 20:07:20', 2),
('94', '2016-04-08', '09:50 PM', '08:00 AM', 'Friday', '2017-06-26 20:07:28', 2),
('92', '2016-04-08', '10:00 PM', '08:00 AM', 'Friday', '2017-06-26 20:07:34', 2),
('95', '2016-04-09', '08:05 PM', '08:00 AM', 'Saturday', '2017-06-26 20:07:52', 2),
('90', '2016-04-09', '08:36 PM', '08:00 AM', 'Saturday', '2017-06-26 20:07:59', 2),
('93', '2016-04-09', '08:37 PM', '08:00 AM', 'Saturday', '2017-06-26 20:08:07', 2),
('89', '2016-04-09', '10:54 PM', '09:57 AM', 'Saturday', '2017-06-26 20:08:20', 2),
('84', '2016-04-09', '09:30 PM', '08:00 AM', 'Saturday', '2017-06-26 20:08:27', 2),
('91', '2016-04-09', '09:30 PM', '08:00 AM', 'Saturday', '2017-06-26 20:08:34', 2),
('45', '2016-04-09', '09:00 PM', '08:00 AM', 'Saturday', '2017-06-26 20:08:40', 2),
('90', '2016-04-10', '07:44 PM', '07:00 AM', 'Sunday', '2017-06-26 20:09:04', 2),
('94', '2016-04-10', '08:00 PM', '07:00 AM', 'Sunday', '2017-06-26 20:09:12', 2),
('93', '2016-04-10', '09:26 PM', '08:00 AM', 'Sunday', '2017-06-26 20:09:22', 2),
('84', '2016-04-10', '09:45 PM', '08:23 AM', 'Sunday', '2017-06-26 20:09:34', 2),
('91', '2016-04-10', '09:45 PM', '08:23 AM', 'Sunday', '2017-06-26 20:09:43', 2),
('92', '2016-04-10', '10:47 PM', '08:00 AM', 'Sunday', '2017-06-26 20:09:52', 2),
('83', '2016-04-10', '07:00 PM', '08:00 AM', 'Sunday', '2017-06-26 20:09:57', 2),
('90', '2016-04-11', '10:22 PM', '07:00 AM', 'Monday', '2017-06-26 20:10:13', 2),
('92', '2016-04-11', '10:22 PM', '08:00 AM', 'Monday', '2017-06-26 20:10:21', 2),
('85', '2016-04-11', '08:40 PM', '08:00 AM', 'Monday', '2017-06-26 20:10:26', 2),
('94', '2016-04-11', '08:00 PM', '09:15 AM', 'Monday', '2017-06-26 20:10:39', 2),
('95', '2016-04-11', '08:30 PM', '08:00 AM', 'Monday', '2017-06-26 20:10:47', 2),
('83', '2016-04-11', '11:00 PM', '08:00 AM', 'Monday', '2017-06-26 20:10:52', 2),
('88', '2016-04-12', '07:48 PM', '08:00 AM', 'Tuesday', '2017-06-26 20:11:22', 2),
('93', '2016-04-12', '08:29 PM', '08:00 AM', 'Tuesday', '2017-06-26 20:11:28', 2),
('90', '2016-04-12', '09:47 PM', '07:00 AM', 'Tuesday', '2017-06-26 20:11:34', 2),
('94', '2016-04-12', '09:50 PM', '09:00 AM', 'Tuesday', '2017-06-26 20:11:50', 2),
('92', '2016-04-12', '10:48 PM', '08:00 AM', 'Tuesday', '2017-06-26 20:11:57', 2),
('83', '2016-04-12', '10:30 PM', '08:00 AM', 'Tuesday', '2017-06-26 20:12:03', 2),
('85', '2016-04-12', '08:30 PM', '08:00 AM', 'Tuesday', '2017-06-26 20:12:09', 2),
('94', '2016-04-13', '06:50 PM', '09:00 AM', 'Wednesday', '2017-06-26 20:12:31', 2),
('86', '2016-04-13', '07:05 PM', '08:15 AM', 'Wednesday', '2017-06-26 20:12:40', 2),
('88', '2016-04-13', '08:16 PM', '08:00 AM', 'Wednesday', '2017-06-26 20:12:47', 2),
('83', '2016-04-13', '08:15 PM', '08:00 AM', 'Wednesday', '2017-06-26 20:12:54', 2),
('92', '2016-04-13', '10:55 PM', '08:00 AM', 'Wednesday', '2017-06-26 20:13:00', 2),
('85', '2016-04-13', '08:41 PM', '08:00 AM', 'Wednesday', '2017-06-26 20:13:05', 2),
('90', '2016-04-13', '06:00 PM', '07:00 AM', 'Wednesday', '2017-06-26 20:13:13', 2),
('89', '2016-04-14', '08:19 PM', '05:00 AM', 'Thursday', '2017-06-26 20:13:28', 2),
('94', '2016-04-14', '09:42 PM', '08:00 AM', 'Thursday', '2017-06-26 20:13:35', 2),
('92', '2016-04-14', '10:26 PM', '08:00 AM', 'Thursday', '2017-06-26 20:13:47', 2),
('86', '2016-04-14', '10:38 PM', '01:23 AM', 'Thursday', '2017-06-26 20:13:58', 2),
('90', '2016-04-14', '10:44 PM', '07:00 AM', 'Thursday', '2017-06-26 20:14:08', 2),
('83', '2016-04-14', '10:30 PM', '08:00 AM', 'Thursday', '2017-06-26 20:14:14', 2),
('88', '2016-04-15', '08:07 PM', '09:06 AM', 'Friday', '2017-06-26 20:14:36', 2),
('86', '2016-04-15', '08:30 PM', '03:32 AM', 'Friday', '2017-06-26 20:14:49', 2),
('93', '2016-04-15', '09:15 PM', '08:00 AM', 'Friday', '2017-06-26 20:14:54', 2),
('92', '2016-04-15', '09:27 PM', '08:00 AM', 'Friday', '2017-06-26 20:15:00', 2),
('83', '2016-04-15', '07:30 PM', '08:00 AM', 'Friday', '2017-06-26 20:15:10', 2),
('93', '2016-04-16', '09:30 PM', '08:00 AM', 'Saturday', '2017-06-26 20:15:25', 2),
('96', '2016-04-16', '09:40 PM', '08:00 AM', 'Saturday', '2017-06-26 20:15:32', 2),
('95', '2016-04-16', '09:55 PM', '08:00 AM', 'Saturday', '2017-06-26 20:15:37', 2),
('90', '2016-04-16', '10:30 PM', '08:00 AM', 'Saturday', '2017-06-26 20:15:41', 2),
('45', '2016-04-16', '09:10 PM', '08:00 AM', 'Saturday', '2017-06-26 20:15:47', 2),
('85', '2016-04-16', '07:30 PM', '08:00 AM', 'Saturday', '2017-06-26 20:15:51', 2),
('91', '2016-04-17', '09:07 PM', '08:00 AM', 'Sunday', '2017-06-26 20:16:08', 2),
('94', '2016-04-17', '09:22 PM', '08:00 AM', 'Sunday', '2017-06-26 20:16:14', 2),
('45', '2016-04-17', '09:24 PM', '08:00 AM', 'Sunday', '2017-06-26 20:16:18', 2),
('86', '2016-04-17', '10:35 PM', '08:00 AM', 'Sunday', '2017-06-26 20:16:44', 2),
('90', '2016-04-17', '10:50 PM', '07:00 AM', 'Sunday', '2017-06-26 20:16:51', 2),
('83', '2016-04-17', '06:45 PM', '08:00 AM', 'Sunday', '2017-06-26 20:16:57', 2),
('90', '2016-04-18', '08:30 PM', '07:00 AM', 'Monday', '2017-06-26 20:17:10', 2),
('92', '2016-04-18', '10:50 PM', '08:00 AM', 'Monday', '2017-06-26 20:17:16', 2),
('86', '2016-04-18', '09:00 PM', '09:15 AM', 'Monday', '2017-06-26 20:17:28', 2),
('85', '2016-04-18', '08:00 PM', '08:00 AM', 'Monday', '2017-06-26 20:17:34', 2),
('83', '2016-04-18', '09:30 PM', '08:00 AM', 'Monday', '2017-06-26 20:17:38', 2),
('93', '2016-04-19', '07:32 PM', '08:00 AM', 'Tuesday', '2017-06-26 20:17:56', 2),
('88', '2016-04-19', '08:14 PM', '08:46 AM', 'Tuesday', '2017-06-26 20:18:03', 2),
('90', '2016-04-19', '10:00 PM', '07:00 AM', 'Tuesday', '2017-06-26 20:18:11', 2),
('83', '2016-04-19', '10:50 PM', '08:00 AM', 'Tuesday', '2017-06-26 20:18:17', 2),
('86', '2016-04-19', '10:50 PM', '08:00 AM', 'Tuesday', '2017-06-26 20:18:23', 2),
('85', '2016-04-19', '08:20 PM', '08:00 AM', 'Tuesday', '2017-06-26 20:18:28', 2),
('90', '2016-04-20', '08:30 PM', '08:00 AM', 'Wednesday', '2017-06-26 20:18:48', 2),
('88', '2016-04-20', '08:30 PM', '08:00 AM', 'Wednesday', '2017-06-26 20:18:54', 2),
('92', '2016-04-20', '10:53 PM', '08:00 AM', 'Wednesday', '2017-06-26 20:19:21', 2),
('83', '2016-04-20', '10:00 PM', '08:00 AM', 'Wednesday', '2017-06-26 20:19:27', 2),
('89', '2016-04-21', '08:24 PM', '05:00 AM', 'Thursday', '2017-06-26 20:19:52', 2),
('83', '2016-04-21', '09:00 PM', '08:00 AM', 'Thursday', '2017-06-26 20:19:57', 2),
('90', '2016-04-21', '09:45 PM', '06:00 AM', 'Thursday', '2017-06-26 20:20:02', 2),
('86', '2016-04-21', '08:00 PM', '08:00 AM', 'Thursday', '2017-06-26 20:20:08', 2),
('88', '2016-04-22', '07:55 PM', '08:30 AM', 'Friday', '2017-06-26 20:20:25', 2),
('92', '2016-04-22', '08:17 PM', '08:00 AM', 'Friday', '2017-06-26 20:20:31', 2),
('93', '2016-04-22', '08:26 PM', '08:00 AM', 'Friday', '2017-06-26 20:20:37', 2),
('86', '2016-04-22', '10:28 PM', '05:00 AM', 'Friday', '2017-06-26 20:20:45', 2),
('96', '2016-04-23', '09:50 PM', '09:29 AM', 'Saturday', '2017-06-26 20:21:02', 2),
('90', '2016-04-23', '10:00 PM', '08:00 AM', 'Saturday', '2017-06-26 20:21:05', 2),
('83', '2016-04-23', '10:30 PM', '08:00 AM', 'Saturday', '2017-06-26 20:21:10', 2),
('93', '2016-04-24', '08:16 PM', '08:00 AM', 'Sunday', '2017-06-26 20:21:41', 2),
('45', '2016-04-24', '08:30 PM', '08:00 AM', 'Sunday', '2017-06-26 20:21:46', 2),
('83', '2016-04-24', '10:00 PM', '08:00 AM', 'Sunday', '2017-06-26 20:21:54', 2),
('94', '2016-04-25', '08:11 PM', '06:00 AM', 'Monday', '2017-06-26 20:22:18', 2),
('90', '2016-04-25', '09:50 PM', '06:00 AM', 'Monday', '2017-06-26 20:22:25', 2),
('92', '2016-04-25', '10:45 PM', '08:00 AM', 'Monday', '2017-06-26 20:22:30', 2),
('86', '2016-04-25', '08:00 PM', '07:32 AM', 'Monday', '2017-06-26 20:22:38', 2),
('45', '2016-04-25', '08:15 PM', '08:00 AM', 'Monday', '2017-06-26 20:22:45', 2),
('83', '2016-04-25', '07:00 PM', '08:00 AM', 'Monday', '2017-06-26 20:22:49', 2),
('85', '2016-04-25', '08:10 PM', '08:00 AM', 'Monday', '2017-06-26 20:22:53', 2),
('88', '2016-04-26', '07:12 PM', '08:30 AM', 'Tuesday', '2017-06-26 20:23:24', 2),
('94', '2016-04-26', '09:12 PM', '09:00 AM', 'Tuesday', '2017-06-26 20:23:46', 2),
('45', '2016-04-26', '09:15 PM', '07:15 AM', 'Tuesday', '2017-06-26 20:23:58', 2),
('83', '2016-04-26', '09:30 PM', '08:00 AM', 'Tuesday', '2017-06-26 20:24:04', 2),
('85', '2016-04-26', '08:10 PM', '08:00 AM', 'Tuesday', '2017-06-26 20:24:08', 2),
('94', '2016-04-27', '05:58 PM', '09:00 AM', 'Wednesday', '2017-06-26 20:24:26', 2),
('88', '2016-04-27', '07:10 PM', '07:00 AM', 'Wednesday', '2017-06-26 20:24:33', 2),
('86', '2016-04-27', '10:07 PM', '08:00 AM', 'Wednesday', '2017-06-26 20:24:37', 2),
('92', '2016-04-27', '10:50 PM', '08:00 AM', 'Wednesday', '2017-06-26 20:24:42', 2),
('85', '2016-04-27', '10:35 PM', '08:00 AM', 'Wednesday', '2017-06-26 20:24:48', 2),
('83', '2016-04-27', '10:50 PM', '08:00 AM', 'Wednesday', '2017-06-26 20:24:52', 2),
('89', '2016-04-28', '09:33 PM', '05:00 AM', 'Thursday', '2017-06-26 20:25:16', 2),
('93', '2016-04-28', '07:00 PM', '08:00 AM', 'Thursday', '2017-06-26 20:25:21', 2),
('94', '2016-04-28', '05:00 PM', '09:00 AM', 'Thursday', '2017-06-26 20:25:28', 2),
('90', '2016-04-28', '06:00 PM', '06:00 AM', 'Thursday', '2017-06-26 20:25:37', 2),
('83', '2016-04-28', '06:00 PM', '08:00 AM', 'Thursday', '2017-06-26 20:25:42', 2),
('91', '2016-04-29', '05:30 PM', '10:00 AM', 'Friday', '2017-06-26 20:25:56', 2),
('88', '2016-04-29', '07:40 PM', '09:09 AM', 'Friday', '2017-06-26 20:26:04', 2),
('93', '2016-04-29', '08:49 PM', '08:00 AM', 'Friday', '2017-06-26 20:26:10', 2),
('96', '2016-04-29', '09:29 PM', '08:00 AM', 'Friday', '2017-06-26 20:26:15', 2),
('92', '2016-04-29', '10:16 PM', '08:00 AM', 'Friday', '2017-06-26 20:26:22', 2),
('93', '2016-04-30', '08:41 PM', '08:00 AM', 'Saturday', '2017-06-26 20:44:14', 2),
('91', '2016-04-30', '06:00 PM', '09:00 AM', 'Saturday', '2017-06-26 20:44:21', 2),
('96', '2016-04-30', '10:00 PM', '10:05 AM', 'Saturday', '2017-06-26 20:44:30', 2),
('90', '2016-04-30', '09:30 PM', '03:00 AM', 'Saturday', '2017-06-26 20:44:42', 2),
('45', '2016-04-30', '09:00 PM', '12:15 AM', 'Saturday', '2017-06-26 20:44:51', 2),
('91', '2016-05-01', '09:00 PM', '05:47 AM', 'Sunday', '2017-06-26 20:52:25', 2),
('90', '2016-05-01', '10:01 PM', '07:00 AM', 'Sunday', '2017-06-26 20:52:33', 2),
('45', '2016-05-01', '10:08 PM', '08:00 AM', 'Sunday', '2017-06-26 20:52:38', 2),
('86', '2016-05-01', '08:00 PM', '08:01 AM', 'Sunday', '2017-06-26 20:52:45', 2),
('83', '2016-05-01', '08:30 PM', '08:00 AM', 'Sunday', '2017-06-26 20:52:51', 2),
('94', '2016-05-02', '07:54 PM', '08:00 AM', 'Monday', '2017-06-26 20:53:05', 2),
('83', '2016-05-02', '06:30 PM', '08:00 AM', 'Monday', '2017-06-26 20:53:09', 2),
('90', '2016-05-02', '09:34 PM', '08:00 AM', 'Monday', '2017-06-26 20:53:14', 2),
('96', '2016-05-02', '10:11 PM', '08:00 AM', 'Monday', '2017-06-26 20:53:19', 2),
('92', '2016-05-02', '10:44 PM', '08:00 AM', 'Monday', '2017-06-26 20:53:25', 2),
('85', '2016-05-02', '08:30 PM', '10:00 AM', 'Monday', '2017-06-26 20:53:30', 2),
('88', '2016-05-03', '09:10 PM', '05:00 AM', 'Tuesday', '2017-06-26 20:53:45', 2),
('85', '2016-05-03', '10:40 PM', '08:00 AM', 'Tuesday', '2017-06-26 20:53:51', 2),
('94', '2016-05-03', '04:00 PM', '09:00 AM', 'Tuesday', '2017-06-26 20:53:57', 2),
('88', '2016-05-04', '07:59 PM', '05:00 AM', 'Wednesday', '2017-06-26 20:54:14', 2),
('83', '2016-05-04', '08:02 PM', '08:00 AM', 'Wednesday', '2017-06-26 20:54:19', 2),
('90', '2016-05-04', '05:55 PM', '06:00 AM', 'Wednesday', '2017-06-26 20:54:24', 2),
('92', '2016-05-04', '10:44 PM', '08:00 AM', 'Wednesday', '2017-06-26 20:54:33', 2),
('93', '2016-05-05', '08:13 PM', '08:00 AM', 'Thursday', '2017-06-26 20:54:47', 2),
('89', '2016-05-05', '09:15 PM', '05:00 AM', 'Thursday', '2017-06-26 20:54:53', 2),
('90', '2016-05-05', '10:20 PM', '06:00 AM', 'Thursday', '2017-06-26 20:54:58', 2),
('83', '2016-05-05', '10:30 PM', '08:00 AM', 'Thursday', '2017-06-26 20:55:07', 2),
('88', '2016-05-06', '08:23 PM', '08:00 AM', 'Friday', '2017-06-26 20:55:22', 2),
('92', '2016-05-06', '08:34 PM', '08:00 AM', 'Friday', '2017-06-26 20:55:26', 2),
('91', '2016-05-06', '09:30 PM', '08:00 AM', 'Friday', '2017-06-26 20:55:30', 2),
('93', '2016-05-07', '08:24 PM', '09:15 AM', 'Saturday', '2017-06-26 20:55:45', 2),
('91', '2016-05-07', '09:37 PM', '09:20 AM', 'Saturday', '2017-06-26 20:55:51', 2),
('96', '2016-05-07', '10:35 PM', '08:00 AM', 'Saturday', '2017-06-26 20:55:55', 2),
('83', '2016-05-07', '10:15 PM', '08:00 AM', 'Saturday', '2017-06-26 20:55:59', 2),
('91', '2016-05-08', '08:36 PM', '05:00 AM', 'Sunday', '2017-06-26 20:56:11', 2),
('92', '2016-05-08', '10:34 PM', '08:00 AM', 'Sunday', '2017-06-26 20:56:22', 2),
('45', '2016-05-08', '09:20 PM', '10:30 AM', 'Sunday', '2017-06-26 20:56:30', 2),
('94', '2016-05-09', '07:00 PM', '08:00 AM', 'Monday', '2017-06-26 20:56:42', 2),
('92', '2016-05-09', '10:48 PM', '08:00 AM', 'Monday', '2017-06-26 20:56:47', 2),
('83', '2016-05-09', '10:30 PM', '08:00 AM', 'Monday', '2017-06-26 20:56:51', 2),
('94', '2016-05-10', '05:46 PM', '08:00 AM', 'Tuesday', '2017-06-26 20:57:04', 2),
('85', '2016-05-10', '08:00 PM', '08:00 AM', 'Tuesday', '2017-06-26 20:57:10', 2),
('86', '2016-05-10', '10:48 PM', '10:00 AM', 'Tuesday', '2017-06-26 20:57:20', 2),
('83', '2016-05-10', '10:45 PM', '08:00 AM', 'Tuesday', '2017-06-26 20:57:24', 2),
('88', '2016-05-11', '08:03 PM', '05:45 AM', 'Wednesday', '2017-06-26 20:57:38', 2),
('92', '2016-05-11', '10:46 PM', '08:00 AM', 'Wednesday', '2017-06-26 20:57:45', 2),
('83', '2016-05-11', '11:00 PM', '08:00 AM', 'Wednesday', '2017-06-26 20:57:52', 2),
('90', '2016-05-11', '06:00 PM', '07:15 AM', 'Wednesday', '2017-06-26 20:58:21', 2),
('89', '2016-05-12', '05:51 PM', '05:00 AM', 'Thursday', '2017-06-26 20:58:44', 2),
('93', '2016-05-12', '09:10 PM', '08:00 AM', 'Thursday', '2017-06-26 20:58:50', 2),
('90', '2016-05-12', '08:58 PM', '06:00 AM', 'Thursday', '2017-06-26 20:58:57', 2),
('83', '2016-05-12', '10:30 PM', '08:00 AM', 'Thursday', '2017-06-26 20:59:08', 2),
('86', '2016-05-12', '10:30 PM', '12:10 AM', 'Thursday', '2017-06-26 20:59:16', 2),
('88', '2016-05-13', '07:09 PM', '08:00 AM', 'Friday', '2017-06-26 21:02:22', 2),
('92', '2016-05-13', '09:51 PM', '08:00 AM', 'Friday', '2017-06-26 21:02:27', 2),
('91', '2016-05-13', '09:51 PM', '08:30 AM', 'Friday', '2017-06-26 21:02:35', 2),
('96', '2016-05-13', '10:30 PM', '06:30 AM', 'Friday', '2017-06-26 21:02:46', 2),
('83', '2016-05-13', '10:45 PM', '08:00 AM', 'Friday', '2017-06-26 21:02:50', 2),
('45', '2016-05-14', '08:30 PM', '08:00 AM', 'Saturday', '2017-06-26 21:03:12', 2),
('93', '2016-05-14', '08:50 PM', '08:00 AM', 'Saturday', '2017-06-26 21:03:18', 2),
('91', '2016-05-14', '10:02 PM', '08:00 AM', 'Saturday', '2017-06-26 21:03:23', 2),
('96', '2016-05-14', '10:34 PM', '08:00 AM', 'Saturday', '2017-06-26 21:03:28', 2),
('89', '2016-05-14', '10:47 PM', '08:00 AM', 'Saturday', '2017-06-26 21:03:34', 2),
('90', '2016-05-14', '11:00 PM', '08:00 AM', 'Saturday', '2017-06-26 21:03:38', 2),
('92', '2016-05-14', '10:54 PM', '08:00 AM', 'Saturday', '2017-06-26 21:03:42', 2),
('91', '2016-05-15', '09:19 PM', '06:25 AM', 'Sunday', '2017-06-26 21:12:31', 2),
('83', '2016-05-15', '10:00 PM', '08:00 AM', 'Sunday', '2017-06-26 21:12:36', 2),
('83', '2016-05-16', '05:00 PM', '08:00 AM', 'Monday', '2017-06-26 21:12:51', 2),
('94', '2016-05-16', '10:03 PM', '08:00 AM', 'Monday', '2017-06-26 21:12:57', 2),
('90', '2016-05-16', '10:13 PM', '06:00 AM', 'Monday', '2017-06-26 21:13:03', 2),
('92', '2016-05-16', '10:51 PM', '08:00 AM', 'Monday', '2017-06-26 21:13:09', 2),
('86', '2016-05-16', '11:30 PM', '12:48 AM', 'Monday', '2017-06-26 21:13:25', 2),
('88', '2016-05-17', '08:09 PM', '05:00 AM', 'Tuesday', '2017-06-26 21:16:13', 2),
('90', '2016-05-17', '09:02 PM', '06:00 AM', 'Tuesday', '2017-06-26 21:16:21', 2),
('86', '2016-05-17', '10:30 PM', '08:00 AM', 'Tuesday', '2017-06-26 21:16:50', 2),
('83', '2016-05-17', '10:30 PM', '08:00 AM', 'Tuesday', '2017-06-26 21:16:57', 2),
('92', '2016-05-18', '06:30 PM', '08:00 AM', 'Wednesday', '2017-06-26 21:17:11', 2),
('94', '2016-05-18', '08:00 PM', '08:00 AM', 'Wednesday', '2017-06-26 21:17:19', 2),
('90', '2016-05-18', '06:00 PM', '07:15 AM', 'Wednesday', '2017-06-26 21:17:29', 2),
('83', '2016-05-18', '10:45 PM', '08:00 AM', 'Wednesday', '2017-06-26 21:17:37', 2),
('93', '2016-05-19', '07:30 PM', '08:00 AM', 'Thursday', '2017-06-26 21:17:49', 2),
('90', '2016-05-19', '09:05 PM', '06:00 AM', 'Thursday', '2017-06-26 21:17:55', 2),
('83', '2016-05-19', '10:00 PM', '08:00 AM', 'Thursday', '2017-06-26 21:18:00', 2),
('88', '2016-05-20', '08:13 PM', '06:00 AM', 'Friday', '2017-06-26 21:18:11', 2),
('92', '2016-05-20', '08:57 PM', '08:00 AM', 'Friday', '2017-06-26 21:18:17', 2),
('93', '2016-05-20', '09:21 PM', '08:00 AM', 'Friday', '2017-06-26 21:18:23', 2),
('45', '2016-05-20', '09:40 PM', '08:30 AM', 'Friday', '2017-06-26 21:18:31', 2),
('90', '2016-05-20', '09:49 PM', '08:00 AM', 'Friday', '2017-06-26 21:18:36', 2),
('96', '2016-05-20', '09:49 PM', '08:00 AM', 'Friday', '2017-06-26 21:18:42', 2),
('91', '2016-05-21', '05:00 PM', '09:00 AM', 'Saturday', '2017-06-26 21:18:56', 2),
('93', '2016-05-21', '08:36 PM', '08:00 AM', 'Saturday', '2017-06-26 21:19:01', 2),
('96', '2016-05-21', '09:57 PM', '08:00 AM', 'Saturday', '2017-06-26 21:19:05', 2),
('95', '2016-05-21', '09:00 PM', '08:00 AM', 'Saturday', '2017-06-26 21:19:10', 2),
('83', '2016-05-22', '03:00 PM', '08:00 AM', 'Sunday', '2017-06-26 21:19:23', 2),
('91', '2016-05-22', '09:21 PM', '08:00 AM', 'Sunday', '2017-06-26 21:19:27', 2),
('45', '2016-05-22', '09:22 PM', '08:00 AM', 'Sunday', '2017-06-26 21:19:31', 2),
('92', '2016-05-22', '10:55 PM', '08:00 AM', 'Sunday', '2017-06-26 21:19:35', 2),
('94', '2016-05-23', '06:56 PM', '08:00 AM', 'Monday', '2017-06-26 21:19:49', 2),
('83', '2016-05-23', '10:00 PM', '08:00 AM', 'Monday', '2017-06-26 21:19:52', 2),
('92', '2016-05-23', '10:53 PM', '08:00 AM', 'Monday', '2017-06-26 21:19:57', 2),
('86', '2016-05-23', '06:00 PM', '08:07 AM', 'Monday', '2017-06-26 21:20:05', 2),
('95', '2016-05-24', '08:30 PM', '08:00 AM', 'Tuesday', '2017-06-26 21:20:23', 2),
('88', '2016-05-24', '08:30 PM', '06:00 AM', 'Tuesday', '2017-06-26 21:20:29', 2),
('90', '2016-05-24', '09:40 PM', '07:00 AM', 'Tuesday', '2017-06-26 21:20:35', 2),
('94', '2016-05-24', '05:00 PM', '09:30 AM', 'Tuesday', '2017-06-26 21:20:44', 2),
('83', '2016-05-24', '06:00 PM', '08:00 AM', 'Tuesday', '2017-06-26 21:20:48', 2),
('88', '2016-05-25', '06:11 PM', '06:00 AM', 'Wednesday', '2017-06-26 21:21:01', 2),
('90', '2016-05-25', '06:11 PM', '08:00 AM', 'Wednesday', '2017-06-26 21:21:06', 2),
('92', '2016-05-25', '10:53 PM', '08:00 AM', 'Wednesday', '2017-06-26 21:21:11', 2),
('89', '2016-05-26', '08:17 PM', '05:00 AM', 'Thursday', '2017-06-26 21:21:26', 2),
('93', '2016-05-26', '08:25 PM', '08:00 AM', 'Thursday', '2017-06-26 21:21:30', 2),
('90', '2016-05-26', '08:54 PM', '08:00 AM', 'Thursday', '2017-06-26 21:21:36', 2),
('86', '2016-05-26', '08:00 PM', '08:00 AM', 'Thursday', '2017-06-26 21:21:39', 2),
('91', '2016-05-27', '06:18 PM', '12:00 PM', 'Friday', '2017-06-26 21:21:51', 2),
('92', '2016-05-27', '09:33 PM', '08:00 AM', 'Friday', '2017-06-26 21:21:57', 2),
('93', '2016-05-27', '09:45 PM', '08:00 AM', 'Friday', '2017-06-26 21:22:02', 2),
('90', '2016-05-27', '09:51 PM', '08:00 AM', 'Friday', '2017-06-26 21:22:08', 2),
('96', '2016-05-27', '10:00 PM', '08:00 AM', 'Friday', '2017-06-26 21:22:12', 2),
('88', '2016-05-27', '10:45 PM', '08:00 AM', 'Friday', '2017-06-26 21:22:16', 2),
('91', '2016-05-28', '08:33 PM', '07:00 AM', 'Saturday', '2017-06-26 21:22:26', 2),
('45', '2016-05-28', '08:55 PM', '08:30 AM', 'Saturday', '2017-06-26 21:22:31', 2),
('96', '2016-05-28', '10:14 PM', '08:00 AM', 'Saturday', '2017-06-26 21:22:35', 2),
('86', '2016-05-28', '10:16 PM', '08:00 AM', 'Saturday', '2017-06-26 21:22:41', 2),
('91', '2016-05-29', '10:05 PM', '06:40 AM', 'Sunday', '2017-06-26 21:22:53', 2),
('45', '2016-05-29', '09:30 PM', '08:00 AM', 'Sunday', '2017-06-26 21:22:59', 2),
('90', '2016-05-30', '08:25 PM', '08:00 AM', 'Monday', '2017-06-26 21:23:11', 2),
('92', '2016-05-30', '10:38 PM', '08:00 AM', 'Monday', '2017-06-26 21:23:23', 2),
('86', '2016-05-30', '06:30 PM', '08:00 AM', 'Monday', '2017-06-26 21:23:28', 2),
('88', '2016-05-31', '08:00 PM', '05:30 AM', 'Tuesday', '2017-06-26 21:23:41', 2),
('83', '2016-05-31', '08:30 PM', '08:00 AM', 'Tuesday', '2017-06-26 21:23:45', 2),
('86', '2016-05-31', '10:00 PM', '12:11 PM', 'Tuesday', '2017-06-26 21:23:55', 2),
('88', '2016-06-01', '08:12 PM', '06:00 AM', 'Wednesday', '2017-06-27 10:17:04', 2),
('92', '2016-06-01', '10:29 PM', '08:00 AM', 'Wednesday', '2017-06-27 10:17:20', 2),
('90', '2016-06-01', '06:00 PM', '07:00 AM', 'Wednesday', '2017-06-27 10:17:28', 2),
('89', '2016-06-02', '07:59 PM', '05:00 AM', 'Thursday', '2017-06-28 16:21:09', 2),
('90', '2016-06-02', '08:08 PM', '08:00 AM', 'Thursday', '2017-06-28 16:21:52', 2),
('83', '2016-06-02', '08:30 PM', '08:00 AM', 'Thursday', '2017-06-28 16:22:12', 2),
('86', '2016-06-02', '09:00 PM', '12:09 PM', 'Thursday', '2017-06-28 16:26:19', 2),
('88', '2016-06-03', '07:47 PM', '08:19 AM', 'Friday', '2017-06-28 16:27:03', 2),
('95', '2016-06-03', '08:44 PM', '08:00 AM', 'Friday', '2017-06-28 16:27:17', 2),
('92', '2016-06-03', '09:40 PM', '08:00 AM', 'Friday', '2017-06-28 16:27:39', 2),
('93', '2016-06-03', '09:54 PM', '05:45 AM', 'Friday', '2017-06-28 16:28:05', 2),
('96', '2016-06-03', '10:20 PM', '08:00 AM', 'Friday', '2017-06-28 16:28:29', 2),
('95', '2016-06-04', '09:14 PM', '08:00 AM', 'Saturday', '2017-06-28 16:28:59', 2),
('96', '2016-06-04', '10:16 PM', '08:00 AM', 'Saturday', '2017-06-28 16:29:17', 2),
('83', '2016-06-04', '10:00 PM', '08:00 AM', 'Saturday', '2017-06-28 16:29:35', 2),
('86', '2016-06-04', '08:00 PM', '09:40 AM', 'Saturday', '2017-06-28 16:30:03', 2),
('83', '2016-06-05', '09:00 PM', '08:00 AM', 'Sunday', '2017-06-28 16:30:43', 2),
('86', '2016-06-05', '08:00 PM', '08:00 AM', 'Sunday', '2017-06-28 16:30:59', 2),
('83', '2016-06-06', '07:30 PM', '08:00 AM', 'Monday', '2017-06-28 16:31:30', 2),
('90', '2016-06-06', '10:05 PM', '06:00 AM', 'Monday', '2017-06-28 16:31:49', 2),
('92', '2016-06-06', '10:05 PM', '08:00 AM', 'Monday', '2017-06-28 16:32:05', 2),
('86', '2016-06-06', '10:00 PM', '07:15 AM', 'Monday', '2017-06-28 16:32:33', 2),
('88', '2016-06-07', '06:00 PM', '06:00 AM', 'Tuesday', '2017-06-28 16:33:23', 2),
('86', '2016-06-07', '10:00 PM', '07:18 AM', 'Tuesday', '2017-06-28 16:33:41', 2),
('83', '2016-06-07', '09:00 PM', '08:00 AM', 'Tuesday', '2017-06-28 16:33:53', 2),
('85', '2016-06-07', '08:00 PM', '08:00 AM', 'Tuesday', '2017-06-28 16:34:46', 2),
('90', '2016-06-07', '09:45 PM', '06:00 AM', 'Tuesday', '2017-06-28 16:35:10', 2),
('88', '2016-06-08', '08:57 PM', '06:00 AM', 'Wednesday', '2017-06-28 16:36:12', 2),
('90', '2016-06-08', '06:15 PM', '06:00 AM', 'Wednesday', '2017-06-28 16:36:27', 2),
('92', '2016-06-08', '10:43 PM', '08:00 AM', 'Wednesday', '2017-06-28 16:36:47', 2),
('85', '2016-06-08', '10:05 PM', '08:00 AM', 'Wednesday', '2017-06-28 16:37:04', 2),
('83', '2016-06-08', '08:00 PM', '08:00 AM', 'Wednesday', '2017-06-28 16:37:46', 2),
('86', '2016-06-08', '08:00 PM', '08:00 AM', 'Wednesday', '2017-06-28 16:38:09', 2),
('89', '2016-06-09', '09:20 PM', '05:00 AM', 'Thursday', '2017-06-28 16:39:31', 2),
('90', '2016-06-09', '09:27 PM', '08:00 AM', 'Thursday', '2017-06-28 16:40:21', 2),
('88', '2016-06-10', '07:45 PM', '08:00 AM', 'Friday', '2017-06-28 16:40:55', 2),
('92', '2016-06-10', '08:37 PM', '08:00 AM', 'Friday', '2017-06-28 16:41:11', 2),
('93', '2016-06-10', '09:59 PM', '08:00 AM', 'Friday', '2017-06-28 16:41:34', 2),
('94', '2016-06-10', '09:00 PM', '08:00 AM', 'Friday', '2017-06-28 16:41:46', 2),
('93', '2016-06-11', '08:00 AM', '08:00 AM', 'Saturday', '2017-06-28 16:43:05', 2),
('94', '2016-06-11', '08:00 AM', '08:00 AM', 'Saturday', '2017-06-28 16:43:32', 2),
('96', '2016-06-11', '09:17 PM', '08:00 AM', 'Saturday', '2017-06-28 16:43:56', 2),
('90', '2016-06-11', '09:24 PM', '08:00 AM', 'Saturday', '2017-06-28 16:44:07', 2),
('86', '2016-06-11', '08:30 PM', '06:50 AM', 'Saturday', '2017-06-28 16:44:45', 2),
('94', '2016-06-12', '06:30 PM', '08:00 AM', 'Sunday', '2017-06-28 16:45:11', 2),
('86', '2016-06-12', '09:09 PM', '08:00 AM', 'Sunday', '2017-06-28 16:45:31', 2),
('83', '2016-06-12', '09:30 PM', '08:00 AM', 'Sunday', '2017-06-28 16:45:44', 2),
('90', '2016-06-13', '10:02 PM', '06:00 AM', 'Monday', '2017-06-28 16:46:19', 2),
('83', '2016-06-13', '07:00 PM', '08:00 AM', 'Monday', '2017-06-28 16:46:38', 2),
('85', '2016-06-13', '07:10 PM', '08:00 AM', 'Monday', '2017-06-28 16:47:04', 2),
('86', '2016-06-13', '06:00 PM', '08:00 AM', 'Monday', '2017-06-28 16:48:44', 2),
('88', '2016-06-14', '07:11 PM', '06:00 AM', 'Tuesday', '2017-06-28 16:49:29', 2),
('95', '2016-06-14', '09:30 PM', '08:00 AM', 'Tuesday', '2017-06-28 16:49:40', 2),
('83', '2016-06-14', '06:00 PM', '08:00 AM', 'Tuesday', '2017-06-28 16:49:49', 2),
('85', '2016-06-14', '08:10 PM', '08:00 AM', 'Tuesday', '2017-06-28 16:52:54', 2),
('86', '2016-06-14', '10:00 PM', '08:00 AM', 'Tuesday', '2017-06-28 16:53:07', 2),
('88', '2016-06-15', '09:55 PM', '05:30 AM', 'Wednesday', '2017-06-28 16:53:38', 2),
('90', '2016-06-15', '06:20 PM', '08:00 AM', 'Wednesday', '2017-06-28 16:54:14', 2),
('83', '2016-06-15', '06:00 PM', '08:00 AM', 'Wednesday', '2017-06-28 16:54:28', 2),
('94', '2016-06-15', '06:00 PM', '08:00 AM', 'Wednesday', '2017-06-28 16:54:36', 2),
('89', '2016-06-16', '05:50 PM', '05:00 AM', 'Thursday', '2017-06-28 16:55:08', 2),
('93', '2016-06-16', '09:30 PM', '08:00 AM', 'Thursday', '2017-06-28 16:55:53', 2),
('83', '2016-06-16', '10:45 PM', '08:00 AM', 'Thursday', '2017-06-28 16:56:16', 2),
('86', '2016-06-16', '10:45 PM', '08:00 AM', 'Thursday', '2017-06-28 16:56:32', 2),
('96', '2016-06-17', '09:56 PM', '08:00 AM', 'Friday', '2017-06-28 16:57:03', 2),
('93', '2016-06-17', '10:25 PM', '08:00 AM', 'Friday', '2017-06-28 16:57:18', 2),
('94', '2016-06-17', '10:28 PM', '08:00 AM', 'Friday', '2017-06-28 16:57:30', 2),
('92', '2016-06-17', '10:25 PM', '08:00 AM', 'Friday', '2017-06-28 16:57:52', 2),
('88', '2016-06-17', '10:53 PM', '06:00 AM', 'Friday', '2017-06-28 16:58:14', 2),
('86', '2016-06-17', '10:30 PM', '08:00 AM', 'Friday', '2017-06-28 16:58:27', 2),
('83', '2016-06-17', '10:30 PM', '08:00 AM', 'Friday', '2017-06-28 16:58:43', 2),
('91', '2016-06-18', '07:11 PM', '09:30 AM', 'Saturday', '2017-06-28 16:59:12', 2),
('93', '2016-06-18', '08:11 PM', '08:00 AM', 'Saturday', '2017-06-28 16:59:22', 2),
('95', '2016-06-18', '09:00 PM', '08:00 AM', 'Saturday', '2017-06-28 16:59:33', 2),
('89', '2016-06-18', '10:43 PM', '08:00 AM', 'Saturday', '2017-06-28 16:59:49', 2),
('96', '2016-06-18', '10:25 PM', '08:00 AM', 'Saturday', '2017-06-28 17:00:03', 2),
('90', '2016-06-18', '10:00 PM', '08:00 AM', 'Saturday', '2017-06-28 17:00:16', 2),
('94', '2016-06-19', '08:00 AM', '05:50 AM', 'Sunday', '2017-06-28 17:01:38', 2),
('91', '2016-06-19', '06:00 PM', '08:00 AM', 'Sunday', '2017-06-28 17:01:51', 2),
('83', '2016-06-19', '09:30 PM', '08:00 AM', 'Sunday', '2017-06-28 17:02:04', 2),
('86', '2016-06-19', '08:00 PM', '01:00 PM', 'Sunday', '2017-06-28 17:02:24', 2);
INSERT INTO `duty_attendance` (`unit`, `attendance_date`, `time_in`, `time_out`, `schedule`, `date_created`, `duty_version`) VALUES
('90', '2016-06-20', '08:26 PM', '08:00 AM', 'Monday', '2017-06-28 17:02:49', 2),
('86', '2016-06-20', '06:45 PM', '08:00 AM', 'Monday', '2017-06-28 17:02:59', 2),
('83', '2016-06-20', '07:30 PM', '08:00 AM', 'Monday', '2017-06-28 17:03:10', 2),
('88', '2016-06-21', '06:08 PM', '06:00 AM', 'Tuesday', '2017-06-28 17:03:31', 2),
('83', '2016-06-21', '08:00 PM', '08:00 AM', 'Tuesday', '2017-06-28 17:03:42', 2),
('86', '2016-06-21', '07:00 PM', '08:00 AM', 'Tuesday', '2017-06-28 17:03:52', 2),
('90', '2016-06-22', '06:00 PM', '08:00 AM', 'Wednesday', '2017-06-28 17:04:57', 2),
('88', '2016-06-22', '10:29 PM', '06:00 AM', 'Wednesday', '2017-06-28 17:06:03', 2),
('83', '2016-06-22', '10:00 PM', '08:00 AM', 'Wednesday', '2017-06-28 17:06:13', 2),
('86', '2016-06-22', '08:00 PM', '08:00 AM', 'Wednesday', '2017-06-28 17:06:25', 2),
('86', '2017-05-02', '08:00 AM', '08:00 AM', 'Tuesday', '2017-06-29 19:43:58', 2),
('93', '2016-06-23', '08:11 PM', '08:00 AM', 'Thursday', '2017-07-03 17:20:08', 2),
('95', '2016-06-23', '09:00 PM', '08:00 AM', 'Thursday', '2017-07-03 17:20:19', 2),
('83', '2016-06-23', '08:00 PM', '08:00 AM', 'Thursday', '2017-07-03 17:20:31', 2),
('90', '2016-06-23', '09:25 PM', '08:00 AM', 'Thursday', '2017-07-03 17:20:48', 2),
('86', '2016-06-23', '10:00 PM', '08:00 AM', 'Thursday', '2017-07-03 17:20:58', 2),
('96', '2016-06-24', '08:58 PM', '08:00 AM', 'Friday', '2017-07-03 17:21:34', 2),
('92', '2016-06-24', '09:50 PM', '08:00 AM', 'Friday', '2017-07-03 17:21:48', 2),
('93', '2016-06-24', '09:52 PM', '08:00 AM', 'Friday', '2017-07-03 17:21:58', 2),
('88', '2016-06-24', '09:58 PM', '08:00 AM', 'Friday', '2017-07-03 17:22:06', 2),
('93', '2016-06-25', '08:15 PM', '08:00 AM', 'Saturday', '2017-07-03 17:22:45', 2),
('96', '2016-06-25', '10:03 PM', '08:00 AM', 'Saturday', '2017-07-03 17:22:58', 2),
('89', '2016-06-25', '10:34 PM', '08:00 AM', 'Saturday', '2017-07-03 17:23:17', 2),
('86', '2016-06-25', '10:40 PM', '08:00 AM', 'Saturday', '2017-07-03 17:23:26', 2),
('95', '2016-06-25', '10:30 PM', '08:00 AM', 'Saturday', '2017-07-03 17:23:35', 2),
('83', '2016-06-26', '09:45 PM', '08:00 AM', 'Sunday', '2017-07-03 17:24:27', 2),
('91', '2016-06-26', '11:00 PM', '06:18 AM', 'Sunday', '2017-07-03 17:24:43', 2),
('86', '2016-06-26', '08:30 PM', '08:00 AM', 'Sunday', '2017-07-03 17:24:52', 2),
('90', '2016-06-27', '06:00 PM', '08:00 AM', 'Monday', '2017-07-03 17:25:47', 2),
('93', '2016-06-27', '08:28 PM', '08:00 AM', 'Monday', '2017-07-03 17:25:58', 2),
('94', '2016-06-27', '07:30 PM', '08:00 AM', 'Monday', '2017-07-03 17:26:12', 2),
('92', '2016-06-27', '10:30 PM', '08:00 AM', 'Monday', '2017-07-03 17:26:35', 2),
('85', '2016-06-27', '10:30 PM', '08:00 AM', 'Monday', '2017-07-03 17:26:44', 2),
('83', '2016-06-27', '08:30 PM', '08:00 AM', 'Monday', '2017-07-03 17:26:54', 2),
('86', '2016-06-27', '07:00 PM', '10:00 AM', 'Monday', '2017-07-03 17:27:12', 2),
('88', '2016-06-28', '07:45 PM', '06:00 AM', 'Tuesday', '2017-07-03 17:27:35', 2),
('93', '2016-06-28', '08:34 PM', '08:00 AM', 'Tuesday', '2017-07-03 17:27:46', 2),
('90', '2016-06-28', '09:15 PM', '07:00 AM', 'Tuesday', '2017-07-03 17:28:08', 2),
('94', '2016-06-28', '10:00 PM', '08:00 AM', 'Tuesday', '2017-07-03 17:28:21', 2),
('85', '2016-06-28', '09:00 PM', '08:00 AM', 'Tuesday', '2017-07-03 17:28:30', 2),
('83', '2016-06-28', '06:00 PM', '08:00 AM', 'Tuesday', '2017-07-03 17:28:42', 2),
('86', '2016-06-28', '07:00 PM', '08:18 AM', 'Tuesday', '2017-07-03 17:33:58', 2),
('88', '2016-06-29', '09:21 PM', '06:00 AM', 'Wednesday', '2017-07-03 17:35:48', 2),
('90', '2016-06-29', '05:45 PM', '08:00 AM', 'Wednesday', '2017-07-03 17:35:57', 2),
('92', '2016-06-29', '10:53 PM', '08:00 AM', 'Wednesday', '2017-07-03 17:36:10', 2),
('83', '2016-06-29', '10:50 PM', '08:00 AM', 'Wednesday', '2017-07-03 17:36:27', 2),
('86', '2016-06-29', '08:00 PM', '08:00 AM', 'Wednesday', '2017-07-03 17:36:37', 2),
('89', '2016-06-30', '06:00 PM', '05:00 AM', 'Thursday', '2017-07-03 17:37:13', 2),
('93', '2016-06-30', '07:00 PM', '08:00 AM', 'Thursday', '2017-07-03 17:37:23', 2),
('90', '2016-06-30', '07:25 PM', '08:00 AM', 'Thursday', '2017-07-03 17:37:31', 2),
('83', '2016-06-30', '09:00 PM', '08:00 AM', 'Thursday', '2017-07-03 17:37:44', 2),
('86', '2016-06-30', '08:40 PM', '08:00 AM', 'Thursday', '2017-07-03 17:38:04', 2),
('92', '2016-07-01', '08:45 PM', '08:00 AM', 'Friday', '2017-07-03 17:39:29', 2),
('93', '2016-07-01', '10:56 PM', '08:00 AM', 'Friday', '2017-07-03 17:39:42', 2),
('83', '2016-07-01', '10:56 PM', '08:00 AM', 'Friday', '2017-07-03 17:39:51', 2),
('97', '2016-07-02', '05:37 PM', '08:00 AM', 'Saturday', '2017-07-03 17:40:19', 2),
('91', '2016-07-02', '08:07 PM', '08:00 AM', 'Saturday', '2017-07-03 17:40:32', 2),
('93', '2016-07-02', '08:34 PM', '08:00 AM', 'Saturday', '2017-07-03 17:40:43', 2),
('96', '2016-07-02', '08:47 PM', '08:00 AM', 'Saturday', '2017-07-03 17:41:00', 2),
('83', '2016-07-02', '07:00 PM', '08:00 AM', 'Saturday', '2017-07-03 17:41:10', 2),
('95', '2016-07-02', '09:00 PM', '08:00 AM', 'Saturday', '2017-07-03 17:41:26', 2),
('94', '2016-07-03', '09:00 PM', '07:00 AM', 'Sunday', '2017-07-03 17:42:00', 2),
('83', '2016-07-03', '08:00 AM', '08:00 AM', 'Sunday', '2017-07-03 17:42:13', 2),
('86', '2016-07-03', '09:00 PM', '08:00 AM', 'Sunday', '2017-07-03 17:42:22', 2),
('97', '2016-07-04', '05:20 PM', '08:00 AM', 'Monday', '2017-07-03 17:42:58', 2),
('90', '2016-07-04', '08:19 PM', '06:20 AM', 'Monday', '2017-07-03 17:43:22', 2),
('94', '2016-07-04', '09:08 PM', '08:00 AM', 'Monday', '2017-07-03 17:43:35', 2),
('85', '2016-07-04', '08:55 PM', '08:00 AM', 'Monday', '2017-07-03 17:43:51', 2),
('45', '2016-07-04', '10:30 PM', '08:00 AM', 'Monday', '2017-07-03 17:44:02', 2),
('83', '2016-07-04', '07:30 PM', '08:00 AM', 'Monday', '2017-07-03 17:44:13', 2),
('86', '2016-07-04', '08:00 PM', '08:00 AM', 'Monday', '2017-07-03 17:44:27', 2),
('88', '2016-07-05', '08:00 PM', '08:00 AM', 'Tuesday', '2017-07-03 17:44:56', 2),
('94', '2016-07-05', '08:40 PM', '08:00 AM', 'Tuesday', '2017-07-03 17:45:06', 2),
('95', '2016-07-05', '08:56 PM', '08:00 AM', 'Tuesday', '2017-07-03 17:45:47', 2),
('85', '2016-07-05', '09:00 PM', '08:00 AM', 'Tuesday', '2017-07-03 17:46:02', 2),
('97', '2016-07-06', '05:00 PM', '08:00 AM', 'Wednesday', '2017-07-03 17:46:24', 2),
('88', '2016-07-06', '07:34 PM', '06:00 AM', 'Wednesday', '2017-07-03 17:46:37', 2),
('83', '2016-07-06', '05:00 PM', '08:00 AM', 'Wednesday', '2017-07-03 17:46:47', 2),
('94', '2016-07-06', '06:15 PM', '08:00 AM', 'Wednesday', '2017-07-03 17:46:56', 2),
('90', '2016-07-06', '06:35 PM', '08:00 AM', 'Wednesday', '2017-07-03 17:47:05', 2),
('86', '2016-07-06', '08:30 PM', '08:00 AM', 'Wednesday', '2017-07-03 17:47:13', 2),
('89', '2016-07-07', '08:57 PM', '05:00 AM', 'Thursday', '2017-07-03 17:47:43', 2),
('90', '2016-07-07', '09:27 PM', '06:00 AM', 'Thursday', '2017-07-03 17:47:55', 2),
('86', '2016-07-07', '06:00 PM', '08:00 AM', 'Thursday', '2017-07-03 17:48:07', 2),
('93', '2016-07-07', '10:53 PM', '08:00 AM', 'Thursday', '2017-07-03 17:48:17', 2),
('83', '2016-07-07', '07:00 PM', '08:00 AM', 'Thursday', '2017-07-03 17:48:25', 2),
('92', '2016-07-08', '08:55 PM', '08:00 AM', 'Friday', '2017-07-03 17:48:49', 2),
('88', '2016-07-08', '08:58 PM', '08:00 AM', 'Friday', '2017-07-03 17:48:59', 2),
('96', '2016-07-08', '10:00 PM', '08:00 AM', 'Friday', '2017-07-03 17:49:08', 2),
('93', '2016-07-08', '10:54 PM', '08:00 AM', 'Friday', '2017-07-03 17:49:16', 2),
('94', '2016-07-08', '08:00 AM', '08:00 AM', 'Friday', '2017-07-03 17:49:27', 2),
('83', '2016-07-08', '10:15 PM', '08:00 AM', 'Friday', '2017-07-03 17:49:40', 2),
('91', '2016-07-09', '07:02 PM', '08:00 AM', 'Saturday', '2017-07-03 17:50:45', 2),
('95', '2016-07-09', '07:17 PM', '08:00 AM', 'Saturday', '2017-07-03 17:50:55', 2),
('97', '2016-07-09', '09:00 PM', '08:00 AM', 'Saturday', '2017-07-03 17:51:04', 2),
('96', '2016-07-09', '09:27 PM', '08:00 AM', 'Saturday', '2017-07-03 17:51:16', 2),
('93', '2016-07-09', '09:54 PM', '08:00 AM', 'Saturday', '2017-07-03 17:51:28', 2),
('83', '2016-07-09', '07:20 PM', '08:00 AM', 'Saturday', '2017-07-03 17:51:40', 2),
('86', '2016-07-09', '10:00 PM', '08:00 AM', 'Saturday', '2017-07-03 17:51:49', 2),
('90', '2016-07-10', '09:15 PM', '08:00 AM', 'Sunday', '2017-07-03 17:52:31', 2),
('83', '2016-07-10', '06:00 PM', '08:00 AM', 'Sunday', '2017-07-03 17:52:39', 2),
('86', '2016-07-10', '09:00 PM', '09:15 AM', 'Sunday', '2017-07-03 17:52:51', 2),
('97', '2016-07-11', '06:30 PM', '08:00 AM', 'Monday', '2017-07-03 17:53:11', 2),
('93', '2016-07-11', '07:30 PM', '08:00 AM', 'Monday', '2017-07-03 17:53:36', 2),
('83', '2016-07-11', '10:50 PM', '08:00 AM', 'Monday', '2017-07-03 17:53:48', 2),
('86', '2016-07-11', '08:40 PM', '08:00 AM', 'Monday', '2017-07-03 17:53:57', 2),
('88', '2016-07-12', '08:14 PM', '05:30 AM', 'Tuesday', '2017-07-03 17:54:30', 2),
('93', '2016-07-12', '08:48 PM', '08:00 AM', 'Tuesday', '2017-07-03 17:54:41', 2),
('90', '2016-07-12', '09:35 PM', '05:30 AM', 'Tuesday', '2017-07-03 17:54:57', 2),
('85', '2016-07-12', '09:10 PM', '08:00 AM', 'Tuesday', '2017-07-03 17:55:08', 2),
('94', '2016-07-12', '09:00 PM', '08:00 AM', 'Tuesday', '2017-07-03 17:55:20', 2),
('88', '2016-07-13', '08:36 PM', '08:00 AM', 'Wednesday', '2017-07-03 17:55:47', 2),
('92', '2016-07-13', '10:50 PM', '08:00 AM', 'Wednesday', '2017-07-03 17:55:58', 2),
('83', '2016-07-13', '05:00 PM', '08:00 AM', 'Wednesday', '2017-07-03 17:56:07', 2),
('89', '2016-07-14', '05:57 PM', '05:10 AM', 'Thursday', '2017-07-03 17:56:35', 2),
('93', '2016-07-14', '08:24 PM', '08:00 AM', 'Thursday', '2017-07-03 17:56:46', 2),
('45', '2016-07-14', '08:50 PM', '07:18 AM', 'Thursday', '2017-07-03 17:56:58', 2),
('90', '2016-07-14', '09:40 PM', '08:00 AM', 'Thursday', '2017-07-03 17:57:07', 2),
('86', '2016-07-14', '10:00 PM', '07:41 AM', 'Thursday', '2017-07-03 17:57:21', 2),
('93', '2016-07-15', '09:07 PM', '08:00 AM', 'Friday', '2017-07-03 17:57:43', 2),
('94', '2016-07-15', '08:00 AM', '08:00 AM', 'Friday', '2017-07-03 17:57:53', 2),
('90', '2016-07-15', '10:30 PM', '08:00 AM', 'Friday', '2017-07-03 17:58:05', 2),
('83', '2016-07-15', '06:00 PM', '08:00 AM', 'Friday', '2017-07-03 17:58:15', 2),
('45', '2016-07-16', '08:32 PM', '08:00 AM', 'Saturday', '2017-07-03 17:58:39', 2),
('93', '2016-07-16', '09:46 PM', '08:00 AM', 'Saturday', '2017-07-03 17:58:52', 2),
('90', '2016-07-16', '10:46 PM', '08:00 AM', 'Saturday', '2017-07-03 17:59:02', 2),
('45', '2016-07-17', '08:00 PM', '08:00 AM', 'Sunday', '2017-07-03 17:59:57', 2),
('91', '2016-07-17', '10:34 PM', '06:03 AM', 'Sunday', '2017-07-03 18:00:12', 2),
('85', '2016-07-17', '07:30 PM', '08:00 AM', 'Sunday', '2017-07-03 18:00:24', 2),
('83', '2016-07-17', '05:00 PM', '08:00 AM', 'Sunday', '2017-07-03 18:00:34', 2),
('86', '2016-07-17', '06:00 PM', '08:00 AM', 'Sunday', '2017-07-03 18:00:56', 2),
('90', '2016-07-18', '08:40 PM', '08:00 AM', 'Monday', '2017-07-03 18:01:32', 2),
('97', '2016-07-18', '05:30 PM', '08:00 AM', 'Monday', '2017-07-03 18:01:41', 2),
('93', '2016-07-18', '09:33 PM', '08:00 AM', 'Monday', '2017-07-03 18:01:51', 2),
('45', '2016-07-18', '09:49 PM', '08:00 AM', 'Monday', '2017-07-03 18:02:05', 2),
('92', '2016-07-18', '10:49 PM', '08:00 AM', 'Monday', '2017-07-03 18:09:02', 2),
('85', '2016-07-18', '10:00 PM', '08:00 AM', 'Monday', '2017-07-03 18:10:19', 2),
('83', '2016-07-18', '09:00 PM', '08:00 AM', 'Monday', '2017-07-03 18:10:27', 2),
('86', '2016-07-18', '08:30 PM', '09:30 AM', 'Monday', '2017-07-03 18:10:46', 2),
('95', '2016-07-19', '10:00 PM', '08:00 AM', 'Tuesday', '2017-07-03 18:11:41', 2),
('83', '2016-07-19', '10:55 PM', '08:00 AM', 'Tuesday', '2017-07-03 18:12:01', 2),
('92', '2016-07-19', '09:00 PM', '08:00 AM', 'Tuesday', '2017-07-03 18:12:16', 2),
('90', '2016-07-19', '08:00 PM', '08:00 AM', 'Tuesday', '2017-07-03 18:12:23', 2),
('88', '2016-07-19', '06:30 PM', '05:00 AM', 'Tuesday', '2017-07-03 18:12:37', 2),
('85', '2016-07-19', '07:00 PM', '08:00 AM', 'Tuesday', '2017-07-03 18:12:48', 2),
('86', '2016-07-19', '06:06 PM', '10:46 AM', 'Tuesday', '2017-07-03 18:13:06', 2),
('93', '2016-07-20', '06:42 PM', '08:00 AM', 'Wednesday', '2017-07-03 18:13:45', 2),
('45', '2016-07-20', '08:00 PM', '07:30 AM', 'Wednesday', '2017-07-03 18:13:58', 2),
('88', '2016-07-20', '08:21 PM', '05:00 AM', 'Wednesday', '2017-07-03 18:14:14', 2),
('83', '2016-07-20', '09:00 PM', '08:00 AM', 'Wednesday', '2017-07-03 18:14:24', 2),
('92', '2016-07-20', '10:48 PM', '08:00 AM', 'Wednesday', '2017-07-03 18:14:40', 2),
('85', '2016-07-20', '07:30 PM', '08:00 AM', 'Wednesday', '2017-07-03 18:14:48', 2),
('90', '2016-07-21', '09:00 PM', '08:00 AM', 'Thursday', '2017-07-03 18:15:15', 2),
('93', '2016-07-21', '09:06 PM', '08:00 AM', 'Thursday', '2017-07-03 18:15:22', 2),
('98', '2016-07-21', '07:54 PM', '08:00 AM', 'Thursday', '2017-07-03 18:15:31', 2),
('94', '2016-07-21', '08:00 AM', '08:00 AM', 'Thursday', '2017-07-03 18:16:17', 2),
('89', '2016-07-21', '09:30 PM', '05:00 AM', 'Thursday', '2017-07-03 18:16:32', 2),
('85', '2016-07-21', '09:30 PM', '08:00 AM', 'Thursday', '2017-07-03 18:16:52', 2),
('45', '2016-07-21', '09:30 PM', '06:45 AM', 'Thursday', '2017-07-03 18:17:05', 2),
('83', '2016-07-21', '06:00 PM', '08:00 AM', 'Thursday', '2017-07-03 18:17:14', 2),
('86', '2016-07-21', '09:00 PM', '08:00 AM', 'Thursday', '2017-07-03 18:17:22', 2),
('92', '2016-07-22', '09:05 PM', '08:00 AM', 'Friday', '2017-07-03 18:17:44', 2),
('88', '2016-07-22', '09:14 PM', '09:00 AM', 'Friday', '2017-07-03 18:19:35', 2),
('45', '2016-07-22', '10:52 PM', '07:00 AM', 'Friday', '2017-07-03 18:19:49', 2),
('97', '2016-07-23', '07:50 PM', '08:00 AM', 'Saturday', '2017-07-03 18:20:15', 2),
('98', '2016-07-23', '08:04 PM', '08:00 AM', 'Saturday', '2017-07-03 18:20:24', 2),
('95', '2016-07-23', '08:29 PM', '08:00 AM', 'Saturday', '2017-07-03 18:20:36', 2),
('90', '2016-07-23', '10:13 PM', '08:00 AM', 'Saturday', '2017-07-03 18:20:48', 2),
('89', '2016-07-23', '10:54 PM', '11:28 AM', 'Saturday', '2017-07-03 18:21:09', 2),
('93', '2016-07-23', '09:55 PM', '08:00 AM', 'Saturday', '2017-07-03 18:21:33', 2),
('94', '2016-07-24', '08:00 AM', '08:00 AM', 'Sunday', '2017-07-03 18:22:07', 2),
('91', '2016-07-24', '08:06 PM', '08:00 AM', 'Sunday', '2017-07-03 18:22:19', 2),
('45', '2016-07-24', '09:10 PM', '08:00 AM', 'Sunday', '2017-07-03 18:22:29', 2),
('83', '2016-07-24', '10:00 PM', '08:00 AM', 'Sunday', '2017-07-03 18:22:43', 2),
('93', '2016-07-25', '07:53 PM', '08:00 AM', 'Monday', '2017-07-03 18:23:10', 2),
('97', '2016-07-25', '07:59 PM', '08:00 AM', 'Monday', '2017-07-03 18:23:18', 2),
('45', '2016-07-25', '08:30 PM', '08:00 AM', 'Monday', '2017-07-03 18:23:28', 2),
('94', '2016-07-25', '06:26 PM', '08:00 AM', 'Monday', '2017-07-03 18:23:41', 2),
('90', '2016-07-25', '09:34 PM', '08:00 AM', 'Monday', '2017-07-03 18:23:51', 2),
('92', '2016-07-25', '10:36 PM', '08:00 AM', 'Monday', '2017-07-03 18:24:05', 2),
('83', '2016-07-25', '10:30 PM', '08:00 AM', 'Monday', '2017-07-03 18:24:27', 2),
('94', '2016-07-26', '07:33 PM', '08:00 AM', 'Tuesday', '2017-07-03 18:25:05', 2),
('98', '2016-07-26', '07:54 PM', '05:00 AM', 'Tuesday', '2017-07-03 18:25:17', 2),
('88', '2016-07-26', '08:42 PM', '05:00 AM', 'Tuesday', '2017-07-03 18:25:28', 2),
('85', '2016-07-26', '07:10 PM', '08:00 AM', 'Tuesday', '2017-07-03 18:25:38', 2),
('95', '2016-07-26', '09:33 PM', '08:00 AM', 'Tuesday', '2017-07-03 18:25:46', 2),
('83', '2016-07-26', '10:30 PM', '08:00 AM', 'Tuesday', '2017-07-03 18:25:57', 2),
('97', '2016-07-27', '06:34 PM', '08:00 AM', 'Wednesday', '2017-07-03 18:26:24', 2),
('88', '2016-07-27', '08:35 PM', '05:00 AM', 'Wednesday', '2017-07-03 18:26:34', 2),
('93', '2016-07-27', '06:01 PM', '08:00 AM', 'Wednesday', '2017-07-03 18:26:48', 2),
('94', '2016-07-27', '08:55 PM', '08:00 AM', 'Wednesday', '2017-07-03 18:27:02', 2),
('90', '2016-07-27', '06:35 PM', '08:00 AM', 'Wednesday', '2017-07-03 18:27:11', 2),
('85', '2016-07-27', '10:10 PM', '08:00 AM', 'Wednesday', '2017-07-03 18:27:19', 2),
('45', '2016-07-27', '08:56 PM', '10:25 AM', 'Wednesday', '2017-07-03 18:27:42', 2),
('83', '2016-07-27', '06:30 PM', '08:00 AM', 'Wednesday', '2017-07-03 18:27:50', 2),
('98', '2016-07-28', '06:48 PM', '08:00 AM', 'Thursday', '2017-07-03 18:28:23', 2),
('83', '2016-07-28', '05:30 PM', '08:00 AM', 'Thursday', '2017-07-03 18:29:41', 2),
('94', '2016-07-28', '06:30 PM', '08:00 AM', 'Thursday', '2017-07-03 18:29:57', 2),
('90', '2016-07-28', '07:20 PM', '08:00 AM', 'Thursday', '2017-07-03 18:30:11', 2),
('45', '2016-07-28', '07:10 PM', '09:00 AM', 'Thursday', '2017-07-03 18:33:50', 2),
('88', '2016-07-29', '08:28 PM', '09:00 AM', 'Friday', '2017-07-03 18:34:22', 2),
('92', '2016-07-29', '09:16 PM', '08:00 AM', 'Friday', '2017-07-03 18:34:33', 2),
('45', '2016-07-29', '09:00 PM', '08:00 AM', 'Friday', '2017-07-03 18:34:55', 2),
('83', '2016-07-29', '07:00 PM', '08:00 AM', 'Friday', '2017-07-03 18:35:05', 2),
('93', '2016-07-30', '08:37 PM', '08:00 AM', 'Saturday', '2017-07-03 18:35:27', 2),
('98', '2016-07-30', '09:27 PM', '05:30 AM', 'Saturday', '2017-07-03 18:35:42', 2),
('45', '2016-07-30', '09:15 PM', '08:00 AM', 'Saturday', '2017-07-03 18:35:50', 2),
('89', '2016-07-30', '10:42 PM', '06:48 AM', 'Saturday', '2017-07-03 18:36:11', 2),
('83', '2016-07-30', '10:50 PM', '08:00 AM', 'Saturday', '2017-07-03 18:36:22', 2),
('83', '2016-07-31', '08:45 PM', '08:00 AM', 'Sunday', '2017-07-03 18:36:48', 2),
('94', '2016-08-01', '08:00 PM', '08:00 AM', 'Monday', '2017-07-04 11:04:53', 2),
('90', '2016-08-01', '08:37 PM', '08:00 AM', 'Monday', '2017-07-04 11:05:03', 2),
('85', '2016-08-01', '10:28 PM', '08:00 AM', 'Monday', '2017-07-04 11:05:15', 2),
('97', '2016-08-01', '07:25 PM', '08:00 AM', 'Monday', '2017-07-04 11:05:28', 2),
('83', '2016-08-01', '06:30 PM', '08:00 AM', 'Monday', '2017-07-04 11:05:40', 2),
('98', '2016-08-02', '07:50 PM', '05:00 AM', 'Tuesday', '2017-07-04 11:06:10', 2),
('88', '2016-08-02', '09:03 PM', '05:00 AM', 'Tuesday', '2017-07-04 11:06:22', 2),
('85', '2016-08-02', '09:06 PM', '08:00 AM', 'Tuesday', '2017-07-04 11:06:37', 2),
('90', '2016-08-02', '09:40 PM', '08:00 AM', 'Tuesday', '2017-07-04 11:06:46', 2),
('83', '2016-08-02', '08:30 PM', '08:00 AM', 'Tuesday', '2017-07-04 11:07:01', 2),
('88', '2016-08-03', '08:35 PM', '05:00 AM', 'Wednesday', '2017-07-04 11:07:38', 2),
('97', '2016-08-03', '08:55 PM', '08:00 AM', 'Wednesday', '2017-07-04 11:07:47', 2),
('90', '2016-08-03', '07:00 PM', '08:00 AM', 'Wednesday', '2017-07-04 11:07:57', 2),
('83', '2016-08-03', '08:00 PM', '08:00 AM', 'Wednesday', '2017-07-04 11:08:07', 2),
('85', '2016-08-03', '08:50 PM', '08:00 AM', 'Wednesday', '2017-07-04 11:08:23', 2),
('94', '2016-08-03', '08:00 AM', '08:00 AM', 'Wednesday', '2017-07-04 11:08:33', 2),
('98', '2016-08-04', '08:00 PM', '05:00 AM', 'Thursday', '2017-07-04 11:09:07', 2),
('89', '2016-08-04', '09:51 PM', '05:00 AM', 'Thursday', '2017-07-04 11:09:17', 2),
('85', '2016-08-04', '10:40 PM', '08:00 AM', 'Thursday', '2017-07-04 11:09:26', 2),
('88', '2016-08-05', '08:51 PM', '08:00 AM', 'Friday', '2017-07-04 11:09:57', 2),
('94', '2016-08-05', '08:00 PM', '08:00 AM', 'Friday', '2017-07-04 11:10:09', 2),
('92', '2016-08-05', '10:25 PM', '08:00 AM', 'Friday', '2017-07-04 11:10:27', 2),
('85', '2016-08-05', '10:35 PM', '08:00 AM', 'Friday', '2017-07-04 11:10:41', 2),
('98', '2016-08-06', '08:00 PM', '06:30 AM', 'Saturday', '2017-07-04 11:11:36', 2),
('95', '2016-08-06', '09:00 PM', '08:00 AM', 'Saturday', '2017-07-04 11:11:47', 2),
('97', '2016-08-06', '08:40 PM', '08:00 AM', 'Saturday', '2017-07-04 11:11:56', 2),
('85', '2016-08-06', '10:05 PM', '08:00 AM', 'Saturday', '2017-07-04 11:12:31', 2),
('91', '2016-08-07', '09:30 PM', '06:00 AM', 'Sunday', '2017-07-04 11:13:01', 2),
('83', '2016-08-07', '08:30 PM', '08:00 AM', 'Sunday', '2017-07-04 11:13:10', 2),
('97', '2016-08-08', '08:00 PM', '08:00 AM', 'Monday', '2017-07-04 11:13:35', 2),
('92', '2016-08-08', '10:35 PM', '08:00 AM', 'Monday', '2017-07-04 11:14:37', 2),
('94', '2016-08-08', '08:00 AM', '08:00 AM', 'Monday', '2017-07-04 11:14:48', 2),
('85', '2016-08-08', '09:10 PM', '08:00 AM', 'Monday', '2017-07-04 11:15:00', 2),
('83', '2016-08-08', '10:10 PM', '08:00 AM', 'Monday', '2017-07-04 11:15:13', 2),
('88', '2016-08-09', '08:25 PM', '05:00 AM', 'Tuesday', '2017-07-04 11:15:45', 2),
('83', '2016-08-09', '07:00 PM', '08:00 AM', 'Tuesday', '2017-07-04 11:15:56', 2),
('94', '2016-08-09', '08:00 AM', '08:00 AM', 'Tuesday', '2017-07-04 11:16:30', 2),
('85', '2016-08-09', '10:40 PM', '08:00 AM', 'Tuesday', '2017-07-04 11:16:42', 2),
('88', '2016-08-10', '08:45 PM', '05:00 AM', 'Wednesday', '2017-07-04 11:17:15', 2),
('97', '2016-08-10', '08:50 PM', '08:00 AM', 'Wednesday', '2017-07-04 11:17:25', 2),
('92', '2016-08-10', '10:25 PM', '08:00 AM', 'Wednesday', '2017-07-04 11:17:44', 2),
('83', '2016-08-10', '10:50 PM', '08:00 AM', 'Wednesday', '2017-07-04 11:17:52', 2),
('98', '2016-08-11', '08:20 PM', '05:00 AM', 'Thursday', '2017-07-04 11:19:24', 2),
('89', '2016-08-11', '09:50 PM', '05:00 AM', 'Thursday', '2017-07-04 11:20:45', 2),
('94', '2016-08-11', '08:00 AM', '08:00 AM', 'Thursday', '2017-07-04 11:21:01', 2),
('93', '2016-08-12', '08:42 PM', '08:00 AM', 'Friday', '2017-07-04 11:21:35', 2),
('88', '2016-08-12', '09:05 PM', '09:00 AM', 'Friday', '2017-07-04 11:22:01', 2),
('92', '2016-08-12', '09:05 PM', '08:00 AM', 'Friday', '2017-07-04 11:22:16', 2),
('89', '2016-08-12', '10:19 PM', '06:10 AM', 'Friday', '2017-07-04 11:22:37', 2),
('85', '2016-08-12', '10:25 PM', '08:00 AM', 'Friday', '2017-07-04 11:22:51', 2),
('83', '2016-08-12', '10:50 PM', '08:00 AM', 'Friday', '2017-07-04 11:23:01', 2),
('95', '2016-08-13', '09:41 PM', '08:00 AM', 'Saturday', '2017-07-04 11:24:41', 2),
('98', '2016-08-13', '08:00 PM', '08:00 AM', 'Saturday', '2017-07-04 11:24:51', 2),
('97', '2016-08-13', '08:00 PM', '08:00 AM', 'Saturday', '2017-07-04 11:25:01', 2),
('96', '2016-08-13', '10:31 PM', '08:00 AM', 'Saturday', '2017-07-04 11:25:13', 2),
('94', '2016-08-14', '08:00 AM', '08:00 AM', 'Sunday', '2017-07-04 11:25:41', 2),
('83', '2016-08-14', '09:00 PM', '08:00 AM', 'Sunday', '2017-07-04 11:25:50', 2),
('90', '2016-08-15', '08:13 PM', '08:00 AM', 'Monday', '2017-07-04 11:26:15', 2),
('97', '2016-08-15', '07:00 PM', '08:00 AM', 'Monday', '2017-07-04 11:26:24', 2),
('94', '2016-08-15', '08:00 AM', '08:00 AM', 'Monday', '2017-07-04 11:26:36', 2),
('83', '2016-08-15', '10:00 PM', '08:00 AM', 'Monday', '2017-07-04 11:26:48', 2),
('92', '2016-08-15', '10:00 PM', '08:00 AM', 'Monday', '2017-07-04 11:26:54', 2),
('94', '2016-08-16', '08:04 PM', '08:00 AM', 'Tuesday', '2017-07-04 11:27:48', 2),
('88', '2016-08-16', '08:20 PM', '05:00 AM', 'Tuesday', '2017-07-04 11:28:03', 2),
('85', '2016-08-16', '09:30 PM', '08:00 AM', 'Tuesday', '2017-07-04 11:28:17', 2),
('88', '2016-08-17', '08:53 PM', '05:00 AM', 'Wednesday', '2017-07-04 11:28:40', 2),
('85', '2016-08-17', '09:50 PM', '08:00 AM', 'Wednesday', '2017-07-04 11:28:49', 2),
('92', '2016-08-17', '10:45 PM', '08:00 AM', 'Wednesday', '2017-07-04 11:29:02', 2),
('94', '2016-08-17', '08:00 PM', '08:00 AM', 'Wednesday', '2017-07-04 11:29:13', 2),
('83', '2016-08-17', '10:45 PM', '08:00 AM', 'Wednesday', '2017-07-04 11:29:21', 2),
('98', '2016-08-18', '08:50 PM', '05:00 AM', 'Thursday', '2017-07-04 11:29:58', 2),
('90', '2016-08-18', '08:40 PM', '08:00 AM', 'Thursday', '2017-07-04 11:30:06', 2),
('85', '2016-08-18', '10:58 PM', '08:00 AM', 'Thursday', '2017-07-04 11:30:17', 2),
('93', '2016-08-19', '08:40 PM', '08:00 AM', 'Friday', '2017-07-04 11:30:41', 2),
('88', '2016-08-19', '09:01 PM', '09:00 AM', 'Friday', '2017-07-04 11:30:55', 2),
('92', '2016-08-19', '10:51 PM', '08:00 AM', 'Friday', '2017-07-04 11:31:07', 2),
('94', '2016-08-19', '08:00 PM', '08:00 AM', 'Friday', '2017-07-04 11:31:15', 2),
('85', '2016-08-19', '09:40 PM', '08:00 AM', 'Friday', '2017-07-04 11:31:25', 2),
('98', '2016-08-20', '08:10 PM', '08:00 AM', 'Saturday', '2017-07-04 11:32:25', 2),
('97', '2016-08-20', '08:30 PM', '08:00 AM', 'Saturday', '2017-07-04 11:32:34', 2),
('89', '2016-08-20', '09:56 PM', '09:42 AM', 'Saturday', '2017-07-04 11:32:50', 2),
('83', '2016-08-21', '09:00 PM', '08:00 AM', 'Sunday', '2017-07-04 11:33:14', 2),
('97', '2016-08-22', '08:00 PM', '08:00 AM', 'Monday', '2017-07-04 11:33:36', 2),
('90', '2016-08-22', '08:34 PM', '08:00 AM', 'Monday', '2017-07-04 11:33:43', 2),
('94', '2016-08-22', '08:00 AM', '08:00 AM', 'Monday', '2017-07-04 11:33:59', 2),
('83', '2016-08-22', '11:00 PM', '08:00 AM', 'Monday', '2017-07-04 11:34:10', 2),
('85', '2016-08-22', '10:25 PM', '08:00 AM', 'Monday', '2017-07-04 11:34:22', 2),
('98', '2016-08-23', '07:50 PM', '08:00 AM', 'Tuesday', '2017-07-04 11:34:59', 2),
('88', '2016-08-23', '08:11 PM', '05:00 AM', 'Tuesday', '2017-07-04 11:35:18', 2),
('85', '2016-08-23', '09:10 PM', '08:00 AM', 'Tuesday', '2017-07-04 11:35:26', 2),
('90', '2016-08-23', '09:50 PM', '08:00 AM', 'Tuesday', '2017-07-04 11:35:34', 2),
('83', '2016-08-23', '07:30 PM', '08:00 AM', 'Tuesday', '2017-07-04 11:35:42', 2),
('94', '2016-08-23', '08:00 AM', '08:00 AM', 'Tuesday', '2017-07-04 11:35:50', 2),
('97', '2016-08-24', '05:30 PM', '08:00 AM', 'Wednesday', '2017-07-04 11:36:21', 2),
('90', '2016-08-24', '08:50 PM', '08:00 AM', 'Wednesday', '2017-07-04 11:36:29', 2),
('92', '2016-08-24', '10:51 PM', '08:00 AM', 'Wednesday', '2017-07-04 11:36:40', 2),
('83', '2016-08-24', '09:45 PM', '08:00 AM', 'Wednesday', '2017-07-04 11:36:48', 2),
('83', '2016-08-25', '06:00 PM', '08:00 AM', 'Thursday', '2017-07-04 11:37:17', 2),
('89', '2016-08-25', '08:25 PM', '05:41 AM', 'Thursday', '2017-07-04 11:37:28', 2),
('90', '2016-08-25', '10:47 PM', '08:00 AM', 'Thursday', '2017-07-04 11:37:38', 2),
('88', '2016-08-26', '09:01 PM', '10:00 AM', 'Friday', '2017-07-04 11:38:04', 2),
('92', '2016-08-26', '09:55 PM', '08:00 AM', 'Friday', '2017-07-04 11:38:12', 2),
('85', '2016-08-26', '09:30 PM', '08:00 AM', 'Friday', '2017-07-04 11:38:19', 2),
('83', '2016-08-26', '10:30 PM', '08:00 AM', 'Friday', '2017-07-04 11:38:29', 2),
('98', '2016-08-27', '08:10 PM', '08:00 AM', 'Saturday', '2017-07-04 11:38:51', 2),
('89', '2016-08-27', '09:59 PM', '08:00 AM', 'Saturday', '2017-07-04 11:39:10', 2),
('90', '2016-08-27', '10:49 PM', '08:00 AM', 'Saturday', '2017-07-04 11:39:18', 2),
('83', '2016-08-27', '10:45 PM', '08:00 AM', 'Saturday', '2017-07-04 11:39:26', 2),
('83', '2016-08-28', '09:00 PM', '08:00 AM', 'Sunday', '2017-07-04 11:39:50', 2),
('91', '2016-08-28', '09:54 PM', '08:49 AM', 'Sunday', '2017-07-04 11:40:02', 2),
('94', '2016-08-29', '09:30 PM', '08:00 AM', 'Monday', '2017-07-04 11:40:26', 2),
('83', '2016-08-29', '07:00 PM', '08:00 AM', 'Monday', '2017-07-04 11:40:34', 2),
('88', '2016-08-30', '08:03 PM', '08:00 AM', 'Tuesday', '2017-07-04 11:40:56', 2),
('90', '2016-08-30', '09:00 PM', '05:50 AM', 'Tuesday', '2017-07-04 11:41:17', 2),
('83', '2016-08-30', '09:00 PM', '08:00 AM', 'Tuesday', '2017-07-04 11:41:24', 2),
('97', '2016-08-31', '08:16 PM', '08:00 AM', 'Wednesday', '2017-07-04 11:41:45', 2),
('88', '2016-08-31', '09:44 PM', '05:00 AM', 'Wednesday', '2017-07-04 11:42:16', 2),
('92', '2016-08-31', '10:52 PM', '08:00 AM', 'Wednesday', '2017-07-04 11:42:25', 2),
('83', '2016-08-31', '07:00 PM', '08:00 AM', 'Wednesday', '2017-07-04 11:42:33', 2),
('90', '2016-09-01', '07:30 PM', '08:00 AM', 'Thursday', '2017-07-04 12:02:36', 2),
('89', '2016-09-01', '08:43 PM', '08:00 AM', 'Thursday', '2017-07-04 12:02:43', 2),
('83', '2016-09-01', '07:00 PM', '08:00 AM', 'Thursday', '2017-07-04 12:02:51', 2),
('88', '2016-09-02', '09:34 PM', '09:00 AM', 'Friday', '2017-07-04 12:03:30', 2),
('90', '2016-09-02', '07:00 PM', '08:00 AM', 'Friday', '2017-07-04 12:03:52', 2),
('92', '2016-09-02', '10:16 PM', '08:00 AM', 'Friday', '2017-07-04 12:04:02', 2),
('45', '2016-09-02', '10:25 PM', '08:00 AM', 'Friday', '2017-07-04 12:04:09', 2),
('83', '2016-09-02', '10:30 PM', '08:00 AM', 'Friday', '2017-07-04 12:04:17', 2),
('98', '2016-09-03', '08:20 PM', '08:00 AM', 'Saturday', '2017-07-04 12:04:48', 2),
('89', '2016-09-03', '10:40 PM', '08:00 AM', 'Saturday', '2017-07-04 12:05:03', 2),
('90', '2016-09-03', '10:25 PM', '08:00 AM', 'Saturday', '2017-07-04 12:05:11', 2),
('83', '2016-09-04', '11:45 PM', '08:00 AM', 'Sunday', '2017-07-04 12:05:41', 2),
('94', '2016-09-05', '06:11 PM', '08:00 AM', 'Monday', '2017-07-04 12:06:26', 2),
('97', '2016-09-05', '06:19 PM', '08:00 AM', 'Monday', '2017-07-04 12:06:35', 2),
('83', '2016-09-05', '06:00 PM', '08:00 AM', 'Monday', '2017-07-04 12:06:46', 2),
('90', '2016-09-05', '09:30 PM', '08:00 AM', 'Monday', '2017-07-04 12:06:53', 2),
('92', '2016-09-05', '10:52 PM', '08:00 AM', 'Monday', '2017-07-04 12:07:01', 2),
('88', '2016-09-06', '08:34 PM', '05:00 AM', 'Tuesday', '2017-07-04 12:07:31', 2),
('83', '2016-09-06', '06:30 PM', '08:00 AM', 'Tuesday', '2017-07-04 12:07:38', 2),
('90', '2016-09-06', '07:30 PM', '08:00 AM', 'Tuesday', '2017-07-04 12:07:46', 2),
('94', '2016-09-06', '07:57 PM', '08:00 AM', 'Tuesday', '2017-07-04 12:09:05', 2),
('94', '2016-09-07', '08:00 AM', '08:00 AM', 'Wednesday', '2017-07-04 12:10:03', 2),
('97', '2016-09-07', '07:00 PM', '08:00 AM', 'Wednesday', '2017-07-04 12:10:12', 2),
('88', '2016-09-07', '09:41 PM', '05:00 AM', 'Wednesday', '2017-07-04 12:10:24', 2),
('92', '2016-09-07', '10:54 PM', '08:00 AM', 'Wednesday', '2017-07-04 12:10:33', 2),
('90', '2016-09-07', '08:00 PM', '08:00 AM', 'Wednesday', '2017-07-04 12:10:43', 2),
('83', '2016-09-07', '07:30 PM', '08:00 AM', 'Wednesday', '2017-07-04 12:10:50', 2),
('93', '2016-09-08', '07:47 PM', '08:00 AM', 'Thursday', '2017-07-04 12:11:24', 2),
('98', '2016-09-08', '08:09 PM', '05:00 AM', 'Thursday', '2017-07-04 12:11:44', 2),
('90', '2016-09-08', '09:50 PM', '08:00 AM', 'Thursday', '2017-07-04 12:11:51', 2),
('83', '2016-09-08', '10:00 PM', '08:00 AM', 'Thursday', '2017-07-04 12:12:00', 2),
('92', '2016-09-09', '09:15 PM', '08:00 AM', 'Friday', '2017-07-04 12:12:24', 2),
('93', '2016-09-09', '10:45 PM', '08:00 AM', 'Friday', '2017-07-04 12:12:36', 2),
('98', '2016-09-10', '07:45 PM', '08:00 AM', 'Saturday', '2017-07-04 12:12:58', 2),
('93', '2016-09-10', '09:04 PM', '08:00 AM', 'Saturday', '2017-07-04 12:13:05', 2),
('90', '2016-09-10', '09:05 PM', '08:00 AM', 'Saturday', '2017-07-04 12:13:14', 2),
('97', '2016-09-10', '08:30 PM', '08:00 AM', 'Saturday', '2017-07-04 12:13:22', 2),
('91', '2016-09-11', '08:49 PM', '06:10 AM', 'Sunday', '2017-07-04 12:16:16', 2),
('97', '2016-09-12', '05:00 PM', '08:00 AM', 'Monday', '2017-07-04 12:16:43', 2),
('45', '2016-09-12', '08:30 PM', '08:00 AM', 'Monday', '2017-07-04 12:16:53', 2),
('90', '2016-09-12', '09:17 PM', '08:00 AM', 'Monday', '2017-07-04 12:16:59', 2),
('92', '2016-09-12', '10:54 PM', '08:00 AM', 'Monday', '2017-07-04 12:17:06', 2),
('94', '2016-09-13', '07:03 PM', '08:00 AM', 'Tuesday', '2017-07-04 12:17:37', 2),
('98', '2016-09-13', '08:19 PM', '05:30 AM', 'Tuesday', '2017-07-04 12:17:55', 2),
('88', '2016-09-13', '08:36 PM', '08:00 AM', 'Tuesday', '2017-07-04 12:18:06', 2),
('97', '2016-09-14', '07:34 PM', '08:00 AM', 'Wednesday', '2017-07-04 12:18:28', 2),
('88', '2016-09-14', '09:49 PM', '05:00 AM', 'Wednesday', '2017-07-04 12:18:38', 2),
('94', '2016-09-14', '05:00 PM', '08:00 AM', 'Wednesday', '2017-07-04 12:18:52', 2),
('92', '2016-09-14', '10:50 PM', '08:00 AM', 'Wednesday', '2017-07-04 12:18:59', 2),
('90', '2016-09-14', '08:30 PM', '08:00 AM', 'Wednesday', '2017-07-04 12:19:06', 2),
('98', '2016-09-15', '07:48 PM', '05:30 AM', 'Thursday', '2017-07-04 12:22:13', 2),
('89', '2016-09-15', '09:12 PM', '05:00 AM', 'Thursday', '2017-07-04 12:22:27', 2),
('90', '2016-09-15', '09:50 PM', '08:00 AM', 'Thursday', '2017-07-04 12:22:36', 2),
('94', '2016-09-15', '08:00 AM', '08:00 AM', 'Thursday', '2017-07-04 12:22:44', 2),
('93', '2016-09-16', '06:51 PM', '08:00 AM', 'Friday', '2017-07-04 12:23:20', 2),
('88', '2016-09-16', '09:20 PM', '08:00 AM', 'Friday', '2017-07-04 12:23:26', 2),
('94', '2016-09-16', '08:00 AM', '08:00 AM', 'Friday', '2017-07-04 12:23:35', 2),
('96', '2016-09-16', '09:43 PM', '07:31 AM', 'Friday', '2017-07-04 12:23:47', 2),
('92', '2016-09-16', '10:51 PM', '08:00 AM', 'Friday', '2017-07-04 12:23:57', 2),
('94', '2016-09-17', '08:00 PM', '08:00 AM', 'Saturday', '2017-07-04 12:24:29', 2),
('98', '2016-09-17', '08:22 PM', '10:30 AM', 'Saturday', '2017-07-04 12:24:41', 2),
('89', '2016-09-17', '09:53 PM', '10:12 AM', 'Saturday', '2017-07-04 12:24:59', 2),
('90', '2016-09-17', '08:30 PM', '08:00 AM', 'Saturday', '2017-07-04 12:25:09', 2),
('97', '2016-09-17', '10:28 PM', '10:15 AM', 'Saturday', '2017-07-04 12:25:23', 2),
('93', '2016-09-17', '08:45 PM', '08:00 AM', 'Saturday', '2017-07-04 12:25:34', 2),
('95', '2016-09-17', '09:30 PM', '08:00 AM', 'Saturday', '2017-07-04 12:25:41', 2),
('91', '2016-09-18', '09:42 PM', '07:40 AM', 'Sunday', '2017-07-04 12:27:39', 2),
('97', '2016-09-19', '07:00 PM', '08:00 AM', 'Monday', '2017-07-04 12:28:37', 2),
('90', '2016-09-19', '08:00 PM', '08:00 AM', 'Monday', '2017-07-04 12:28:46', 2),
('94', '2016-09-19', '06:00 PM', '08:00 AM', 'Monday', '2017-07-04 12:28:55', 2),
('92', '2016-09-19', '10:45 PM', '08:00 AM', 'Monday', '2017-07-04 12:29:10', 2),
('94', '2016-09-20', '08:00 AM', '08:00 AM', 'Tuesday', '2017-07-04 12:29:45', 2),
('94', '2016-09-21', '06:15 PM', '08:00 AM', 'Wednesday', '2017-07-04 12:30:05', 2),
('88', '2016-09-21', '08:25 PM', '05:00 AM', 'Wednesday', '2017-07-04 12:30:17', 2),
('92', '2016-09-21', '10:49 PM', '08:00 AM', 'Wednesday', '2017-07-04 12:30:28', 2),
('90', '2016-09-21', '06:00 PM', '08:00 AM', 'Wednesday', '2017-07-04 12:30:38', 2),
('98', '2016-09-22', '08:13 PM', '08:00 AM', 'Thursday', '2017-07-04 12:31:03', 2),
('89', '2016-09-22', '08:40 PM', '05:00 AM', 'Thursday', '2017-07-04 12:31:13', 2),
('90', '2016-09-22', '09:00 PM', '08:00 AM', 'Thursday', '2017-07-04 12:31:19', 2),
('92', '2016-09-23', '09:42 PM', '08:00 AM', 'Friday', '2017-07-04 12:31:41', 2),
('93', '2016-09-23', '10:15 PM', '08:00 AM', 'Friday', '2017-07-04 12:31:48', 2),
('88', '2016-09-23', '10:44 PM', '09:00 AM', 'Friday', '2017-07-04 12:31:58', 2),
('97', '2016-09-24', '07:30 PM', '08:00 AM', 'Saturday', '2017-07-04 12:32:22', 2),
('90', '2016-09-24', '08:51 PM', '08:00 AM', 'Saturday', '2017-07-04 12:32:29', 2),
('92', '2016-09-24', '10:14 PM', '08:00 AM', 'Saturday', '2017-07-04 12:32:36', 2),
('91', '2016-09-25', '07:58 PM', '06:13 AM', 'Sunday', '2017-07-04 12:33:13', 2),
('97', '2016-09-25', '08:20 PM', '08:00 AM', 'Sunday', '2017-07-04 12:33:25', 2),
('97', '2016-09-26', '08:10 PM', '08:00 AM', 'Monday', '2017-07-04 12:33:46', 2),
('90', '2016-09-26', '09:35 PM', '08:00 AM', 'Monday', '2017-07-04 12:33:53', 2),
('94', '2016-09-26', '08:00 AM', '08:00 AM', 'Monday', '2017-07-04 12:34:00', 2),
('94', '2016-09-27', '08:00 AM', '08:00 AM', 'Tuesday', '2017-07-04 12:34:30', 2),
('98', '2016-09-27', '07:49 PM', '08:00 AM', 'Tuesday', '2017-07-04 12:34:36', 2),
('88', '2016-09-27', '08:11 PM', '05:00 AM', 'Tuesday', '2017-07-04 12:34:46', 2),
('90', '2016-09-27', '09:32 PM', '08:00 AM', 'Tuesday', '2017-07-04 12:34:53', 2),
('94', '2016-09-28', '08:00 AM', '08:00 AM', 'Wednesday', '2017-07-04 12:35:21', 2),
('90', '2016-09-28', '07:57 PM', '08:00 AM', 'Wednesday', '2017-07-04 12:35:39', 2),
('88', '2016-09-28', '09:33 PM', '05:00 AM', 'Wednesday', '2017-07-04 12:35:49', 2),
('98', '2016-09-29', '07:38 PM', '05:30 AM', 'Thursday', '2017-07-04 12:36:12', 2),
('90', '2016-09-29', '08:00 PM', '08:00 AM', 'Thursday', '2017-07-04 12:36:20', 2),
('94', '2016-09-29', '08:00 AM', '08:00 AM', 'Thursday', '2017-07-04 12:36:28', 2),
('83', '2016-09-29', '07:00 PM', '08:00 AM', 'Thursday', '2017-07-04 12:36:37', 2),
('88', '2016-09-30', '08:55 PM', '09:00 AM', 'Friday', '2017-07-04 12:37:01', 2),
('83', '2016-10-02', '09:45 PM', '08:00 AM', 'Sunday', '2017-07-04 15:27:54', 2),
('90', '2016-10-03', '09:05 PM', '08:00 AM', 'Monday', '2017-07-04 15:28:21', 2),
('94', '2016-10-03', '08:00 AM', '08:00 AM', 'Monday', '2017-07-04 15:28:38', 2),
('83', '2016-10-03', '10:03 PM', '08:00 AM', 'Monday', '2017-07-04 15:28:49', 2),
('88', '2016-10-04', '07:50 PM', '05:00 AM', 'Tuesday', '2017-07-04 15:29:12', 2),
('94', '2016-10-04', '08:00 AM', '08:00 AM', 'Tuesday', '2017-07-04 15:29:25', 2),
('90', '2016-10-05', '06:45 PM', '08:00 AM', 'Wednesday', '2017-07-04 15:29:42', 2),
('88', '2016-10-05', '09:20 PM', '05:00 AM', 'Wednesday', '2017-07-04 15:29:58', 2),
('97', '2016-10-05', '08:10 PM', '09:30 AM', 'Wednesday', '2017-07-04 15:30:44', 2),
('94', '2016-10-05', '08:00 AM', '08:00 AM', 'Wednesday', '2017-07-04 15:31:04', 2),
('98', '2016-10-06', '08:20 PM', '07:30 AM', 'Thursday', '2017-07-04 15:33:15', 2),
('89', '2016-10-06', '08:40 PM', '05:00 AM', 'Thursday', '2017-07-04 15:33:28', 2),
('90', '2016-10-06', '09:43 PM', '08:00 AM', 'Thursday', '2017-07-04 15:33:48', 2),
('83', '2016-10-06', '07:00 PM', '08:00 AM', 'Thursday', '2017-07-04 15:33:55', 2),
('88', '2016-10-07', '08:53 PM', '09:00 AM', 'Friday', '2017-07-04 15:34:20', 2),
('45', '2016-10-07', '09:07 PM', '07:00 AM', 'Friday', '2017-07-04 15:34:30', 2),
('98', '2016-10-08', '08:00 PM', '08:00 AM', 'Saturday', '2017-07-04 15:34:47', 2),
('97', '2016-10-08', '08:00 PM', '08:00 AM', 'Saturday', '2017-07-04 15:34:53', 2),
('90', '2016-10-08', '08:50 PM', '08:00 AM', 'Saturday', '2017-07-04 15:35:02', 2),
('89', '2016-10-08', '10:51 PM', '08:00 AM', 'Saturday', '2017-07-04 15:35:10', 2),
('95', '2016-10-08', '09:30 PM', '08:00 AM', 'Saturday', '2017-07-04 15:35:18', 2),
('97', '2016-10-09', '07:53 PM', '08:00 AM', 'Sunday', '2017-07-04 15:35:46', 2),
('45', '2016-10-09', '09:50 PM', '10:10 AM', 'Sunday', '2017-07-04 15:35:59', 2),
('83', '2016-10-09', '07:30 PM', '08:00 AM', 'Sunday', '2017-07-04 15:36:58', 2),
('94', '2016-10-10', '06:00 PM', '08:00 AM', 'Monday', '2017-07-04 15:45:35', 2),
('90', '2016-10-10', '09:00 PM', '08:00 AM', 'Monday', '2017-07-04 15:45:43', 2),
('92', '2016-10-10', '10:53 PM', '08:00 AM', 'Monday', '2017-07-04 15:45:54', 2),
('83', '2016-10-10', '06:00 PM', '08:00 AM', 'Monday', '2017-07-04 15:50:54', 2),
('98', '2016-10-11', '07:50 PM', '06:00 AM', 'Tuesday', '2017-07-04 15:52:58', 2),
('88', '2016-10-11', '08:17 PM', '05:00 AM', 'Tuesday', '2017-07-04 15:53:09', 2),
('94', '2016-10-11', '06:00 PM', '08:00 AM', 'Tuesday', '2017-07-04 15:54:16', 2),
('89', '2016-10-11', '10:15 PM', '08:03 AM', 'Tuesday', '2017-07-04 15:56:01', 2),
('97', '2016-10-12', '07:30 PM', '08:00 AM', 'Wednesday', '2017-07-07 13:05:26', 2),
('90', '2016-10-12', '08:51 PM', '08:00 AM', 'Wednesday', '2017-07-07 13:05:38', 2),
('88', '2016-10-12', '09:18 PM', '05:00 AM', 'Wednesday', '2017-07-07 13:05:52', 2),
('95', '2016-10-12', '09:00 PM', '08:00 AM', 'Wednesday', '2017-07-07 13:06:03', 2),
('92', '2016-10-12', '10:42 PM', '08:00 AM', 'Wednesday', '2017-07-07 13:06:14', 2),
('94', '2016-10-12', '06:00 PM', '08:00 AM', 'Wednesday', '2017-07-07 13:06:22', 2),
('90', '2016-10-13', '09:06 PM', '08:00 AM', 'Thursday', '2017-07-07 13:07:14', 2),
('89', '2016-10-13', '09:17 PM', '05:00 AM', 'Thursday', '2017-07-07 13:07:23', 2),
('83', '2016-10-13', '07:00 PM', '08:00 AM', 'Thursday', '2017-07-07 13:07:32', 2),
('88', '2016-10-14', '08:46 PM', '09:00 AM', 'Friday', '2017-07-07 13:07:53', 2),
('92', '2016-10-14', '09:21 PM', '08:00 AM', 'Friday', '2017-07-07 13:08:02', 2),
('89', '2016-10-14', '09:35 PM', '05:27 AM', 'Friday', '2017-07-07 13:08:13', 2),
('97', '2016-10-15', '07:40 PM', '08:00 AM', 'Saturday', '2017-07-07 13:08:37', 2),
('45', '2016-10-15', '09:30 PM', '08:00 AM', 'Saturday', '2017-07-07 13:08:44', 2),
('90', '2016-10-15', '09:00 PM', '08:00 AM', 'Saturday', '2017-07-07 13:08:50', 2),
('83', '2016-10-16', '06:00 PM', '08:00 AM', 'Sunday', '2017-07-07 13:09:54', 2),
('97', '2016-10-16', '06:30 PM', '08:00 AM', 'Sunday', '2017-07-07 13:10:03', 2),
('90', '2016-10-16', '09:00 PM', '08:00 AM', 'Sunday', '2017-07-07 13:10:12', 2),
('86', '2016-10-16', '08:00 PM', '08:00 AM', 'Sunday', '2017-07-07 13:10:20', 2),
('94', '2016-10-17', '06:00 PM', '08:00 AM', 'Monday', '2017-07-07 13:10:37', 2),
('83', '2016-10-17', '06:00 PM', '08:00 AM', 'Monday', '2017-07-07 13:10:44', 2),
('86', '2016-10-17', '10:45 PM', '07:10 AM', 'Monday', '2017-07-07 13:11:10', 2),
('95', '2016-10-18', '08:30 PM', '08:00 AM', 'Tuesday', '2017-07-07 13:11:36', 2),
('88', '2016-10-18', '08:28 PM', '05:30 AM', 'Tuesday', '2017-07-07 13:11:48', 2),
('91', '2016-10-18', '09:54 PM', '06:15 AM', 'Tuesday', '2017-07-07 13:12:01', 2),
('94', '2016-10-18', '06:00 PM', '08:00 AM', 'Tuesday', '2017-07-07 13:12:20', 2),
('90', '2016-10-18', '10:50 PM', '08:00 AM', 'Tuesday', '2017-07-07 13:12:29', 2),
('98', '2016-10-18', '06:50 PM', '08:00 AM', 'Tuesday', '2017-07-07 13:12:38', 2),
('86', '2016-10-18', '10:30 PM', '08:00 AM', 'Tuesday', '2017-07-07 13:12:45', 2),
('97', '2016-10-19', '06:30 PM', '08:00 AM', 'Wednesday', '2017-07-07 13:13:11', 2),
('88', '2016-10-19', '08:35 PM', '05:30 AM', 'Wednesday', '2017-07-07 13:13:22', 2),
('98', '2016-10-19', '08:35 PM', '06:00 AM', 'Wednesday', '2017-07-07 13:13:36', 2),
('90', '2016-10-19', '09:31 PM', '08:00 AM', 'Wednesday', '2017-07-07 13:13:46', 2),
('86', '2016-10-19', '10:50 PM', '07:24 AM', 'Wednesday', '2017-07-07 13:14:01', 2),
('89', '2016-10-20', '09:00 PM', '05:48 AM', 'Thursday', '2017-07-07 13:14:28', 2),
('83', '2016-10-20', '06:00 PM', '08:00 AM', 'Thursday', '2017-07-07 13:14:35', 2),
('88', '2016-10-21', '08:54 PM', '09:00 AM', 'Friday', '2017-07-07 13:14:54', 2),
('95', '2016-10-21', '09:06 PM', '08:00 AM', 'Friday', '2017-07-07 13:15:04', 2),
('92', '2016-10-21', '09:53 PM', '08:00 AM', 'Friday', '2017-07-07 13:15:12', 2),
('93', '2016-10-21', '09:58 PM', '08:00 AM', 'Friday', '2017-07-07 13:15:19', 2),
('98', '2016-10-22', '08:40 PM', '08:00 AM', 'Saturday', '2017-07-07 13:15:49', 2),
('45', '2016-10-22', '10:55 PM', '08:00 AM', 'Saturday', '2017-07-07 13:15:57', 2),
('86', '2016-10-22', '06:50 PM', '08:00 AM', 'Saturday', '2017-07-07 13:16:06', 2),
('83', '2016-10-23', '08:00 PM', '08:00 AM', 'Sunday', '2017-07-07 13:16:45', 2),
('45', '2016-10-23', '10:28 PM', '08:00 AM', 'Sunday', '2017-07-07 13:16:54', 2),
('86', '2016-10-23', '10:55 PM', '08:00 AM', 'Sunday', '2017-07-07 13:17:06', 2),
('97', '2016-10-23', '09:00 PM', '08:00 AM', 'Sunday', '2017-07-07 13:17:13', 2),
('90', '2016-10-24', '09:00 PM', '08:00 AM', 'Monday', '2017-07-07 13:17:45', 2),
('83', '2016-10-24', '07:30 PM', '08:00 AM', 'Monday', '2017-07-07 13:17:50', 2),
('86', '2016-10-24', '10:30 PM', '08:00 AM', 'Monday', '2017-07-07 13:17:57', 2),
('98', '2016-10-25', '08:00 PM', '05:30 AM', 'Tuesday', '2017-07-07 13:18:14', 2),
('88', '2016-10-25', '08:14 PM', '05:30 AM', 'Tuesday', '2017-07-07 13:18:26', 2),
('86', '2016-10-25', '08:30 PM', '07:14 AM', 'Tuesday', '2017-07-07 13:18:37', 2),
('97', '2016-10-26', '07:00 PM', '08:00 AM', 'Wednesday', '2017-07-07 13:18:52', 2),
('90', '2016-10-26', '09:03 PM', '08:00 AM', 'Wednesday', '2017-07-07 13:18:58', 2),
('88', '2016-10-26', '09:40 PM', '05:30 AM', 'Wednesday', '2017-07-07 13:19:07', 2),
('92', '2016-10-26', '10:47 PM', '08:00 AM', 'Wednesday', '2017-07-07 13:20:11', 2),
('86', '2016-10-26', '10:00 PM', '08:00 AM', 'Wednesday', '2017-07-07 13:20:19', 2),
('83', '2016-10-27', '05:30 PM', '08:00 AM', 'Thursday', '2017-07-07 13:20:39', 2),
('97', '2016-10-27', '06:30 PM', '08:00 AM', 'Thursday', '2017-07-07 13:20:45', 2),
('89', '2016-10-27', '09:40 PM', '05:00 AM', 'Thursday', '2017-07-07 13:20:52', 2),
('90', '2016-10-27', '05:30 PM', '08:00 AM', 'Thursday', '2017-07-07 13:20:59', 2),
('88', '2016-10-28', '08:35 PM', '09:00 AM', 'Friday', '2017-07-07 13:21:24', 2),
('92', '2016-10-28', '09:05 PM', '08:00 AM', 'Friday', '2017-07-07 13:21:34', 2),
('86', '2016-10-28', '10:00 PM', '08:00 AM', 'Friday', '2017-07-07 13:21:45', 2),
('97', '2016-10-29', '06:10 PM', '08:00 AM', 'Saturday', '2017-07-07 13:22:15', 2),
('98', '2016-10-29', '08:50 PM', '06:00 AM', 'Saturday', '2017-07-07 13:22:23', 2),
('93', '2016-10-29', '09:22 PM', '08:00 AM', 'Saturday', '2017-07-07 13:22:31', 2),
('95', '2016-10-29', '09:45 PM', '08:00 AM', 'Saturday', '2017-07-07 13:22:42', 2),
('83', '2016-10-29', '07:00 PM', '08:00 AM', 'Saturday', '2017-07-07 13:22:49', 2),
('93', '2016-10-30', '08:00 AM', '08:00 AM', 'Sunday', '2017-07-07 13:23:15', 2),
('96', '2016-10-30', '08:12 PM', '08:00 AM', 'Sunday', '2017-07-07 13:23:38', 2),
('95', '2016-10-30', '09:00 PM', '08:00 AM', 'Sunday', '2017-07-07 13:23:45', 2),
('83', '2016-10-30', '10:00 PM', '08:00 AM', 'Sunday', '2017-07-07 13:23:53', 2),
('86', '2016-10-30', '08:30 PM', '08:00 AM', 'Sunday', '2017-07-07 13:24:00', 2),
('90', '2016-10-31', '09:07 PM', '08:00 AM', 'Monday', '2017-07-07 13:24:33', 2),
('92', '2016-10-31', '10:36 PM', '08:00 AM', 'Monday', '2017-07-07 13:24:44', 2),
('83', '2016-10-31', '09:30 PM', '08:00 AM', 'Monday', '2017-07-07 13:24:51', 2),
('93', '2016-10-31', '08:00 AM', '08:00 AM', 'Monday', '2017-07-07 13:25:01', 2),
('86', '2016-10-31', '08:00 AM', '08:00 AM', 'Monday', '2017-07-07 13:25:09', 2),
('97', '2016-10-31', '08:00 PM', '08:00 AM', 'Monday', '2017-07-07 13:25:17', 2),
('88', '2016-11-01', '08:00 PM', '05:00 AM', 'Tuesday', '2017-07-07 18:26:37', 2),
('83', '2016-11-01', '04:00 PM', '08:00 AM', 'Tuesday', '2017-07-07 18:33:59', 2),
('97', '2016-11-02', '07:30 PM', '08:00 AM', 'Wednesday', '2017-07-07 18:45:32', 2),
('90', '2016-11-02', '08:36 PM', '08:00 AM', 'Wednesday', '2017-07-07 18:45:41', 2),
('88', '2016-11-02', '08:47 PM', '05:00 AM', 'Wednesday', '2017-07-07 18:45:53', 2),
('92', '2016-11-02', '10:42 PM', '08:00 AM', 'Wednesday', '2017-07-07 18:46:02', 2),
('86', '2016-11-02', '09:30 PM', '10:34 AM', 'Wednesday', '2017-07-07 18:47:28', 2),
('98', '2016-11-03', '07:30 PM', '07:43 AM', 'Thursday', '2017-07-07 18:47:57', 2),
('83', '2016-11-03', '06:30 PM', '08:00 AM', 'Thursday', '2017-07-07 18:48:07', 2),
('90', '2016-11-03', '09:35 PM', '08:00 AM', 'Thursday', '2017-07-07 18:48:14', 2),
('88', '2016-11-04', '06:00 PM', '06:00 AM', 'Friday', '2017-07-07 18:48:46', 2),
('93', '2016-11-04', '07:40 PM', '08:00 AM', 'Friday', '2017-07-07 18:48:59', 2),
('95', '2016-11-04', '09:30 PM', '08:00 AM', 'Friday', '2017-07-07 18:49:07', 2),
('97', '2016-11-04', '06:30 PM', '08:00 AM', 'Friday', '2017-07-07 18:49:15', 2),
('91', '2016-11-05', '05:42 PM', '08:00 AM', 'Saturday', '2017-07-07 18:49:59', 2),
('95', '2016-11-05', '09:43 PM', '08:00 AM', 'Saturday', '2017-07-07 18:50:08', 2),
('98', '2016-11-05', '09:00 PM', '08:00 AM', 'Saturday', '2017-07-07 18:50:15', 2),
('83', '2016-11-06', '08:30 PM', '08:00 AM', 'Sunday', '2017-07-07 18:50:42', 2),
('45', '2016-11-06', '09:15 PM', '08:00 AM', 'Sunday', '2017-07-07 18:50:50', 2),
('97', '2016-11-06', '09:30 PM', '08:00 AM', 'Sunday', '2017-07-07 18:50:59', 2),
('86', '2016-11-06', '10:00 PM', '08:00 AM', 'Sunday', '2017-07-07 18:51:07', 2),
('97', '2016-11-07', '07:30 PM', '08:00 AM', 'Monday', '2017-07-07 18:51:33', 2),
('90', '2016-11-07', '08:30 PM', '08:00 AM', 'Monday', '2017-07-07 18:51:40', 2),
('92', '2016-11-07', '10:40 PM', '08:00 AM', 'Monday', '2017-07-07 18:51:52', 2),
('86', '2016-11-07', '06:30 PM', '08:00 AM', 'Monday', '2017-07-07 18:51:58', 2),
('83', '2016-11-07', '10:45 PM', '08:00 AM', 'Monday', '2017-07-07 18:52:06', 2),
('88', '2016-11-08', '08:46 PM', '05:30 AM', 'Tuesday', '2017-07-08 12:04:40', 2),
('86', '2016-11-08', '07:30 PM', '08:48 AM', 'Tuesday', '2017-07-08 13:27:02', 2),
('97', '2016-11-09', '07:30 PM', '08:00 AM', 'Wednesday', '2017-07-08 13:27:27', 2),
('90', '2016-11-09', '08:26 PM', '07:45 AM', 'Wednesday', '2017-07-08 13:27:37', 2),
('88', '2016-11-09', '10:35 PM', '05:00 AM', 'Wednesday', '2017-07-08 13:27:53', 2),
('92', '2016-11-09', '10:45 PM', '08:00 AM', 'Wednesday', '2017-07-08 13:28:06', 2),
('83', '2016-11-09', '10:45 PM', '08:00 AM', 'Wednesday', '2017-07-08 13:28:17', 2),
('89', '2016-11-10', '06:19 PM', '05:40 AM', 'Thursday', '2017-07-08 13:29:48', 2),
('98', '2016-11-10', '08:50 PM', '06:30 AM', 'Thursday', '2017-07-08 13:30:12', 2),
('94', '2016-11-10', '06:00 PM', '08:00 AM', 'Thursday', '2017-07-08 14:55:38', 2),
('83', '2016-11-10', '07:30 PM', '08:00 AM', 'Thursday', '2017-07-08 14:55:49', 2),
('92', '2016-11-10', '10:45 PM', '08:00 AM', 'Thursday', '2017-07-08 14:55:57', 2),
('90', '2016-11-10', '06:00 PM', '07:45 AM', 'Thursday', '2017-07-08 14:56:08', 2),
('86', '2016-11-10', '10:00 PM', '09:45 AM', 'Thursday', '2017-07-08 14:56:21', 2),
('88', '2016-11-11', '07:22 PM', '04:00 AM', 'Friday', '2017-07-08 14:56:55', 2),
('93', '2016-11-11', '09:11 PM', '08:00 AM', 'Friday', '2017-07-08 14:57:04', 2),
('92', '2016-11-11', '10:02 PM', '06:00 AM', 'Friday', '2017-07-08 14:57:56', 2),
('86', '2016-11-11', '10:00 PM', '07:21 AM', 'Friday', '2017-07-08 14:58:08', 2),
('98', '2016-11-12', '08:07 PM', '08:00 AM', 'Saturday', '2017-07-08 14:59:13', 2),
('97', '2016-11-12', '08:15 PM', '08:00 AM', 'Saturday', '2017-07-08 14:59:21', 2),
('95', '2016-11-12', '08:55 PM', '08:00 AM', 'Saturday', '2017-07-08 15:02:26', 2),
('89', '2016-11-12', '08:56 PM', '10:58 AM', 'Saturday', '2017-07-08 15:16:17', 2),
('45', '2016-11-12', '09:35 PM', '08:00 AM', 'Saturday', '2017-07-08 15:16:24', 2),
('93', '2016-11-12', '09:56 PM', '08:00 AM', 'Saturday', '2017-07-08 15:16:31', 2),
('91', '2016-11-13', '08:57 PM', '08:00 AM', 'Sunday', '2017-07-08 15:17:13', 2),
('83', '2016-11-13', '09:30 PM', '08:00 AM', 'Sunday', '2017-07-08 15:17:20', 2),
('94', '2016-11-14', '06:30 PM', '08:00 AM', 'Monday', '2017-07-08 15:17:54', 2),
('90', '2016-11-14', '08:34 PM', '08:00 AM', 'Monday', '2017-07-08 15:18:01', 2),
('97', '2016-11-14', '08:50 PM', '08:00 AM', 'Monday', '2017-07-08 15:19:20', 2),
('92', '2016-11-14', '10:48 PM', '08:00 AM', 'Monday', '2017-07-08 15:19:34', 2),
('83', '2016-11-14', '10:30 PM', '08:00 AM', 'Monday', '2017-07-08 15:19:41', 2),
('88', '2016-11-15', '08:37 PM', '04:00 AM', 'Tuesday', '2017-07-08 15:20:12', 2),
('90', '2016-11-15', '08:45 PM', '08:00 AM', 'Tuesday', '2017-07-08 15:23:00', 2),
('94', '2016-11-15', '08:50 PM', '08:00 AM', 'Tuesday', '2017-07-08 15:23:09', 2),
('88', '2016-11-16', '09:12 PM', '04:00 AM', 'Wednesday', '2017-07-08 15:23:34', 2),
('90', '2016-11-16', '05:00 PM', '08:00 AM', 'Wednesday', '2017-07-08 15:23:43', 2),
('94', '2016-11-16', '08:00 PM', '08:00 AM', 'Wednesday', '2017-07-08 15:23:52', 2),
('97', '2016-11-16', '08:00 PM', '08:00 AM', 'Wednesday', '2017-07-08 15:24:05', 2),
('83', '2016-11-16', '10:45 PM', '08:00 AM', 'Wednesday', '2017-07-08 15:24:35', 2),
('86', '2016-11-16', '09:30 PM', '08:00 AM', 'Wednesday', '2017-07-08 15:24:42', 2),
('92', '2016-11-16', '08:00 PM', '08:00 AM', 'Wednesday', '2017-07-08 15:25:00', 2),
('98', '2016-11-17', '07:49 PM', '05:30 AM', 'Thursday', '2017-07-08 15:26:00', 2),
('83', '2016-11-17', '06:00 PM', '08:00 AM', 'Thursday', '2017-07-08 15:26:08', 2);
INSERT INTO `duty_attendance` (`unit`, `attendance_date`, `time_in`, `time_out`, `schedule`, `date_created`, `duty_version`) VALUES
('88', '2016-11-18', '07:20 PM', '05:00 AM', 'Friday', '2017-07-08 15:26:31', 2),
('92', '2016-11-18', '09:35 PM', '08:00 AM', 'Friday', '2017-07-08 15:26:40', 2),
('96', '2016-11-18', '09:52 PM', '08:00 AM', 'Friday', '2017-07-08 15:26:47', 2),
('93', '2016-11-18', '10:13 PM', '08:00 AM', 'Friday', '2017-07-08 15:26:53', 2),
('98', '2016-11-19', '08:43 PM', '08:00 AM', 'Saturday', '2017-07-08 15:27:14', 2),
('93', '2016-11-19', '10:00 PM', '08:00 AM', 'Saturday', '2017-07-08 15:27:21', 2),
('45', '2016-11-19', '10:15 PM', '12:00 PM', 'Saturday', '2017-07-08 15:27:32', 2),
('89', '2016-11-19', '11:11 PM', '09:55 AM', 'Saturday', '2017-07-08 15:27:42', 2),
('45', '2016-11-20', '10:20 PM', '08:00 AM', 'Sunday', '2017-07-08 15:28:05', 2),
('83', '2016-11-20', '09:50 PM', '08:00 AM', 'Sunday', '2017-07-08 15:28:14', 2),
('97', '2016-11-21', '07:30 PM', '08:00 AM', 'Monday', '2017-07-08 15:28:34', 2),
('90', '2016-11-21', '08:54 PM', '08:00 AM', 'Monday', '2017-07-08 15:28:42', 2),
('45', '2016-11-21', '09:50 PM', '08:00 AM', 'Monday', '2017-07-08 15:28:49', 2),
('92', '2016-11-21', '10:53 PM', '08:00 AM', 'Monday', '2017-07-08 15:28:58', 2),
('83', '2016-11-21', '09:00 PM', '08:00 AM', 'Monday', '2017-07-08 15:29:06', 2),
('88', '2016-11-22', '08:37 PM', '04:00 AM', 'Tuesday', '2017-07-08 15:29:33', 2),
('94', '2016-11-22', '06:00 PM', '08:00 AM', 'Tuesday', '2017-07-08 15:29:41', 2),
('83', '2016-11-22', '10:30 PM', '08:00 AM', 'Tuesday', '2017-07-08 15:29:48', 2),
('90', '2016-11-23', '08:30 PM', '08:00 AM', 'Wednesday', '2017-07-08 15:30:08', 2),
('97', '2016-11-23', '09:30 PM', '08:00 AM', 'Wednesday', '2017-07-08 15:30:15', 2),
('88', '2016-11-23', '09:36 PM', '04:00 AM', 'Wednesday', '2017-07-08 15:30:24', 2),
('92', '2016-11-23', '10:52 PM', '08:00 AM', 'Wednesday', '2017-07-08 15:30:36', 2),
('83', '2016-11-23', '10:50 PM', '08:00 AM', 'Wednesday', '2017-07-08 15:30:42', 2),
('89', '2016-11-24', '08:54 PM', '07:42 AM', 'Thursday', '2017-07-08 15:31:08', 2),
('98', '2016-11-24', '07:54 PM', '10:30 AM', 'Thursday', '2017-07-08 15:31:22', 2),
('83', '2016-11-24', '06:00 PM', '08:00 AM', 'Thursday', '2017-07-08 15:31:31', 2),
('86', '2016-11-24', '10:00 PM', '08:00 AM', 'Thursday', '2017-07-08 15:31:38', 2),
('98', '2016-11-25', '07:51 PM', '08:00 AM', 'Friday', '2017-07-08 18:52:23', 2),
('88', '2016-11-25', '08:47 PM', '05:00 AM', 'Friday', '2017-07-08 18:52:34', 2),
('92', '2016-11-25', '09:44 PM', '08:00 AM', 'Friday', '2017-07-08 18:52:40', 2),
('93', '2016-11-25', '09:21 PM', '08:00 AM', 'Friday', '2017-07-08 18:52:47', 2),
('95', '2016-11-26', '09:05 PM', '08:00 AM', 'Saturday', '2017-07-08 18:53:17', 2),
('45', '2016-11-26', '10:00 PM', '08:00 AM', 'Saturday', '2017-07-08 18:53:23', 2),
('45', '2016-11-27', '10:10 PM', '08:00 AM', 'Sunday', '2017-07-08 18:53:50', 2),
('83', '2016-11-27', '10:30 PM', '08:00 AM', 'Sunday', '2017-07-08 18:53:59', 2),
('86', '2016-11-27', '09:00 PM', '08:00 AM', 'Sunday', '2017-07-08 18:54:06', 2),
('90', '2016-11-28', '09:11 PM', '08:00 AM', 'Monday', '2017-07-08 18:54:40', 2),
('92', '2016-11-28', '10:53 PM', '08:00 AM', 'Monday', '2017-07-08 18:54:48', 2),
('97', '2016-11-28', '07:30 PM', '08:00 AM', 'Monday', '2017-07-08 18:54:56', 2),
('86', '2016-11-28', '07:30 PM', '09:24 AM', 'Monday', '2017-07-08 18:55:07', 2),
('83', '2016-11-28', '08:00 PM', '08:00 AM', 'Monday', '2017-07-08 18:55:15', 2),
('98', '2016-11-29', '08:19 PM', '07:00 AM', 'Tuesday', '2017-07-08 18:55:45', 2),
('97', '2016-11-30', '09:00 PM', '08:00 AM', 'Wednesday', '2017-07-08 18:56:20', 2),
('88', '2016-11-30', '09:47 PM', '04:00 AM', 'Wednesday', '2017-07-08 18:56:29', 2),
('92', '2016-11-30', '10:53 PM', '05:00 AM', 'Wednesday', '2017-07-08 18:56:38', 2),
('83', '2016-11-30', '11:00 PM', '08:00 AM', 'Wednesday', '2017-07-08 18:56:47', 2),
('86', '2016-11-30', '08:00 PM', '08:00 AM', 'Wednesday', '2017-07-08 18:56:54', 2),
('95', '2016-01-01', '09:00 PM', '08:00 AM', 'Friday', '2017-07-08 19:44:08', 2),
('84', '2016-01-01', '10:04 PM', '08:17 AM', 'Friday', '2017-07-08 19:44:29', 2),
('96', '2016-01-01', '10:04 PM', '08:40 AM', 'Friday', '2017-07-08 19:44:40', 2),
('91', '2016-01-01', '10:04 PM', '08:17 AM', 'Friday', '2017-07-08 19:44:57', 2),
('86', '2016-01-01', '10:30 PM', '08:00 AM', 'Friday', '2017-07-08 19:45:07', 2),
('91', '2016-01-02', '09:43 PM', '08:00 AM', 'Saturday', '2017-07-08 19:45:33', 2),
('89', '2016-01-02', '11:00 PM', '07:13 AM', 'Saturday', '2017-07-08 19:45:45', 2),
('84', '2016-01-03', '09:14 PM', '06:21 AM', 'Sunday', '2017-07-08 19:46:10', 2),
('91', '2016-01-03', '09:14 PM', '06:21 AM', 'Sunday', '2017-07-08 19:46:23', 2),
('86', '2016-01-03', '10:30 PM', '07:26 AM', 'Sunday', '2017-07-08 19:46:40', 2),
('83', '2016-01-03', '10:00 PM', '08:00 AM', 'Sunday', '2017-07-08 19:46:47', 2),
('92', '2016-01-04', '10:46 PM', '08:00 AM', 'Monday', '2017-07-08 19:47:10', 2),
('83', '2016-01-04', '08:00 PM', '08:00 AM', 'Monday', '2017-07-08 19:47:20', 2),
('86', '2016-01-04', '07:00 PM', '08:00 AM', 'Monday', '2017-07-08 19:47:26', 2),
('88', '2016-01-05', '08:34 PM', '08:00 AM', 'Tuesday', '2017-07-08 19:47:49', 2),
('86', '2016-01-05', '10:40 PM', '08:37 AM', 'Tuesday', '2017-07-08 19:47:57', 2),
('83', '2016-01-05', '10:40 PM', '08:00 AM', 'Tuesday', '2017-07-08 19:48:05', 2),
('88', '2016-01-06', '08:22 PM', '08:00 AM', 'Wednesday', '2017-07-08 19:48:26', 2),
('92', '2016-01-06', '10:50 PM', '08:00 AM', 'Wednesday', '2017-07-08 19:48:34', 2),
('85', '2016-01-06', '07:10 PM', '08:00 AM', 'Wednesday', '2017-07-08 19:48:40', 2),
('83', '2016-01-06', '08:30 PM', '08:00 AM', 'Wednesday', '2017-07-08 19:48:46', 2),
('89', '2016-01-07', '09:39 PM', '06:08 AM', 'Thursday', '2017-07-08 19:49:14', 2),
('85', '2016-01-07', '05:00 PM', '08:00 AM', 'Thursday', '2017-07-08 19:49:23', 2),
('83', '2016-01-07', '08:30 PM', '08:00 AM', 'Thursday', '2017-07-08 19:49:31', 2),
('86', '2016-01-07', '07:00 PM', '08:00 AM', 'Thursday', '2017-07-08 19:49:48', 2),
('95', '2016-01-08', '08:38 PM', '08:00 AM', 'Friday', '2017-07-08 19:50:23', 2),
('88', '2016-01-08', '09:41 PM', '08:15 AM', 'Friday', '2017-07-08 19:50:33', 2),
('93', '2016-01-08', '10:00 PM', '08:00 AM', 'Friday', '2017-07-08 19:50:40', 2),
('96', '2016-01-08', '10:25 PM', '08:00 AM', 'Friday', '2017-07-08 19:50:48', 2),
('92', '2016-01-08', '10:59 PM', '08:00 AM', 'Friday', '2017-07-08 19:50:56', 2),
('83', '2016-01-08', '09:00 PM', '08:00 AM', 'Friday', '2017-07-08 19:51:03', 2),
('85', '2016-01-08', '09:00 PM', '08:00 AM', 'Friday', '2017-07-08 19:51:09', 2),
('84', '2016-01-09', '03:40 PM', '09:01 AM', 'Saturday', '2017-07-08 19:51:52', 2),
('91', '2016-01-09', '09:00 PM', '09:01 AM', 'Saturday', '2017-07-08 19:52:09', 2),
('96', '2016-01-09', '10:27 PM', '08:00 AM', 'Saturday', '2017-07-08 19:52:19', 2),
('95', '2016-01-09', '09:36 PM', '08:00 AM', 'Saturday', '2017-07-08 19:52:27', 2),
('85', '2016-01-09', '04:30 PM', '08:00 AM', 'Saturday', '2017-07-08 19:52:38', 2),
('86', '2016-01-09', '10:00 PM', '08:00 AM', 'Saturday', '2017-07-08 19:52:45', 2),
('84', '2016-01-10', '10:30 PM', '08:04 AM', 'Sunday', '2017-07-08 19:53:19', 2),
('91', '2016-01-10', '05:00 PM', '10:00 AM', 'Sunday', '2017-07-08 19:53:28', 2),
('90', '2016-01-11', '08:24 PM', '07:00 AM', 'Monday', '2017-07-08 19:53:55', 2),
('92', '2016-01-11', '10:49 PM', '08:00 AM', 'Monday', '2017-07-08 19:54:04', 2),
('86', '2016-01-11', '10:30 PM', '07:45 AM', 'Monday', '2017-07-08 19:54:15', 2),
('83', '2016-01-11', '08:30 PM', '08:00 AM', 'Monday', '2017-07-08 19:54:23', 2),
('88', '2016-01-12', '08:30 PM', '08:00 AM', 'Tuesday', '2017-07-08 19:54:44', 2),
('85', '2016-01-12', '06:00 PM', '08:00 AM', 'Tuesday', '2017-07-08 19:54:57', 2),
('86', '2016-01-13', '09:35 PM', '08:00 AM', 'Wednesday', '2017-07-08 19:55:16', 2),
('88', '2016-01-13', '10:33 PM', '08:00 AM', 'Wednesday', '2017-07-08 19:55:22', 2),
('92', '2016-01-13', '10:33 PM', '08:00 AM', 'Wednesday', '2017-07-08 19:55:31', 2),
('94', '2016-01-13', '10:33 PM', '08:09 AM', 'Wednesday', '2017-07-08 19:55:42', 2),
('83', '2016-01-13', '10:33 PM', '08:00 AM', 'Wednesday', '2017-07-08 19:55:49', 2),
('85', '2016-01-13', '05:00 PM', '08:00 AM', 'Wednesday', '2017-07-08 19:55:56', 2),
('83', '2016-01-14', '09:30 PM', '08:00 AM', 'Thursday', '2017-07-08 19:56:35', 2),
('90', '2016-01-14', '07:30 PM', '07:00 AM', 'Thursday', '2017-07-08 19:56:44', 2),
('94', '2016-01-14', '10:19 PM', '09:00 AM', 'Thursday', '2017-07-08 19:56:58', 2),
('89', '2016-01-14', '10:29 PM', '05:00 AM', 'Thursday', '2017-07-08 19:57:06', 2),
('85', '2016-01-14', '09:10 PM', '08:00 AM', 'Thursday', '2017-07-08 19:57:14', 2),
('86', '2016-01-14', '09:10 PM', '09:45 AM', 'Thursday', '2017-07-08 19:57:25', 2),
('92', '2016-01-15', '10:31 PM', '08:00 AM', 'Friday', '2017-07-08 19:57:48', 2),
('93', '2016-01-15', '10:41 PM', '08:00 AM', 'Friday', '2017-07-08 19:57:54', 2),
('88', '2016-01-15', '10:55 PM', '08:00 AM', 'Friday', '2017-07-08 19:58:00', 2),
('96', '2016-01-15', '10:58 PM', '08:00 AM', 'Friday', '2017-07-08 19:58:08', 2),
('91', '2016-01-16', '08:29 PM', '08:00 AM', 'Saturday', '2017-07-08 19:58:29', 2),
('84', '2016-01-16', '08:29 PM', '08:00 AM', 'Saturday', '2017-07-08 19:58:36', 2),
('95', '2016-01-16', '08:15 PM', '08:00 AM', 'Saturday', '2017-07-08 19:58:43', 2),
('91', '2016-01-17', '08:00 AM', '08:00 AM', 'Sunday', '2017-07-08 19:59:09', 2),
('84', '2016-01-17', '08:00 AM', '08:00 AM', 'Sunday', '2017-07-08 19:59:22', 2),
('95', '2016-01-17', '08:00 AM', '06:00 AM', 'Sunday', '2017-07-08 19:59:35', 2),
('90', '2016-01-18', '08:32 PM', '07:00 AM', 'Monday', '2017-07-08 20:00:14', 2),
('92', '2016-01-18', '10:40 PM', '08:00 AM', 'Monday', '2017-07-08 20:00:21', 2),
('85', '2016-01-18', '06:00 PM', '08:00 AM', 'Monday', '2017-07-08 20:00:27', 2),
('94', '2016-01-18', '10:40 PM', '07:00 AM', 'Monday', '2017-07-08 20:01:21', 2),
('86', '2016-01-18', '05:00 PM', '07:04 AM', 'Monday', '2017-07-08 20:01:37', 2),
('83', '2016-01-18', '06:30 PM', '08:00 AM', 'Monday', '2017-07-08 20:01:44', 2),
('88', '2016-01-19', '07:35 PM', '08:30 AM', 'Tuesday', '2017-07-08 20:02:12', 2),
('90', '2016-01-19', '08:35 PM', '07:00 AM', 'Tuesday', '2017-07-08 20:02:21', 2),
('94', '2016-01-19', '10:12 PM', '08:00 AM', 'Tuesday', '2017-07-08 20:02:35', 2),
('86', '2016-01-19', '10:30 PM', '08:00 AM', 'Tuesday', '2017-07-08 20:02:45', 2),
('83', '2016-01-19', '07:30 PM', '08:00 AM', 'Tuesday', '2017-07-08 20:02:51', 2),
('85', '2016-01-19', '07:30 PM', '08:00 AM', 'Tuesday', '2017-07-08 20:02:58', 2),
('88', '2016-01-20', '09:16 PM', '08:00 AM', 'Wednesday', '2017-07-08 20:03:34', 2),
('94', '2016-01-20', '09:41 PM', '08:00 AM', 'Wednesday', '2017-07-08 20:03:48', 2),
('90', '2016-01-20', '07:30 PM', '08:00 AM', 'Wednesday', '2017-07-08 20:03:55', 2),
('92', '2016-01-20', '10:53 PM', '08:00 AM', 'Wednesday', '2017-07-08 20:04:03', 2),
('83', '2016-01-20', '08:00 PM', '08:00 AM', 'Wednesday', '2017-07-08 20:04:09', 2),
('86', '2016-01-20', '06:00 PM', '08:00 AM', 'Wednesday', '2017-07-08 20:04:28', 2),
('85', '2016-01-20', '06:00 PM', '08:00 AM', 'Wednesday', '2017-07-08 20:04:36', 2),
('90', '2016-01-21', '08:50 PM', '08:00 AM', 'Thursday', '2017-07-08 20:05:05', 2),
('89', '2016-01-21', '10:36 PM', '05:00 AM', 'Thursday', '2017-07-08 20:05:14', 2),
('85', '2016-01-21', '06:30 PM', '08:00 AM', 'Thursday', '2017-07-08 20:05:22', 2),
('86', '2016-01-21', '08:00 PM', '08:00 AM', 'Thursday', '2017-07-08 20:05:29', 2),
('83', '2016-01-21', '08:00 PM', '08:00 AM', 'Thursday', '2017-07-08 20:05:35', 2),
('88', '2016-01-22', '07:51 PM', '08:00 AM', 'Friday', '2017-07-08 20:05:58', 2),
('94', '2016-01-22', '10:21 PM', '08:00 AM', 'Friday', '2017-07-08 20:06:05', 2),
('92', '2016-01-22', '10:23 PM', '08:00 AM', 'Friday', '2017-07-08 20:06:14', 2),
('83', '2016-01-22', '10:30 PM', '08:00 AM', 'Friday', '2017-07-08 20:06:19', 2),
('91', '2016-01-23', '10:39 PM', '08:00 AM', 'Saturday', '2017-07-08 20:06:45', 2),
('85', '2016-01-23', '10:05 PM', '08:00 AM', 'Saturday', '2017-07-08 20:06:56', 2),
('94', '2016-01-23', '09:31 PM', '08:00 AM', 'Saturday', '2017-07-08 20:07:02', 2),
('86', '2016-01-24', '08:29 PM', '08:00 AM', 'Sunday', '2017-07-08 20:07:23', 2),
('45', '2016-01-24', '10:00 PM', '08:00 AM', 'Sunday', '2017-07-08 20:07:30', 2),
('91', '2016-01-24', '10:44 PM', '08:00 AM', 'Sunday', '2017-07-08 20:07:36', 2),
('83', '2016-01-24', '08:30 PM', '08:00 AM', 'Sunday', '2017-07-08 20:07:46', 2),
('94', '2016-01-24', '09:00 PM', '08:00 AM', 'Sunday', '2017-07-08 20:07:58', 2),
('86', '2016-01-25', '08:00 PM', '08:00 AM', 'Monday', '2017-07-08 20:08:24', 2),
('90', '2016-01-25', '09:00 PM', '07:00 AM', 'Monday', '2017-07-08 20:08:32', 2),
('92', '2016-01-25', '10:46 PM', '08:00 AM', 'Monday', '2017-07-08 20:08:42', 2),
('85', '2016-01-25', '06:00 PM', '08:00 AM', 'Monday', '2017-07-08 20:08:48', 2),
('83', '2016-01-25', '08:00 PM', '08:00 AM', 'Monday', '2017-07-08 20:08:55', 2),
('94', '2016-01-25', '06:00 PM', '08:00 AM', 'Monday', '2017-07-08 20:09:04', 2),
('88', '2016-01-26', '08:31 PM', '08:47 AM', 'Tuesday', '2017-07-08 20:09:46', 2),
('86', '2016-01-26', '06:00 PM', '09:09 AM', 'Tuesday', '2017-07-08 20:09:58', 2),
('93', '2016-01-26', '09:48 PM', '08:00 AM', 'Tuesday', '2017-07-08 20:10:37', 2),
('90', '2016-01-26', '10:29 PM', '07:00 AM', 'Tuesday', '2017-07-08 20:10:57', 2),
('83', '2016-01-26', '06:00 PM', '08:00 AM', 'Tuesday', '2017-07-08 20:11:07', 2),
('94', '2016-01-26', '06:00 PM', '08:00 AM', 'Tuesday', '2017-07-08 20:11:16', 2),
('85', '2016-01-26', '08:30 PM', '08:00 AM', 'Tuesday', '2017-07-08 20:11:23', 2),
('85', '2016-01-27', '08:30 PM', '08:00 AM', 'Wednesday', '2017-07-11 18:55:20', 2),
('90', '2016-01-27', '09:12 PM', '07:00 AM', 'Wednesday', '2017-07-11 18:55:32', 2),
('88', '2016-01-27', '09:51 PM', '08:00 AM', 'Wednesday', '2017-07-11 18:55:42', 2),
('83', '2016-01-27', '07:30 PM', '08:00 AM', 'Wednesday', '2017-07-11 18:55:50', 2),
('86', '2016-01-27', '05:30 PM', '11:30 AM', 'Wednesday', '2017-07-11 18:56:07', 2),
('92', '2016-01-27', '10:53 PM', '08:00 AM', 'Wednesday', '2017-07-11 18:56:16', 2),
('90', '2016-01-28', '05:00 PM', '07:00 AM', 'Thursday', '2017-07-11 18:56:48', 2),
('86', '2016-01-28', '10:30 PM', '08:00 AM', 'Thursday', '2017-07-11 18:56:57', 2),
('85', '2016-01-28', '09:00 PM', '08:00 AM', 'Thursday', '2017-07-11 18:57:07', 2),
('83', '2016-01-28', '07:00 PM', '08:00 AM', 'Thursday', '2017-07-11 18:57:15', 2),
('88', '2016-01-29', '10:25 PM', '07:45 AM', 'Friday', '2017-07-11 18:57:41', 2),
('92', '2016-01-29', '10:19 PM', '08:00 AM', 'Friday', '2017-07-11 18:57:51', 2),
('83', '2016-01-29', '11:00 PM', '08:00 AM', 'Friday', '2017-07-11 18:57:57', 2),
('83', '2016-01-30', '08:30 PM', '08:00 AM', 'Saturday', '2017-07-11 18:58:17', 2),
('95', '2016-01-30', '09:00 PM', '08:00 AM', 'Saturday', '2017-07-11 18:58:25', 2),
('89', '2016-01-30', '10:07 PM', '08:00 AM', 'Saturday', '2017-07-11 18:58:32', 2),
('86', '2016-01-30', '08:30 PM', '08:00 AM', 'Saturday', '2017-07-11 18:58:39', 2),
('84', '2016-01-30', '05:30 PM', '10:30 AM', 'Saturday', '2017-07-11 18:58:55', 2),
('45', '2016-01-30', '08:45 PM', '08:30 AM', 'Saturday', '2017-07-11 18:59:07', 2),
('84', '2016-01-31', '06:50 PM', '08:00 AM', 'Sunday', '2017-07-11 18:59:31', 2),
('91', '2016-01-31', '06:50 PM', '08:00 AM', 'Sunday', '2017-07-11 18:59:38', 2),
('45', '2016-01-31', '10:16 PM', '08:00 AM', 'Sunday', '2017-07-11 18:59:46', 2),
('85', '2016-01-31', '10:00 PM', '08:00 AM', 'Sunday', '2017-07-11 18:59:54', 2),
('92', '2016-02-01', '10:23 PM', '08:00 AM', 'Monday', '2017-07-11 19:00:37', 2),
('83', '2016-02-01', '09:45 PM', '08:00 AM', 'Monday', '2017-07-11 19:00:46', 2),
('86', '2016-02-01', '09:45 PM', '08:00 AM', 'Monday', '2017-07-11 19:01:01', 2),
('85', '2016-02-01', '07:50 PM', '08:00 AM', 'Monday', '2017-07-11 19:01:07', 2),
('93', '2016-02-02', '05:48 PM', '08:00 AM', 'Tuesday', '2017-07-11 19:01:35', 2),
('94', '2016-02-02', '07:45 PM', '08:00 AM', 'Tuesday', '2017-07-11 19:01:54', 2),
('88', '2016-02-02', '07:54 PM', '08:29 AM', 'Tuesday', '2017-07-11 19:02:05', 2),
('95', '2016-02-02', '08:57 PM', '08:00 AM', 'Tuesday', '2017-07-11 19:02:17', 2),
('90', '2016-02-02', '09:52 PM', '07:00 AM', 'Tuesday', '2017-07-11 19:02:31', 2),
('83', '2016-02-02', '10:50 PM', '08:00 AM', 'Tuesday', '2017-07-11 19:02:40', 2),
('85', '2016-02-02', '07:30 PM', '08:00 AM', 'Tuesday', '2017-07-11 19:02:47', 2),
('86', '2016-02-02', '08:00 PM', '08:00 AM', 'Tuesday', '2017-07-11 19:02:53', 2),
('88', '2016-02-03', '07:35 PM', '08:00 AM', 'Wednesday', '2017-07-11 19:03:23', 2),
('90', '2016-02-03', '08:35 PM', '07:00 AM', 'Wednesday', '2017-07-11 19:03:31', 2),
('94', '2016-02-03', '08:48 PM', '08:00 AM', 'Wednesday', '2017-07-11 19:03:42', 2),
('92', '2016-02-03', '10:48 PM', '08:00 AM', 'Wednesday', '2017-07-11 19:03:49', 2),
('85', '2016-02-03', '07:30 PM', '08:00 AM', 'Wednesday', '2017-07-11 19:03:57', 2),
('86', '2016-02-03', '08:30 PM', '10:00 AM', 'Wednesday', '2017-07-11 19:04:09', 2),
('83', '2016-02-03', '10:00 PM', '08:00 AM', 'Wednesday', '2017-07-11 19:04:17', 2),
('89', '2016-02-04', '09:42 PM', '08:00 AM', 'Thursday', '2017-07-11 19:04:53', 2),
('90', '2016-02-04', '10:05 PM', '07:04 AM', 'Thursday', '2017-07-11 19:05:13', 2),
('86', '2016-02-04', '10:30 PM', '08:00 AM', 'Thursday', '2017-07-11 19:05:21', 2),
('83', '2016-02-04', '07:00 PM', '08:00 AM', 'Thursday', '2017-07-11 19:05:34', 2),
('85', '2016-02-04', '06:00 PM', '08:00 AM', 'Thursday', '2017-07-11 19:05:46', 2),
('93', '2016-02-05', '10:11 PM', '08:00 AM', 'Friday', '2017-07-11 19:06:22', 2),
('88', '2016-02-05', '10:11 PM', '08:00 AM', 'Friday', '2017-07-11 19:06:30', 2),
('96', '2016-02-05', '10:11 PM', '08:00 AM', 'Friday', '2017-07-11 19:06:39', 2),
('95', '2016-02-05', '10:11 PM', '08:00 AM', 'Friday', '2017-07-11 19:06:47', 2),
('92', '2016-02-05', '10:11 PM', '08:00 AM', 'Friday', '2017-07-11 19:06:55', 2),
('45', '2016-02-05', '10:30 PM', '08:00 AM', 'Friday', '2017-07-11 19:07:02', 2),
('85', '2016-02-05', '10:30 PM', '08:00 AM', 'Friday', '2017-07-11 19:07:12', 2),
('84', '2016-02-06', '05:38 PM', '08:00 AM', 'Saturday', '2017-07-11 19:07:45', 2),
('95', '2016-02-06', '09:56 PM', '08:00 AM', 'Saturday', '2017-07-11 19:08:07', 2),
('89', '2016-02-06', '10:39 PM', '11:21 AM', 'Saturday', '2017-07-11 19:08:21', 2),
('91', '2016-02-06', '10:46 PM', '08:00 AM', 'Saturday', '2017-07-11 19:08:30', 2),
('91', '2016-02-07', '08:57 PM', '08:03 AM', 'Sunday', '2017-07-11 19:08:55', 2),
('84', '2016-02-07', '08:57 PM', '08:03 AM', 'Sunday', '2017-07-11 19:09:09', 2),
('90', '2016-02-08', '08:13 PM', '07:00 AM', 'Monday', '2017-07-11 19:09:28', 2),
('92', '2016-02-08', '09:24 PM', '08:00 AM', 'Monday', '2017-07-11 19:09:37', 2),
('45', '2016-02-08', '08:45 PM', '10:18 AM', 'Monday', '2017-07-11 19:09:49', 2),
('85', '2016-02-08', '10:10 PM', '08:00 AM', 'Monday', '2017-07-11 19:09:59', 2),
('86', '2016-02-08', '10:58 PM', '08:00 AM', 'Monday', '2017-07-11 19:10:08', 2),
('83', '2016-02-08', '10:58 PM', '08:00 AM', 'Monday', '2017-07-11 19:10:24', 2),
('94', '2016-02-09', '07:28 PM', '08:00 AM', 'Tuesday', '2017-07-11 19:10:49', 2),
('88', '2016-02-09', '07:55 PM', '08:00 AM', 'Tuesday', '2017-07-11 19:10:58', 2),
('93', '2016-02-09', '08:30 PM', '08:00 AM', 'Tuesday', '2017-07-11 19:11:55', 2),
('83', '2016-02-09', '10:45 PM', '09:10 AM', 'Tuesday', '2017-07-11 19:12:29', 2),
('85', '2016-02-09', '09:10 PM', '08:00 AM', 'Tuesday', '2017-07-11 19:12:40', 2),
('86', '2016-02-09', '10:45 PM', '08:00 AM', 'Tuesday', '2017-07-11 19:12:48', 2),
('90', '2016-02-10', '07:10 PM', '07:00 AM', 'Wednesday', '2017-07-11 19:13:20', 2),
('88', '2016-02-10', '08:00 PM', '08:00 AM', 'Wednesday', '2017-07-11 19:13:28', 2),
('94', '2016-02-10', '08:43 PM', '07:00 AM', 'Wednesday', '2017-07-11 19:14:22', 2),
('83', '2016-02-10', '07:30 PM', '08:00 AM', 'Wednesday', '2017-07-11 19:14:36', 2),
('85', '2016-02-10', '07:20 PM', '08:00 AM', 'Wednesday', '2017-07-11 19:15:04', 2),
('92', '2016-02-10', '10:35 PM', '08:00 AM', 'Wednesday', '2017-07-11 19:16:14', 2),
('90', '2016-02-11', '09:16 PM', '07:00 AM', 'Thursday', '2017-07-11 19:16:43', 2),
('83', '2016-02-11', '10:45 PM', '08:00 AM', 'Thursday', '2017-07-11 19:16:52', 2),
('86', '2016-02-11', '10:30 PM', '08:00 AM', 'Thursday', '2017-07-11 19:16:58', 2),
('88', '2016-02-12', '07:07 PM', '08:00 AM', 'Friday', '2017-07-11 19:17:22', 2),
('92', '2016-02-12', '08:29 PM', '08:00 AM', 'Friday', '2017-07-11 19:17:33', 2),
('95', '2016-02-12', '08:46 PM', '08:00 AM', 'Friday', '2017-07-11 19:17:43', 2),
('90', '2016-02-12', '09:07 PM', '08:00 AM', 'Friday', '2017-07-11 19:17:52', 2),
('96', '2016-02-12', '09:44 PM', '07:19 AM', 'Friday', '2017-07-11 19:18:05', 2),
('86', '2016-02-12', '09:00 PM', '12:36 AM', 'Friday', '2017-07-11 19:18:25', 2),
('95', '2016-02-13', '08:29 PM', '08:00 AM', 'Saturday', '2017-07-11 19:18:48', 2),
('91', '2016-02-13', '09:32 PM', '08:00 AM', 'Saturday', '2017-07-11 19:18:56', 2),
('96', '2016-02-13', '09:48 PM', '08:00 AM', 'Saturday', '2017-07-11 19:19:06', 2),
('91', '2016-02-14', '05:30 PM', '08:00 AM', 'Sunday', '2017-07-11 19:19:28', 2),
('45', '2016-02-14', '08:30 PM', '08:00 AM', 'Sunday', '2017-07-11 19:19:35', 2),
('86', '2016-02-14', '10:40 PM', '08:00 AM', 'Sunday', '2017-07-11 19:19:51', 2),
('83', '2016-02-14', '10:00 PM', '08:00 AM', 'Sunday', '2017-07-11 19:20:00', 2),
('92', '2016-02-15', '10:45 PM', '08:00 AM', 'Monday', '2017-07-11 19:20:24', 2),
('83', '2016-02-15', '10:40 PM', '08:00 AM', 'Monday', '2017-07-11 19:20:37', 2),
('86', '2016-02-15', '10:00 PM', '08:00 AM', 'Monday', '2017-07-11 19:20:43', 2),
('88', '2016-02-16', '07:15 PM', '08:00 AM', 'Tuesday', '2017-07-11 19:21:05', 2),
('90', '2016-02-16', '09:44 PM', '07:00 AM', 'Tuesday', '2017-07-11 19:21:16', 2),
('93', '2016-02-16', '09:49 PM', '08:00 AM', 'Tuesday', '2017-07-11 19:21:26', 2),
('94', '2016-02-16', '10:10 PM', '08:00 AM', 'Tuesday', '2017-07-11 19:21:37', 2),
('83', '2016-02-16', '10:30 PM', '08:00 AM', 'Tuesday', '2017-07-11 19:21:44', 2),
('86', '2016-02-16', '09:00 PM', '08:00 AM', 'Tuesday', '2017-07-11 19:21:50', 2),
('88', '2016-02-17', '07:23 PM', '08:00 AM', 'Wednesday', '2017-07-11 19:22:16', 2),
('86', '2016-02-17', '07:45 PM', '08:00 AM', 'Wednesday', '2017-07-11 19:22:23', 2),
('90', '2016-02-17', '08:23 PM', '07:00 AM', 'Wednesday', '2017-07-11 19:22:46', 2),
('92', '2016-02-17', '10:54 PM', '08:00 AM', 'Wednesday', '2017-07-11 19:22:53', 2),
('83', '2016-02-17', '07:00 PM', '08:00 AM', 'Wednesday', '2017-07-11 19:22:59', 2),
('90', '2016-02-18', '09:11 PM', '07:00 AM', 'Thursday', '2017-07-11 19:23:21', 2),
('86', '2016-02-18', '10:45 PM', '08:00 AM', 'Thursday', '2017-07-11 19:23:29', 2),
('83', '2016-02-18', '10:45 PM', '08:00 AM', 'Thursday', '2017-07-11 19:23:39', 2),
('93', '2016-02-19', '06:24 PM', '08:00 AM', 'Friday', '2017-07-11 19:24:00', 2),
('88', '2016-02-19', '08:24 PM', '08:00 AM', 'Friday', '2017-07-11 19:24:07', 2),
('90', '2016-02-19', '09:44 PM', '08:00 AM', 'Friday', '2017-07-11 19:24:15', 2),
('92', '2016-02-19', '09:55 PM', '08:00 AM', 'Friday', '2017-07-11 19:24:26', 2),
('96', '2016-02-19', '09:55 PM', '08:00 AM', 'Friday', '2017-07-11 19:24:35', 2),
('95', '2016-02-19', '08:30 PM', '08:00 AM', 'Friday', '2017-07-11 19:24:43', 2),
('83', '2016-02-19', '10:50 PM', '08:00 AM', 'Friday', '2017-07-11 19:24:50', 2),
('91', '2016-02-20', '07:42 PM', '08:00 AM', 'Saturday', '2017-07-11 19:25:15', 2),
('96', '2016-02-20', '09:52 PM', '09:07 AM', 'Saturday', '2017-07-11 19:25:27', 2),
('95', '2016-02-20', '10:00 PM', '08:00 AM', 'Saturday', '2017-07-11 19:25:34', 2),
('93', '2016-02-20', '10:47 PM', '08:00 AM', 'Saturday', '2017-07-11 19:25:42', 2),
('91', '2016-02-21', '09:21 PM', '06:37 AM', 'Sunday', '2017-07-11 19:26:08', 2),
('84', '2016-02-21', '09:52 PM', '06:37 AM', 'Sunday', '2017-07-11 19:26:25', 2),
('45', '2016-02-21', '10:12 PM', '09:30 AM', 'Sunday', '2017-07-11 19:26:35', 2),
('86', '2016-02-21', '07:38 PM', '08:08 AM', 'Sunday', '2017-07-11 19:26:48', 2),
('83', '2016-02-21', '07:30 PM', '08:00 AM', 'Sunday', '2017-07-11 19:26:58', 2),
('92', '2016-02-22', '09:48 PM', '08:00 AM', 'Monday', '2017-07-11 19:27:18', 2),
('90', '2016-02-22', '10:04 PM', '09:00 AM', 'Monday', '2017-07-11 19:27:29', 2),
('94', '2016-02-22', '09:50 PM', '08:00 AM', 'Monday', '2017-07-11 19:27:38', 2),
('83', '2016-02-22', '04:00 PM', '08:00 AM', 'Monday', '2017-07-11 19:27:52', 2),
('88', '2016-02-23', '07:47 PM', '08:00 AM', 'Tuesday', '2017-07-11 19:28:11', 2),
('95', '2016-02-23', '09:00 PM', '08:00 AM', 'Tuesday', '2017-07-11 19:28:19', 2),
('92', '2016-02-23', '10:30 PM', '08:00 AM', 'Tuesday', '2017-07-11 19:28:25', 2),
('85', '2016-02-23', '10:10 PM', '08:00 AM', 'Tuesday', '2017-07-11 19:28:32', 2),
('88', '2016-02-24', '07:58 PM', '08:00 AM', 'Wednesday', '2017-07-11 19:29:19', 2),
('85', '2016-02-24', '08:20 PM', '08:00 AM', 'Wednesday', '2017-07-11 19:29:27', 2),
('92', '2016-02-24', '10:40 PM', '08:00 AM', 'Wednesday', '2017-07-11 19:29:35', 2),
('83', '2016-02-24', '07:00 PM', '08:00 AM', 'Wednesday', '2017-07-11 19:29:42', 2),
('86', '2016-02-24', '08:00 PM', '08:00 AM', 'Wednesday', '2017-07-11 19:29:50', 2),
('95', '2016-02-25', '07:15 PM', '08:00 AM', 'Thursday', '2017-07-11 19:33:41', 2),
('93', '2016-02-25', '07:09 PM', '08:00 AM', 'Thursday', '2017-07-11 19:34:28', 2),
('85', '2016-02-25', '06:00 PM', '08:00 AM', 'Thursday', '2017-07-11 19:34:37', 2),
('83', '2016-02-25', '10:30 PM', '08:00 AM', 'Thursday', '2017-07-11 19:34:46', 2),
('86', '2016-02-25', '08:00 AM', '12:00 PM', 'Thursday', '2017-07-11 19:35:01', 2),
('92', '2016-02-25', '10:30 PM', '08:00 AM', 'Thursday', '2017-07-11 19:35:14', 2),
('88', '2016-02-26', '07:16 PM', '08:00 AM', 'Friday', '2017-07-11 19:35:39', 2),
('93', '2016-02-26', '08:07 PM', '08:00 AM', 'Friday', '2017-07-11 19:35:47', 2),
('96', '2016-02-26', '09:56 PM', '04:00 AM', 'Friday', '2017-07-11 19:36:02', 2),
('85', '2016-02-26', '06:00 PM', '08:00 AM', 'Friday', '2017-07-11 19:36:08', 2),
('91', '2016-02-27', '08:03 PM', '08:00 AM', 'Saturday', '2017-07-11 19:36:38', 2),
('95', '2016-02-27', '08:33 PM', '08:00 AM', 'Saturday', '2017-07-11 19:36:52', 2),
('84', '2016-02-27', '09:30 PM', '07:30 AM', 'Saturday', '2017-07-11 19:37:02', 2),
('83', '2016-02-27', '10:30 PM', '08:00 AM', 'Saturday', '2017-07-11 19:37:11', 2),
('94', '2016-02-28', '06:54 PM', '08:00 AM', 'Sunday', '2017-07-11 19:38:06', 2),
('90', '2016-02-28', '08:39 PM', '07:00 AM', 'Sunday', '2017-07-11 19:38:15', 2),
('45', '2016-02-28', '08:50 PM', '08:00 AM', 'Sunday', '2017-07-11 19:38:25', 2),
('83', '2016-02-28', '07:00 PM', '08:00 AM', 'Sunday', '2017-07-11 19:38:33', 2),
('84', '2016-02-28', '09:40 PM', '08:02 AM', 'Sunday', '2017-07-11 19:38:45', 2),
('91', '2016-02-28', '09:40 PM', '08:02 AM', 'Sunday', '2017-07-11 19:38:59', 2),
('86', '2016-02-28', '07:00 PM', '08:00 AM', 'Sunday', '2017-07-11 19:39:08', 2),
('85', '2016-02-28', '07:00 PM', '08:00 AM', 'Sunday', '2017-07-11 19:39:15', 2),
('86', '2016-02-29', '06:00 PM', '08:00 AM', 'Monday', '2017-07-11 19:39:46', 2),
('90', '2016-02-29', '08:30 PM', '07:00 AM', 'Monday', '2017-07-11 19:39:54', 2),
('92', '2016-02-29', '10:50 PM', '08:00 AM', 'Monday', '2017-07-11 19:40:01', 2),
('83', '2016-02-29', '06:00 PM', '08:00 AM', 'Monday', '2017-07-11 19:40:09', 2),
('85', '2016-02-29', '06:00 PM', '08:00 AM', 'Monday', '2017-07-11 19:40:18', 2),
('88', '2016-03-01', '07:43 PM', '08:00 AM', 'Tuesday', '2017-07-11 19:40:54', 2),
('90', '2016-03-01', '08:37 PM', '08:00 AM', 'Tuesday', '2017-07-11 19:41:02', 2),
('95', '2016-03-01', '08:38 PM', '08:00 AM', 'Tuesday', '2017-07-11 19:41:13', 2),
('93', '2016-03-01', '10:39 PM', '08:00 AM', 'Tuesday', '2017-07-11 19:41:23', 2),
('86', '2016-03-01', '05:30 PM', '08:00 AM', 'Tuesday', '2017-07-11 19:41:38', 2),
('83', '2016-03-01', '09:30 PM', '08:00 AM', 'Tuesday', '2017-07-11 19:41:47', 2),
('85', '2016-03-01', '07:30 PM', '08:00 AM', 'Tuesday', '2017-07-11 19:41:55', 2),
('90', '2016-03-02', '07:55 PM', '07:00 AM', 'Wednesday', '2017-07-11 19:42:29', 2),
('88', '2016-03-02', '08:12 PM', '08:00 AM', 'Wednesday', '2017-07-11 19:42:35', 2),
('92', '2016-03-02', '09:55 PM', '08:00 AM', 'Wednesday', '2017-07-11 19:42:43', 2),
('85', '2016-03-02', '08:00 PM', '08:00 AM', 'Wednesday', '2017-07-11 19:42:51', 2),
('83', '2016-03-02', '07:30 PM', '08:00 AM', 'Wednesday', '2017-07-11 19:42:58', 2),
('86', '2016-03-02', '10:45 PM', '08:00 AM', 'Wednesday', '2017-07-11 19:43:05', 2),
('90', '2016-03-03', '09:53 PM', '07:00 AM', 'Thursday', '2017-07-11 19:43:28', 2),
('86', '2016-03-03', '09:00 PM', '08:00 AM', 'Thursday', '2017-07-11 19:43:36', 2),
('85', '2016-03-03', '08:00 PM', '08:00 AM', 'Thursday', '2017-07-11 19:43:42', 2),
('88', '2016-03-04', '07:42 PM', '08:00 AM', 'Friday', '2017-07-11 19:44:02', 2),
('94', '2016-03-04', '08:49 PM', '08:00 AM', 'Friday', '2017-07-11 19:44:10', 2),
('90', '2016-03-04', '09:51 PM', '08:00 AM', 'Friday', '2017-07-11 19:44:22', 2),
('96', '2016-03-04', '10:00 PM', '08:00 AM', 'Friday', '2017-07-11 19:44:30', 2),
('92', '2016-03-04', '10:48 PM', '08:00 AM', 'Friday', '2017-07-11 19:44:38', 2),
('83', '2016-03-04', '09:00 PM', '08:00 AM', 'Friday', '2017-07-11 19:44:44', 2),
('91', '2016-03-05', '07:50 PM', '10:00 AM', 'Saturday', '2017-07-11 19:45:10', 2),
('90', '2016-03-05', '09:20 PM', '08:00 AM', 'Saturday', '2017-07-11 19:45:18', 2),
('84', '2016-03-05', '05:30 PM', '10:00 AM', 'Saturday', '2017-07-11 19:45:33', 2),
('84', '2016-03-06', '09:13 PM', '08:00 AM', 'Sunday', '2017-07-11 19:47:21', 2),
('90', '2016-03-06', '09:17 PM', '07:00 AM', 'Sunday', '2017-07-11 19:47:33', 2),
('45', '2016-03-06', '10:15 PM', '08:00 AM', 'Sunday', '2017-07-11 19:47:47', 2),
('91', '2016-03-06', '09:13 PM', '08:00 AM', 'Sunday', '2017-07-11 19:47:55', 2),
('83', '2016-03-06', '08:00 PM', '08:00 AM', 'Sunday', '2017-07-11 19:48:06', 2),
('85', '2016-03-06', '06:00 PM', '08:00 AM', 'Sunday', '2017-07-11 19:48:13', 2),
('83', '2016-03-07', '07:00 PM', '08:00 AM', 'Monday', '2017-07-11 19:48:40', 2),
('85', '2016-03-07', '08:30 PM', '08:00 AM', 'Monday', '2017-07-11 19:48:48', 2),
('92', '2016-03-07', '10:34 PM', '08:00 AM', 'Monday', '2017-07-11 19:48:55', 2),
('88', '2016-03-08', '10:09 PM', '08:00 AM', 'Tuesday', '2017-07-11 19:49:18', 2),
('83', '2016-03-08', '10:45 PM', '08:00 AM', 'Tuesday', '2017-07-11 19:49:28', 2),
('85', '2016-03-08', '10:09 PM', '08:00 AM', 'Tuesday', '2017-07-11 19:49:40', 2),
('94', '2016-03-08', '10:09 PM', '08:00 AM', 'Tuesday', '2017-07-11 19:49:51', 2),
('86', '2016-03-08', '10:48 PM', '08:00 AM', 'Tuesday', '2017-07-11 19:50:08', 2),
('94', '2016-03-09', '08:20 PM', '08:00 AM', 'Wednesday', '2017-07-11 19:50:33', 2),
('88', '2016-03-09', '08:48 PM', '08:00 AM', 'Wednesday', '2017-07-11 19:50:40', 2),
('90', '2016-03-09', '09:45 PM', '06:00 AM', 'Wednesday', '2017-07-11 19:50:52', 2),
('92', '2016-03-09', '10:45 PM', '08:00 AM', 'Wednesday', '2017-07-11 19:51:01', 2),
('85', '2016-03-09', '07:30 PM', '09:00 AM', 'Wednesday', '2017-07-11 19:51:10', 2),
('83', '2016-03-09', '07:00 PM', '08:00 AM', 'Wednesday', '2017-07-11 19:51:43', 2),
('86', '2016-03-09', '10:30 PM', '08:00 AM', 'Wednesday', '2017-07-11 19:51:54', 2),
('83', '2016-03-10', '06:30 PM', '08:00 AM', 'Thursday', '2017-07-11 19:52:19', 2),
('90', '2016-03-10', '09:45 PM', '05:50 AM', 'Thursday', '2017-07-11 19:52:30', 2),
('94', '2016-03-10', '07:00 PM', '08:00 AM', 'Thursday', '2017-07-11 19:52:39', 2),
('86', '2016-03-10', '06:30 PM', '09:02 AM', 'Thursday', '2017-07-11 19:52:59', 2),
('85', '2016-03-10', '07:30 PM', '08:00 AM', 'Thursday', '2017-07-11 19:53:06', 2),
('88', '2016-03-11', '07:30 PM', '08:00 AM', 'Friday', '2017-07-11 19:53:37', 2),
('92', '2016-03-11', '08:00 PM', '08:00 AM', 'Friday', '2017-07-11 19:53:50', 2),
('96', '2016-03-11', '08:24 PM', '08:00 AM', 'Friday', '2017-07-11 19:54:00', 2),
('93', '2016-03-11', '08:30 PM', '08:00 AM', 'Friday', '2017-07-11 19:54:09', 2),
('83', '2016-03-11', '10:00 PM', '08:00 AM', 'Friday', '2017-07-11 19:54:17', 2),
('85', '2016-03-11', '10:00 PM', '08:00 AM', 'Friday', '2017-07-11 19:54:24', 2),
('91', '2016-03-12', '07:50 PM', '08:00 AM', 'Saturday', '2017-07-11 19:54:51', 2),
('84', '2016-03-12', '06:30 PM', '10:17 AM', 'Saturday', '2017-07-11 19:55:03', 2),
('84', '2016-03-13', '10:10 PM', '06:22 AM', 'Sunday', '2017-07-11 19:55:27', 2),
('91', '2016-03-13', '10:10 PM', '06:22 AM', 'Sunday', '2017-07-11 19:55:37', 2),
('83', '2016-03-13', '09:45 PM', '08:00 AM', 'Sunday', '2017-07-11 19:55:47', 2),
('45', '2016-03-13', '08:40 PM', '07:42 AM', 'Sunday', '2017-07-11 19:56:03', 2),
('85', '2016-03-13', '06:00 PM', '08:00 AM', 'Sunday', '2017-07-11 19:56:11', 2),
('86', '2016-03-13', '09:45 PM', '12:17 AM', 'Sunday', '2017-07-11 19:56:25', 2),
('92', '2016-03-14', '10:32 PM', '08:00 AM', 'Monday', '2017-07-11 19:56:45', 2),
('90', '2016-03-14', '08:30 PM', '06:00 AM', 'Monday', '2017-07-11 19:56:54', 2),
('83', '2016-03-14', '07:30 PM', '08:00 AM', 'Monday', '2017-07-11 19:57:04', 2),
('94', '2016-03-14', '06:30 PM', '08:00 AM', 'Monday', '2017-07-11 19:57:17', 2),
('86', '2016-03-14', '07:00 PM', '08:00 AM', 'Monday', '2017-07-11 19:57:24', 2),
('85', '2016-03-14', '07:30 PM', '08:00 AM', 'Monday', '2017-07-11 19:57:30', 2),
('94', '2016-03-15', '07:18 PM', '08:00 AM', 'Tuesday', '2017-07-11 19:57:55', 2),
('88', '2016-03-15', '07:20 PM', '08:30 AM', 'Tuesday', '2017-07-11 19:58:07', 2),
('95', '2016-03-15', '08:39 PM', '08:00 AM', 'Tuesday', '2017-07-11 19:58:21', 2),
('86', '2016-03-15', '08:30 PM', '08:00 AM', 'Tuesday', '2017-07-11 19:58:27', 2),
('83', '2016-03-15', '10:45 PM', '08:00 AM', 'Tuesday', '2017-07-11 19:58:35', 2),
('85', '2016-03-15', '08:00 PM', '08:00 AM', 'Tuesday', '2017-07-11 19:58:41', 2),
('88', '2016-03-16', '07:24 PM', '08:00 AM', 'Wednesday', '2017-07-11 19:59:06', 2),
('90', '2016-03-16', '07:56 PM', '06:00 AM', 'Wednesday', '2017-07-11 19:59:15', 2),
('92', '2016-03-16', '10:50 PM', '08:00 AM', 'Wednesday', '2017-07-11 19:59:24', 2),
('86', '2016-03-16', '10:40 PM', '09:22 AM', 'Wednesday', '2017-07-11 19:59:34', 2),
('83', '2016-03-16', '07:00 PM', '08:00 AM', 'Wednesday', '2017-07-11 19:59:51', 2),
('85', '2016-03-16', '08:30 PM', '08:00 AM', 'Wednesday', '2017-07-11 19:59:57', 2),
('83', '2016-03-17', '08:00 PM', '08:00 AM', 'Thursday', '2017-07-11 20:00:25', 2),
('89', '2016-03-17', '09:13 PM', '05:00 AM', 'Thursday', '2017-07-11 20:01:00', 2),
('94', '2016-03-18', '08:30 PM', '08:00 AM', 'Friday', '2017-07-11 20:01:45', 2),
('96', '2016-03-18', '10:08 PM', '08:00 AM', 'Friday', '2017-07-11 20:01:55', 2),
('88', '2016-03-18', '10:29 PM', '08:00 AM', 'Friday', '2017-07-11 20:02:02', 2),
('86', '2016-03-18', '10:30 PM', '08:25 AM', 'Friday', '2017-07-11 20:02:11', 2),
('91', '2016-03-19', '09:17 PM', '08:00 AM', 'Saturday', '2017-07-11 20:02:59', 2),
('84', '2016-03-19', '09:17 PM', '08:00 AM', 'Saturday', '2017-07-11 20:03:06', 2),
('91', '2016-03-20', '09:41 PM', '07:10 AM', 'Sunday', '2017-07-11 20:03:29', 2),
('84', '2016-03-20', '09:41 PM', '07:10 AM', 'Sunday', '2017-07-11 20:03:39', 2),
('45', '2016-03-20', '08:50 PM', '10:30 AM', 'Sunday', '2017-07-11 20:03:52', 2),
('83', '2016-03-20', '09:30 PM', '08:00 AM', 'Sunday', '2017-07-11 20:04:02', 2),
('94', '2016-03-21', '08:00 PM', '09:00 AM', 'Monday', '2017-07-11 20:04:31', 2),
('83', '2016-03-21', '07:30 PM', '08:00 AM', 'Monday', '2017-07-11 20:04:38', 2),
('85', '2016-03-21', '07:00 PM', '08:00 AM', 'Monday', '2017-07-11 20:04:45', 2),
('88', '2016-03-22', '07:54 PM', '09:00 AM', 'Tuesday', '2017-07-11 20:05:04', 2),
('85', '2016-03-22', '06:30 PM', '08:00 AM', 'Tuesday', '2017-07-11 20:05:12', 2),
('83', '2016-03-22', '11:00 PM', '08:00 AM', 'Tuesday', '2017-07-11 20:05:18', 2),
('88', '2016-03-23', '07:00 PM', '08:00 AM', 'Wednesday', '2017-07-11 20:05:36', 2),
('45', '2016-03-23', '08:50 PM', '08:00 AM', 'Wednesday', '2017-07-11 20:05:44', 2),
('85', '2016-03-23', '08:00 PM', '08:00 AM', 'Wednesday', '2017-07-11 20:06:02', 2),
('86', '2016-03-23', '09:30 AM', '08:00 AM', 'Wednesday', '2017-07-11 20:06:19', 2),
('89', '2016-03-24', '02:08 PM', '08:00 AM', 'Thursday', '2017-07-11 20:06:53', 2),
('45', '2016-03-24', '10:45 PM', '07:00 AM', 'Thursday', '2017-07-11 20:07:02', 2),
('85', '2016-03-24', '10:30 PM', '08:00 AM', 'Thursday', '2017-07-11 20:07:09', 2),
('86', '2016-03-24', '08:00 AM', '08:00 AM', 'Thursday', '2017-07-11 20:07:18', 2),
('95', '2016-03-25', '06:50 PM', '08:00 AM', 'Friday', '2017-07-11 20:07:40', 2),
('88', '2016-03-25', '07:56 PM', '08:00 AM', 'Friday', '2017-07-11 20:07:47', 2),
('45', '2016-03-25', '08:45 PM', '10:30 AM', 'Friday', '2017-07-11 20:08:00', 2),
('95', '2016-03-26', '03:00 PM', '06:00 AM', 'Saturday', '2017-07-11 20:08:59', 2),
('45', '2016-03-26', '10:00 PM', '08:00 AM', 'Saturday', '2017-07-11 20:09:06', 2),
('84', '2016-03-26', '10:30 PM', '08:00 AM', 'Saturday', '2017-07-11 20:09:13', 2),
('91', '2016-03-26', '10:30 PM', '08:00 AM', 'Saturday', '2017-07-11 20:09:21', 2),
('85', '2016-03-26', '10:00 PM', '08:00 AM', 'Saturday', '2017-07-11 20:09:29', 2),
('83', '2016-03-26', '07:00 PM', '08:00 AM', 'Saturday', '2017-07-11 20:09:38', 2),
('86', '2016-03-26', '09:00 PM', '08:00 AM', 'Saturday', '2017-07-11 20:09:44', 2),
('91', '2016-03-27', '08:48 PM', '06:00 AM', 'Sunday', '2017-07-11 20:10:19', 2),
('84', '2016-03-27', '08:48 PM', '06:00 AM', 'Sunday', '2017-07-11 20:10:28', 2),
('45', '2016-03-27', '08:50 PM', '08:00 AM', 'Sunday', '2017-07-11 20:10:37', 2),
('86', '2016-03-27', '09:20 PM', '08:00 AM', 'Sunday', '2017-07-11 20:10:49', 2),
('92', '2016-03-27', '10:27 PM', '08:00 AM', 'Sunday', '2017-07-11 20:11:01', 2),
('83', '2016-03-27', '09:30 PM', '08:00 AM', 'Sunday', '2017-07-11 20:11:11', 2),
('85', '2016-03-27', '09:40 PM', '08:00 AM', 'Sunday', '2017-07-11 20:11:18', 2),
('86', '2016-03-28', '06:30 PM', '08:00 AM', 'Monday', '2017-07-11 20:11:39', 2),
('92', '2016-03-28', '05:30 PM', '08:00 AM', 'Monday', '2017-07-11 20:11:54', 2),
('83', '2016-03-28', '07:00 PM', '08:00 AM', 'Monday', '2017-07-11 20:12:04', 2),
('96', '2016-03-28', '06:00 PM', '08:00 AM', 'Monday', '2017-07-11 20:12:12', 2),
('94', '2016-03-28', '02:00 PM', '09:00 AM', 'Monday', '2017-07-11 20:12:29', 2),
('88', '2016-03-29', '07:51 PM', '09:05 AM', 'Tuesday', '2017-07-11 20:12:55', 2),
('90', '2016-03-29', '09:52 PM', '06:00 AM', 'Tuesday', '2017-07-11 20:13:25', 2),
('86', '2016-03-29', '08:45 PM', '08:00 AM', 'Tuesday', '2017-07-11 20:13:34', 2),
('94', '2016-03-29', '05:00 PM', '09:00 AM', 'Tuesday', '2017-07-11 20:15:12', 2),
('85', '2016-03-29', '07:30 PM', '08:00 AM', 'Tuesday', '2017-07-11 20:15:26', 2),
('94', '2016-03-30', '07:00 PM', '09:00 AM', 'Wednesday', '2017-07-11 20:15:58', 2),
('88', '2016-03-30', '07:55 PM', '08:13 AM', 'Wednesday', '2017-07-11 20:16:11', 2),
('85', '2016-03-30', '06:10 PM', '08:00 AM', 'Wednesday', '2017-07-11 20:16:18', 2),
('90', '2016-03-30', '09:10 PM', '06:00 AM', 'Wednesday', '2017-07-11 20:16:29', 2),
('86', '2016-03-30', '09:45 PM', '09:36 AM', 'Wednesday', '2017-07-11 20:16:43', 2),
('92', '2016-03-30', '10:49 PM', '08:00 AM', 'Wednesday', '2017-07-11 20:16:53', 2),
('83', '2016-03-30', '09:00 PM', '08:00 AM', 'Wednesday', '2017-07-11 20:17:01', 2),
('89', '2016-03-31', '06:35 PM', '05:00 AM', 'Thursday', '2017-07-11 20:17:26', 2),
('90', '2016-03-31', '07:28 PM', '06:00 AM', 'Thursday', '2017-07-11 20:17:35', 2),
('94', '2016-03-31', '07:00 PM', '09:00 AM', 'Thursday', '2017-07-11 20:17:44', 2),
('83', '2016-03-31', '07:00 PM', '08:00 AM', 'Thursday', '2017-07-11 20:17:51', 2),
('96', '2017-06-16', '09:38 PM', '08:19 AM', 'Friday', '2017-07-11 20:25:13', 1),
('88', '2017-06-16', '10:00 PM', '09:00 AM', 'Friday', '2017-07-11 20:25:33', 1),
('91', '2017-06-17', '08:17 PM', '09:00 AM', 'Saturday', '2017-07-11 20:27:23', 1),
('93', '2017-06-17', '08:45 PM', '09:00 AM', 'Saturday', '2017-07-11 20:27:33', 1),
('97', '2017-06-17', '09:00 PM', '09:00 AM', 'Saturday', '2017-07-11 20:27:43', 1),
('89', '2017-06-17', '09:05 PM', '09:00 AM', 'Saturday', '2017-07-11 20:28:33', 1),
('90', '2017-06-17', '09:41 PM', '01:00 PM', 'Saturday', '2017-07-11 20:28:49', 1),
('96', '2017-06-17', '10:34 PM', '09:48 AM', 'Saturday', '2017-07-11 20:29:06', 1),
('84', '2017-06-17', '10:35 PM', '09:00 AM', 'Saturday', '2017-07-11 20:29:17', 1),
('45', '2017-06-17', '10:48 PM', '03:00 PM', 'Saturday', '2017-07-11 20:29:32', 1),
('86', '2017-06-17', '09:40 PM', '02:00 PM', 'Saturday', '2017-07-11 20:29:49', 1),
('45', '2017-06-18', '09:23 PM', '08:00 AM', 'Sunday', '2017-07-11 20:30:11', 1),
('84', '2017-06-18', '09:38 PM', '07:31 AM', 'Sunday', '2017-07-11 20:30:22', 1),
('83', '2017-06-18', '07:30 PM', '09:00 AM', 'Sunday', '2017-07-11 20:30:31', 1),
('90', '2017-06-19', '08:47 PM', '08:00 AM', 'Monday', '2017-07-11 20:30:46', 1),
('94', '2017-06-19', '09:00 PM', '08:00 AM', 'Monday', '2017-07-11 20:30:53', 1),
('90', '2017-06-20', '09:02 PM', '08:00 AM', 'Tuesday', '2017-07-11 20:31:16', 1),
('88', '2017-06-20', '09:40 PM', '05:00 AM', 'Tuesday', '2017-07-11 20:31:25', 1),
('30', '2017-06-20', '09:35 PM', '03:30 AM', 'Tuesday', '2017-07-11 20:31:45', 1),
('94', '2017-06-20', '08:00 AM', '08:00 AM', 'Tuesday', '2017-07-11 20:32:01', 1),
('83', '2017-06-20', '07:00 PM', '08:00 AM', 'Tuesday', '2017-07-11 20:32:08', 1),
('93', '2017-06-21', '08:20 PM', '08:00 AM', 'Wednesday', '2017-07-11 20:32:25', 1),
('90', '2017-06-21', '05:10 PM', '08:00 AM', 'Wednesday', '2017-07-11 20:32:32', 1),
('94', '2017-06-21', '08:00 AM', '08:00 AM', 'Wednesday', '2017-07-11 20:32:41', 1),
('88', '2017-06-21', '09:51 PM', '05:00 AM', 'Wednesday', '2017-07-11 20:32:50', 1),
('83', '2017-06-21', '10:45 PM', '08:00 AM', 'Wednesday', '2017-07-11 20:32:57', 1),
('89', '2017-06-22', '09:01 PM', '07:42 AM', 'Thursday', '2017-07-11 20:33:13', 1),
('90', '2017-06-22', '08:40 PM', '08:00 AM', 'Thursday', '2017-07-11 20:33:21', 1),
('94', '2017-06-22', '08:00 PM', '08:00 AM', 'Thursday', '2017-07-11 20:33:27', 1),
('22', '2017-06-22', '06:45 PM', '05:24 AM', 'Thursday', '2017-07-11 20:33:41', 1),
('83', '2017-06-22', '09:30 PM', '08:00 AM', 'Thursday', '2017-07-11 20:34:08', 1),
('93', '2017-06-23', '04:40 PM', '09:47 AM', 'Friday', '2017-07-11 20:34:25', 1),
('84', '2017-06-23', '09:21 PM', '07:23 AM', 'Friday', '2017-07-11 20:34:49', 1),
('88', '2017-06-23', '10:12 PM', '04:30 AM', 'Friday', '2017-07-11 20:35:04', 1),
('94', '2017-06-23', '10:28 PM', '07:45 AM', 'Friday', '2017-07-11 20:35:17', 1),
('90', '2017-06-23', '09:57 PM', '08:00 AM', 'Friday', '2017-07-11 20:35:25', 1),
('90', '2017-06-24', '08:43 PM', '08:00 AM', 'Saturday', '2017-07-11 20:35:40', 1),
('94', '2017-06-24', '08:46 PM', '08:00 AM', 'Saturday', '2017-07-11 20:35:50', 1),
('86', '2017-06-24', '09:00 PM', '08:26 AM', 'Saturday', '2017-07-11 20:36:02', 1),
('94', '2017-06-25', '06:39 PM', '08:00 AM', 'Sunday', '2017-07-11 20:36:18', 1),
('84', '2017-06-25', '08:53 PM', '07:26 AM', 'Sunday', '2017-07-11 20:36:30', 1),
('91', '2017-06-25', '08:53 PM', '07:26 AM', 'Sunday', '2017-07-11 20:36:43', 1),
('45', '2017-06-25', '09:00 PM', '09:30 AM', 'Sunday', '2017-07-11 20:36:54', 1),
('86', '2017-06-25', '10:15 PM', '06:23 AM', 'Sunday', '2017-07-11 20:37:06', 1),
('83', '2017-06-25', '08:00 PM', '08:00 AM', 'Sunday', '2017-07-11 20:37:14', 1),
('84', '2017-06-26', '04:55 PM', '10:46 AM', 'Monday', '2017-07-11 20:37:45', 1),
('93', '2017-06-26', '05:52 PM', '08:00 AM', 'Monday', '2017-07-11 20:37:54', 1),
('91', '2017-06-26', '09:45 PM', '10:46 AM', 'Monday', '2017-07-11 20:38:07', 1),
('90', '2017-06-26', '10:05 PM', '02:00 PM', 'Monday', '2017-07-11 20:38:22', 1),
('86', '2017-06-26', '10:50 PM', '07:50 AM', 'Monday', '2017-07-11 20:38:35', 1),
('92', '2017-06-26', '10:45 PM', '08:00 AM', 'Monday', '2017-07-11 20:38:43', 1),
('88', '2017-06-27', '09:19 PM', '05:00 AM', 'Tuesday', '2017-07-11 20:39:09', 1),
('83', '2017-06-27', '07:00 PM', '10:26 AM', 'Tuesday', '2017-07-11 20:39:25', 1),
('94', '2017-06-28', '05:00 PM', '08:00 AM', 'Wednesday', '2017-07-11 20:39:48', 1),
('93', '2017-06-28', '07:40 PM', '10:30 AM', 'Wednesday', '2017-07-11 20:40:01', 1),
('90', '2017-06-28', '05:10 PM', '08:00 AM', 'Wednesday', '2017-07-11 20:40:09', 1),
('88', '2017-06-28', '09:19 PM', '05:00 AM', 'Wednesday', '2017-07-11 20:40:22', 1),
('92', '2017-06-28', '06:00 PM', '08:00 AM', 'Wednesday', '2017-07-11 20:40:31', 1),
('83', '2017-06-28', '08:00 PM', '08:00 AM', 'Wednesday', '2017-07-11 20:40:38', 1),
('89', '2017-06-29', '06:11 PM', '08:00 AM', 'Thursday', '2017-07-11 20:40:56', 1),
('90', '2017-06-29', '07:18 PM', '08:00 AM', 'Thursday', '2017-07-11 20:41:05', 1),
('98', '2017-06-29', '07:18 PM', '08:00 AM', 'Thursday', '2017-07-11 20:41:12', 1),
('94', '2017-06-29', '06:30 PM', '08:00 AM', 'Thursday', '2017-07-11 20:41:21', 1),
('83', '2017-06-29', '06:00 PM', '08:00 AM', 'Thursday', '2017-07-11 20:41:29', 1),
('84', '2017-06-30', '07:17 PM', '07:44 AM', 'Friday', '2017-07-11 20:41:47', 1),
('90', '2017-06-30', '09:28 PM', '08:00 AM', 'Friday', '2017-07-11 20:41:55', 1),
('88', '2017-06-30', '09:34 PM', '08:00 AM', 'Friday', '2017-07-11 20:42:05', 1),
('93', '2017-06-30', '10:12 PM', '07:00 AM', 'Friday', '2017-07-11 20:42:15', 1);

-- --------------------------------------------------------

--
-- Table structure for table `duty_schedule`
--

DROP TABLE IF EXISTS `duty_schedule`;
CREATE TABLE IF NOT EXISTS `duty_schedule` (
  `id` int(11) NOT NULL AUTO_INCREMENT,
  `unit` varchar(10) NOT NULL,
  `schedule` varchar(10) NOT NULL,
  `date_created` datetime NOT NULL DEFAULT CURRENT_TIMESTAMP,
  `version` int(5) NOT NULL,
  PRIMARY KEY (`id`),
  KEY `unit` (`unit`),
  KEY `schedule` (`schedule`)
) ENGINE=InnoDB  DEFAULT CHARSET=utf8 AUTO_INCREMENT=111 ;

--
-- Dumping data for table `duty_schedule`
--

INSERT INTO `duty_schedule` (`id`, `unit`, `schedule`, `date_created`, `version`) VALUES
(1, '94', 'Monday', '2017-01-17 16:31:42', 1),
(3, '88', 'Tuesday', '2017-01-17 16:32:32', 1),
(10, '91', 'Sunday', '2017-01-17 16:51:51', 1),
(12, '92', 'Monday', '2017-01-17 17:01:23', 1),
(15, '92', 'Friday', '2017-01-17 17:02:03', 1),
(16, '90', 'Monday', '2017-01-17 17:02:54', 1),
(18, '86', 'Monday', '2017-01-17 17:03:03', 1),
(19, '83', 'Monday', '2017-01-17 17:03:07', 1),
(21, '95', 'Tuesday', '2017-01-17 17:03:24', 1),
(24, '98', 'Tuesday', '2017-01-17 17:03:43', 1),
(30, '89', 'Thursday', '2017-01-17 17:04:34', 1),
(31, '83', 'Thursday', '2017-01-17 17:04:40', 1),
(32, '90', 'Thursday', '2017-01-17 17:04:44', 1),
(34, '98', 'Thursday', '2017-01-17 17:04:56', 1),
(35, '88', 'Friday', '2017-01-17 17:05:12', 1),
(36, '93', 'Friday', '2017-01-17 17:05:21', 1),
(38, '96', 'Friday', '2017-01-17 17:05:28', 1),
(44, '97', 'Monday', '2017-05-24 12:37:56', 1),
(45, '94', 'Tuesday', '2017-05-24 12:40:54', 1),
(46, '83', 'Tuesday', '2017-05-24 12:41:02', 1),
(47, '90', 'Wednesday', '2017-05-24 12:41:30', 1),
(48, '86', 'Wednesday', '2017-05-24 12:41:37', 1),
(49, '88', 'Wednesday', '2017-05-24 12:41:40', 1),
(50, '92', 'Wednesday', '2017-05-24 12:41:50', 1),
(51, '93', 'Wednesday', '2017-05-24 12:41:54', 1),
(52, '96', 'Wednesday', '2017-05-24 12:41:57', 1),
(53, '97', 'Wednesday', '2017-05-24 12:42:01', 1),
(54, '95', 'Thursday', '2017-05-24 12:42:24', 1),
(55, '84', 'Friday', '2017-05-24 12:42:50', 1),
(56, '84', 'Saturday', '2017-05-24 12:43:17', 1),
(57, '89', 'Saturday', '2017-05-24 12:43:25', 1),
(58, '91', 'Saturday', '2017-05-24 12:43:30', 1),
(59, '93', 'Saturday', '2017-05-24 12:43:36', 1),
(60, '95', 'Saturday', '2017-05-24 12:43:46', 1),
(61, '96', 'Saturday', '2017-05-24 12:43:49', 1),
(62, '97', 'Saturday', '2017-05-24 12:43:52', 1),
(63, '98', 'Saturday', '2017-05-24 12:43:55', 1),
(64, '45', 'Sunday', '2017-05-24 12:44:22', 1),
(65, '84', 'Sunday', '2017-05-24 12:44:31', 1),
(66, '94', 'Sunday', '2017-05-24 12:44:34', 1),
(67, '86', 'Sunday', '2017-05-24 12:44:44', 1),
(68, '94', 'Monday', '2017-06-12 13:46:27', 2),
(69, '83', 'Monday', '2017-06-12 13:46:31', 2),
(70, '86', 'Monday', '2017-06-12 13:46:33', 2),
(71, '85', 'Monday', '2017-06-12 13:46:34', 2),
(72, '90', 'Monday', '2017-06-12 13:46:35', 2),
(73, '92', 'Monday', '2017-06-12 13:46:38', 2),
(74, '97', 'Monday', '2017-06-12 13:46:40', 2),
(75, '85', 'Tuesday', '2017-06-12 13:46:45', 2),
(76, '88', 'Tuesday', '2017-06-12 13:46:46', 2),
(77, '94', 'Tuesday', '2017-06-12 13:46:47', 2),
(78, '95', 'Tuesday', '2017-06-12 13:46:48', 2),
(79, '96', 'Tuesday', '2017-06-12 13:46:50', 2),
(80, '98', 'Tuesday', '2017-06-12 13:46:51', 2),
(81, '90', 'Wednesday', '2017-06-12 13:46:55', 2),
(82, '86', 'Wednesday', '2017-06-12 13:46:56', 2),
(83, '85', 'Wednesday', '2017-06-12 13:46:58', 2),
(84, '92', 'Wednesday', '2017-06-12 13:47:01', 2),
(85, '88', 'Wednesday', '2017-06-12 13:47:03', 2),
(86, '97', 'Wednesday', '2017-06-12 13:47:04', 2),
(87, '89', 'Thursday', '2017-06-12 13:47:09', 2),
(88, '83', 'Thursday', '2017-06-12 13:47:10', 2),
(89, '90', 'Thursday', '2017-06-12 13:47:11', 2),
(90, '93', 'Thursday', '2017-06-12 13:47:12', 2),
(91, '98', 'Thursday', '2017-06-12 13:47:14', 2),
(92, '92', 'Friday', '2017-06-12 13:47:18', 2),
(93, '88', 'Friday', '2017-06-12 13:47:19', 2),
(94, '93', 'Friday', '2017-06-12 13:47:21', 2),
(95, '95', 'Friday', '2017-06-12 13:47:22', 2),
(96, '96', 'Friday', '2017-06-12 13:47:23', 2),
(97, '84', 'Friday', '2017-06-12 13:47:25', 2),
(98, '93', 'Saturday', '2017-06-12 13:47:29', 2),
(99, '89', 'Saturday', '2017-06-12 13:47:30', 2),
(100, '91', 'Saturday', '2017-06-12 13:47:32', 2),
(101, '95', 'Saturday', '2017-06-12 13:47:33', 2),
(102, '96', 'Saturday', '2017-06-12 13:47:35', 2),
(103, '97', 'Saturday', '2017-06-12 13:47:37', 2),
(104, '98', 'Saturday', '2017-06-12 13:47:38', 2),
(105, '84', 'Saturday', '2017-06-12 13:47:39', 2),
(106, '91', 'Sunday', '2017-06-12 13:47:43', 2),
(107, '83', 'Sunday', '2017-06-12 13:47:45', 2),
(108, '94', 'Sunday', '2017-06-12 13:47:47', 2),
(109, '86', 'Sunday', '2017-06-12 13:47:49', 2),
(110, '84', 'Sunday', '2017-06-12 13:47:50', 2);

-- --------------------------------------------------------

--
-- Table structure for table `duty_version`
--

DROP TABLE IF EXISTS `duty_version`;
CREATE TABLE IF NOT EXISTS `duty_version` (
  `id` int(10) NOT NULL AUTO_INCREMENT,
  `name` varchar(100) NOT NULL,
  `status` enum('active','inactive') NOT NULL DEFAULT 'active',
  PRIMARY KEY (`id`)
) ENGINE=InnoDB  DEFAULT CHARSET=utf8 AUTO_INCREMENT=3 ;

--
-- Dumping data for table `duty_version`
--

INSERT INTO `duty_version` (`id`, `name`, `status`) VALUES
(1, 'As of April 2017', 'active'),
(2, 'As of 2016 Apr', 'active');

-- --------------------------------------------------------

--
-- Table structure for table `fire_apparata`
--

DROP TABLE IF EXISTS `fire_apparata`;
CREATE TABLE IF NOT EXISTS `fire_apparata` (
  `id` bigint(11) NOT NULL AUTO_INCREMENT,
  `fire_data_id` bigint(10) NOT NULL,
  `engine` varchar(10) DEFAULT NULL,
  `time_out` varchar(11) DEFAULT NULL,
  `fto_out` varchar(11) DEFAULT NULL,
  `time_in` varchar(11) DEFAULT NULL,
  `fto_in` varchar(11) DEFAULT NULL,
  `onboard` text,
  PRIMARY KEY (`id`),
  KEY `fire_data_id` (`fire_data_id`)
) ENGINE=InnoDB  DEFAULT CHARSET=utf8 AUTO_INCREMENT=862 ;

--
-- Dumping data for table `fire_apparata`
--

INSERT INTO `fire_apparata` (`id`, `fire_data_id`, `engine`, `time_out`, `fto_out`, `time_in`, `fto_in`, `onboard`) VALUES
(1, 28, 'E22', '4:04', '22', '5:41', '22', '90,92,94,Rey'),
(2, 28, 'E18', '4:05', 'D2', '5:15', 'D2', 'Rodel'),
(17, 30, 'E20', '3:28AM', '88', '6:09AM', '88', '13, 95, 96'),
(18, 30, 'E21', '3:28AM', '55', '6:09AM', '55', 'R3'),
(19, 30, 'E19', '3:29AM', '22', '4:05AM', 'D1', '90'),
(20, 30, 'E14', '3:29AM', '27', '5:09AM', '27', '89'),
(21, 30, 'E18', '3:53AM', 'D1', '6:18AM', '22', '43, 83'),
(25, 31, 'E18', '1:37AM', 'D1', '3:29AM', 'D1', '13, 95, 96'),
(26, 31, 'E14', '1:44AM', '27', '2:58AM', '27', '89'),
(27, 31, 'E20', '1:50AM', '88', '2:58AM', '88', '63'),
(28, 31, 'E19', '1:56AM', '22', '3:00AM', '22', '55'),
(33, 32, 'E20', '8:25AM', '88', '8:36AM', '88', '92, R2'),
(34, 32, 'E18', '8:25AM', 'D1', '8:36AM', 'D1', 'NA'),
(49, 34, 'E20', '1:07PM', 'D1', '1:18PM', 'D1', 'R2'),
(50, 34, 'E18', '1:07PM', 'D2', '1:23PM', 'D2', 'R3'),
(65, 36, 'E18', '9:08PM', 'D2', '10:02PM', 'D2', 'R3'),
(66, 36, 'E20', '9:08PM', '87', '10:02PM', '87', '86, 94, 90'),
(73, 37, 'E20', '11:59AM', 'D1', '1:34PM', 'D1', 'R2'),
(74, 37, 'E18', '12:03PM', 'D2', '12:48PM', 'D2', '87, R3'),
(97, 40, 'E20', '5:53PM', '38', '6:25PM', '38', '83, 86, 90'),
(98, 40, 'E18', '5:53PM', 'D2', '6:25PM', 'D2', 'R3'),
(105, 41, 'E18', '6:15PM', 'D2', '7:16PM', 'D2', '90, 92, R3'),
(113, 42, 'E21', '9:30AM', 'D1', '9:35AM', 'D1', 'R1, R2'),
(129, 44, 'E20', '2:38PM', 'D1', '3:09PM', 'D1', '86, R2'),
(130, 44, 'E18', '2:38PM', 'D2', '2:56PM', 'D2', 'R1, R3'),
(137, 45, 'E18', '7:15PM', 'D2', '7:51PM', 'D2', '94, R1, R3'),
(145, 46, 'E20', '10:38AM', 'D1', '11:54PM', 'D1', ''),
(185, 51, 'E20', '3:52PM', 'D1', '5:22PM', 'D1', '13, 77, 42, R1'),
(186, 51, 'E18', '3:53PM', 'D2', '5:16PM', 'D2', 'R2, R3'),
(201, 53, 'E18', '6:04AM', 'D2', '6:57AM', 'D2', '86, 93'),
(202, 53, 'E14', '6:10AM', '27', '6:42AM', '27', '95'),
(203, 53, 'E20', '6:17AM', '22', '6:41AM', '22', '09, 13, 87'),
(225, 56, 'E18', '12:35AM', 'D2', '1:49AM', 'D2', '84, 91, 93'),
(226, 56, 'E20', '12:42AM', '88', '1:47AM', '88', '45, 92'),
(227, 56, 'E14', '12:49AM', '27', '1:02AM', '27', '22'),
(233, 46, 'E18', '10:38 AM', 'D2', '11:56 AM', 'D2', NULL),
(234, 46, 'E21', '11:04 AM', '22', '11:15 AM', '22', NULL),
(235, 43, 'E18', '7:24 PM', 'D2', '7:45 PM', 'D2', '86, R3'),
(236, 43, 'E14', '7:32 PM', '27', '7:45 PM', '27', '90'),
(237, 58, 'E18', '10:09PM', 'D2', '10:54PM', 'D2', '93, 95'),
(238, 58, 'E14', '10:16PM', '27', '10:45PM', '27', '92'),
(239, 58, 'E20', '10:17PM', '88', '10:45PM', '88', '90'),
(240, 59, 'E20', '2:26AM', '88', '2:30AM', '88', '13, 84, 90, 91'),
(241, 59, 'E18', '2:27AM', 'D2', '2:30AM', 'D2', '92, 97'),
(242, 61, 'E18', '12:41PM', 'D2', '1:54PM', 'D2', '90, R3'),
(243, 61, 'E20', '12:39PM', 'D1', '3:16PM', 'D1', '30, R1, R2'),
(244, 61, 'E14', '12:45PM', '27', '1:44PM', '27', '-'),
(245, 61, 'E19', '1:00PM', '22', '1:42PM', '22', '62'),
(246, 63, 'E18', '8:36PM', 'D2', '9:09PM', 'D2', '90, R3'),
(247, 63, 'E20', '8:37PM', '27', '9:02PM', '27', '80, 92, R3'),
(248, 66, 'E20', '1:04PM', 'D1', '1:48PM', 'D1', '91, R1, R2'),
(249, 66, 'E18', '1:04PM', 'D2', '3:02PM', 'D2', 'R3'),
(250, 67, 'E18', '7:52PM', 'D2', '8:13PM', 'D2', '86, 90, R3'),
(251, 74, 'E20', '2:22PM', 'D2', '4:22PM', 'D2', '90, 92, R3'),
(252, 74, 'E21', '2:27PM', '87', '4:22PM', '87', '09, 95'),
(253, 74, 'E19', '2:34PM', '22', '4:22PM', '22', '88'),
(254, 74, 'E18', '', '40', '4:21PM', '40', '30, 84, 94'),
(255, 78, 'E18', '6:56AM', 'D2', '7:56AM', 'D2', '90, R1, R3'),
(256, 83, 'E18', '3:34AM', 'D2', '4:53AM', 'D2', '83, 86'),
(257, 83, 'E14', '3:40AM', '27', '4:53AM', '27', '90, 98'),
(258, 88, 'E20', '4:28 AM', 'D2', '4:59 AM', 'D2', '90,92,95'),
(259, 90, 'E18', '3:10 AM', 'D2', '3:48 AM', 'D2', '83,90,R3,R1'),
(260, 90, 'E14', '3:12 AM', '27', '3:34 AM', '27', '92'),
(261, 91, 'E20', '10:35 PM', '88', '11:33 PM', '88', '94,95,93,80'),
(262, 91, 'E18', '10:36 PM', 'D2', '11:37 PM', 'D2', '98,97'),
(263, 91, 'E14', '10:39 PM', '27', '11:14 PM', '27', 'R3,R1,62'),
(264, 92, 'E20', '11:51 AM', '79', '12:26 PM', '79', 'R1'),
(265, 92, 'E18', '11:51 AM', 'D1', '12:26 PM', 'D1', 'R3'),
(266, 95, 'E20', '12:16 AM', '88', '', '88', '83, 90, 92'),
(267, 95, 'E18', '12:17 AM', 'D2', '12:32 AM', 'D2', 'R3'),
(268, 96, 'E20', '9:14 AM', 'D1', '9:25 AM', 'D1', '94,83,95,R2'),
(269, 96, 'E18', '9:14 AM', 'D2', '9:25 AM', 'D2', 'R3'),
(270, 98, 'E20', '12:34 PM', 'D1', '1:15 PM', 'D1', '94, R2'),
(271, 98, 'E18', '12:34 PM', 'D2', '1:10 PM', 'D2', 'R3'),
(272, 99, 'E20', '11:35 AM', 'D1', '12:46 PM ', 'D1', '94, 83'),
(273, 99, 'E18', '11:35 AM', 'D2', '12:46 PM', 'D2', 'R3'),
(274, 99, 'E14', '11:47 AM', '62', '12:46 PM', '62', '48'),
(275, 99, 'E19', '11:50 AM', '22', '12:46 PM', '22', '18'),
(276, 100, 'E20', '9:33AM', 'D1', '10:41AM', 'D1', '77, R1, R2'),
(277, 100, 'E18', '9:33AM', 'D2', '10:44AM', 'D2', 'R3'),
(278, 103, 'E21', '10:01AM', 'D1', 'PROCEED TO ', 'D1', '40, 72, R3'),
(279, 105, 'E20', '2:33PM', 'D1', '3:00PM', 'D1', '48, R1, R2'),
(280, 105, 'E18', '2:33PM', 'D2', '3:00PM', 'D2', 'R3'),
(281, 106, 'E20', '12:07PM', 'D1', '12:49PM', 'D1', '90, 91, 94, R2'),
(282, 106, 'E18', '12:07PM', 'D2', '12:45PM', 'D2', 'R3'),
(283, 107, 'E20', '8:07PM', '80', '8:34PM', '80', '30, 84, 90'),
(284, 107, 'E18', '8:07PM', 'D2', '8:39pm', 'D2', '94, R3'),
(285, 107, 'E21', '8:11PM', '87', '8:26PM', '87', '88, 92'),
(286, 108, 'E20', '12:42AM', '88', '3:23AM', '88', '45, 83, R3'),
(287, 108, 'E18', '12:45AM', 'D2', '2:35AM', '22', ''),
(288, 108, 'E19', '12:50AM', '22', '3:18AM', 'D2', ''),
(289, 108, 'E21', '12:55M', '55', '2:45AM', '55', '98'),
(290, 108, 'CC6', '1:46AM', '40', '3:18AM', '40', '30, 91'),
(291, 108, 'E14', '2:10AM', '62', '3:20AM', '62', '90, 92'),
(292, 112, 'E20', '2:58AM', '88', '3:09AM', '88', '84, 86, 90, 92'),
(293, 120, 'E18', '10:59PM', 'D2', '', 'D2', '83, R1, R3'),
(294, 120, 'E20', '11:05PM', '27', '11:48PM', '27', '86, 90, 92, 94, 95'),
(295, 120, 'E21', '11:07PM', '55', '11:35PM', '55', '80'),
(296, 120, 'E19', '11:10PM', '22', '11:30PM', '22', '42, 88'),
(297, 124, 'E18', '2:32PM', 'D2', '2:52PM', 'D2', '94, R3'),
(298, 136, 'E20', '12:55AM', '88', '4:37AM', '88', '92, 95, 96'),
(299, 136, 'E18', '12:55AM', 'D2', '4:26AM', 'D2', '87'),
(300, 136, 'E19', '1:08AM', '22', '4:04AM', '22', '0'),
(301, 136, 'E21', '1:08AM', '55', '4:30AM', '55', '48'),
(302, 136, 'E14', '1:08AM', '27', '3:35AM', '27', '0'),
(303, 136, 'E12', '2:32AM', '38', '2:39AM', '38', '82, 83, R1'),
(304, 138, 'E19', '1:08AM', '22', '4:04AM', '22', '18'),
(305, 142, 'E18', '11:19PM', 'D2', '11:25PM', 'D2', '89, 90, R1, R3'),
(306, 144, 'E20', '10:40AM', 'D1', '12:45PM', 'D1', '83, 86'),
(307, 144, 'E18', '10:45AM', 'D2', '1:01PM', 'D2', 'R3'),
(308, 145, 'E18', '6:20PM', 'D2', '7:08PM', 'D2', '90, 92'),
(309, 145, 'E20', '6:33PM', '88', '7:08PM', '88', 'R3'),
(310, 146, 'E20', '10:27AM', 'D1', '12:00PM', 'D1', '43, 27, R2'),
(311, 146, 'E18', '10:27AM', 'D2', '11:53AM', 'D2', 'R3'),
(312, 147, 'E18', '05:25PM', 'D2', '05:51PM', 'D2', '90, R3'),
(313, 147, 'E20', '05:32PM', 'D1', '05:48PM', 'D1', '92'),
(314, 148, 'E20', '06:38PM', 'D2', '06:45PM', 'D2', '90, 92'),
(315, 150, 'E20', '04:32AM', 'D2', '6:17AM', '27', '45, 86, 83'),
(316, 150, 'E14', '04:40AM', '27', '06:13AM', '62', '90'),
(317, 150, 'E21', '04:47AMA', '87', '05:40AM', '87', '0'),
(318, 150, 'E18', '05:18AM', '62', '6:17AM', 'D2', '43'),
(319, 151, 'E20', '05:28AM', '27', '06:17AM', '27', '45, 83, 86'),
(320, 151, 'E14', '05:58AM', '62', '06:17AM', '62', '90'),
(321, 153, 'E21', '3:05 PM', 'D2', '4:05 PM', 'D2', '92'),
(322, 154, 'E19', '6:20 AM', 'D2', '6:36 AM', 'D2', '85, 92, 90'),
(323, 155, 'E19', '2:35AM', 'D2', '3:10 AM', 'D2', '83, 85, 86'),
(324, 155, 'E14', '2:43 AM', '27', '2:53AM', '27', '88, 90, 92'),
(325, 156, 'E19', '6:57 PM', 'D2', '7:07 PM', 'D2', '88, 96'),
(326, 156, 'E20', '6:57 PM', '22', '7:02 PM', '22', '09, 48, 75, 85, 80, 90, 92, 94, 83, 86'),
(327, 161, 'E20', '4:33PM', 'D1', '4:52PM', 'D1', '79, 77, 83'),
(328, 161, 'E19', '4:33PM', 'D2', '4:48PM', 'D2', 'R3, R2'),
(329, 162, 'E20', '6:27PM', '80', '6;59PM', '80', '83'),
(330, 162, 'E19', '6:30PM', 'D2', '9:14PM', 'D2', ''),
(331, 162, 'E21', '6:35PM', '22', '7:49PM', '22', '88, 95'),
(332, 162, 'E18', '6:55PM', '55', '7:10PM', '55', '42,90, 92'),
(333, 163, 'E19', '10:46PM', 'D2', '11:31PM', 'D2', '83, 85, 90'),
(334, 164, 'E20', '9:22AM', 'D1', '9:43AM', 'D1', '45,83,85,R2'),
(335, 164, 'E19', '9:22AM', 'D2', '9:46AM', 'D2', '88,92,R1'),
(336, 165, 'E20', '7:53AM', 'D1', '7:57AM', 'D1', '45, 85, 83'),
(337, 165, 'E19', '7:54AM', 'D2', '7:57AM', 'D2', 'R2'),
(338, 166, 'E19', '7:30AM', 'D1', '1:40PM', 'D1', 'R3'),
(339, 167, 'E19', '2:19PM', 'D1', '4:08PM', 'D1', 'R3'),
(340, 169, 'E20', '7:02AM', 'D1', '9:36AM', 'D1', '88,85,R1'),
(341, 169, 'E19', '7:03AM', 'D2', '9:40AM', 'D2', '95,R3'),
(342, 169, 'E21', '7:09', '27', '9:37AM', '27', '95'),
(343, 173, 'E20', '3:59PM', 'D1', '7:35PM', '79', ''),
(344, 173, 'E19', '3:59PM', 'D2', '7:39PM', 'D1', ''),
(345, 173, 'E21', '4:11PM', '22', '7:43PM', '22', '48,77,83,85'),
(346, 173, 'E18', '4:41PM', 'D2', '7:12PM', 'D2', ''),
(347, 173, 'E14', '5:15PM', '27', '7:13PM', '27', ''),
(348, 173, 'CC6', '5:20PM', '55', '7:34PM', '43', '55, 92'),
(349, 173, 'CC5', '6:30PM', '43', '7:39PM', '42', '90, 87'),
(350, 174, 'E20', '6:13PM', 'D1', '7:40PM', 'D1', '85,83,90,45'),
(351, 174, 'E21', '6:17PM', 'D2', '7:26PM', 'D2', '88,95'),
(352, 174, 'E14', '6:24PM', '27', '7:26PM', '27', '92'),
(353, 175, 'E20', '1:30PM', 'D1', '1:40PM', 'D1', '85,R1,R2,R3'),
(354, 181, 'E20', '11:17AM', '62', '12:10PM', '62', '82,22'),
(355, 181, 'E19', '11:21AM', 'D2', '12:13PM', 'D2', 'R3'),
(356, 183, 'E19', '4:30PM', 'D2', '4:57PM', 'D2', '48, 30, R3'),
(357, 183, 'E20', '4:32PM', 'D1', '4:54PM', 'D1', '86, R3'),
(358, 186, 'E19', '3:59PM', 'D1', '4:45PM', 'D1', 'R3'),
(359, 186, 'E20', '3:59PM', '79', '4:45PM', '79', '48, R2'),
(360, 187, 'E19', '6:20PM', 'D2', '6:45PM', 'D2', '80, R3'),
(361, 189, 'E19', '1:07PM', 'D2', '1:23PM', 'D2', 'R3'),
(362, 189, 'E20', '1:07PM', 'D1', '1:24PM', 'D1', '85, R2'),
(363, 196, 'E19', '9:05PM', 'D2', '10:30PM', 'D2', '85,90,95'),
(364, 201, 'E18', '7:49PM', 'D2', '7:55PM', 'D2', '85, R3'),
(365, 202, 'E20', '6:36AM', 'D1', '7:38AM', 'D1', '45, 85'),
(366, 202, 'E18', '6:36AM', '63', '7:41AM', 'D2', '63, 90, R3'),
(367, 202, 'E21', '6:41AM', '27', '8:00AM', '27', ''),
(368, 202, 'E14', '6:48AM', '62', '8:00AM', '62', ''),
(369, 204, 'E20', '4:03AM', 'D1', '4:23AM', 'D1', '88,90,92,95'),
(370, 204, 'E18', '4:03AM', 'D2', '4:19AM', 'D2', 'R3,R1'),
(371, 207, 'E20', '10:23AM', 'D1', '10:39AM', 'D1', '77, R1, R2'),
(372, 207, 'E18', '10:23AM', 'D2', '10:43AM', 'D2', 'R3'),
(373, 208, 'E20', '11:44PM', 'D1', '1:23AM', 'D1', '90, 92, R1'),
(374, 208, 'E18', '11:44PM', 'D2', '1:23AM', 'D2', '94, R3'),
(375, 208, 'E21', '11:58PM', '22', '1:27AM', '22', '88'),
(376, 208, 'E14', '12:12PM', '27', '1:23AM', '27', '45'),
(377, 209, 'E18', '5:34PM', 'D2', '7:09PM', 'D2', ''),
(378, 209, 'E20', '5:40PM', 'D1', '7:25PM', 'D1', '90'),
(379, 209, 'E21', '5:40PM', '55', '7:25PM', '55', ''),
(380, 209, 'E14', '5:42PM', '27', '7:46PM', '27', '92'),
(381, 209, 'E22', '5:56PM', '22', '7:46PM', '22', '30'),
(382, 209, 'E19', '5:56PM', '35', '7:46PM', '35', '95'),
(383, 209, 'CC6', '7:17PM', '42', '7:40PM', '42', ''),
(384, 210, 'E20', '3:41PM', 'D1', '5:41PM', 'D1', '80, R2, R1'),
(385, 210, 'E18', '3:41PM', 'D2', '5:43PM', 'D2', '92'),
(386, 210, 'E19', '3:45PM', '35', '5:41PM', '35', '90'),
(387, 210, 'E14', '3:45PM', '27', '5:41PM', '27', '88, 72'),
(388, 210, 'E21', '3:53PM', '55', '5:42PM', '55', '30'),
(389, 210, 'E22', '4:02PM', '22', '5:39PM', '22', '48,96,82'),
(390, 210, 'E12', '4:11PM', '50', '5:39PM', '50', '40, 09'),
(391, 216, 'E18', '10:01PM', 'D2', '11:12PM', 'D2', '94, R3'),
(392, 216, 'E20', '10:11PM', '63', '10:58PM', '63', '82,88,90,92'),
(393, 217, 'E20', '03:14PM', 'D1', '04:01PM', 'D1', 'R1, R2'),
(394, 217, 'E18', '03:14PM', 'D2', '04:01PM', 'D2', 'R3'),
(395, 217, 'E14', '03:18PM', '27', '03:47PM', '27', '09'),
(396, 221, 'E20', '12:43PM', 'D1', '1:06PM', 'D1', '09, R3'),
(397, 221, 'E18', '12:42PM', 'D2', '1:07PM', 'D2', '85, R2, R1'),
(398, 223, 'E18', '7:18PM', 'D2', '8:04PM', 'D2', '85,30,R3'),
(399, 223, 'E20', '7:25PM', 'D1', '7:53PM', 'D1', '92,87'),
(400, 226, 'E18', '4:26AM', 'D2', '05:45AM', 'D2', '89,94,R3'),
(401, 226, 'E20', '4:27AM', '27', '04:42AM', '27', '92'),
(402, 229, 'E18', '10:43AM', 'D2', '11:06AM', 'D2', 'R3'),
(403, 229, 'E20', '10:40AM', 'D1', '11:06AM', 'D1', '62'),
(404, 229, 'E19', '10:40AM', '27', '11:05AM', '27', ''),
(405, 233, 'E20', '6:43AM', 'D1', '7:37AM', 'D1', '45,90,94,83, R1'),
(406, 233, 'E18', '6:43AM', 'D2', '7:41AM', 'D2', '85,R3'),
(407, 233, 'E19', '6:53AM', '27', '6:58AM', '27', ''),
(408, 235, 'E18', '5:05AM', 'D2', '5:28AM', 'D2', '84,89,95,R3'),
(409, 235, 'E20', '5:08AM', '27', '5:28AM', '27', '96'),
(410, 236, 'E20', '11:41PM', '27', '1:30AM', '27', '83,45,92'),
(411, 236, 'E18', '11:41PM', 'D2', '1:25AM', 'D2', 'R3'),
(412, 236, 'E19', '11:45AM', '22', '1:30AM', '22', '79, 88, 90'),
(413, 236, 'E21', '11:55PM', '55', '1:30AM', '55', '48,95'),
(414, 236, 'E14', '12:24AM', '35', '12:57AM', '35', ''),
(415, 243, 'E20', '10:46AM', 'D1', '12:02NN', 'D1', '88, R1, R2'),
(416, 243, 'E18', '10:46AM', 'D2', '12:02NN', 'D2', 'R3'),
(417, 243, 'E21', '10:51AM', '22', '11:24AM', '22', '62, 30'),
(418, 247, 'E20', '4:13AM', 'D2', '4:50AM', 'D2', '88,92,95,R1'),
(419, 247, 'E18', '4:14AM', '27', '4:43AM', '27', 'R3'),
(420, 248, 'E18', '9:54pm', 'D2', '10:37PM', 'D2', '85, 95, R3'),
(421, 248, 'E20', '10:06PM', '27', '10:21PM', '27', '92,93,90,96'),
(422, 251, 'E18', '10:12PM', 'D2', '10:40PM', 'D2', '90,92'),
(423, 251, 'E20', '10:17PM', '27', '10:40PM', '27', '88, 94, R3'),
(424, 252, 'E18', '11:51PM', 'D2', '12:03PM', 'D2', '88, 92'),
(425, 253, 'E20', '4:30AM', '27', '5:00AM', '27', '88, 83, 96'),
(426, 253, 'E18', '4:33AM', 'D2', '4:54AM', 'D2', '87'),
(427, 253, 'E19', '4:35AM', 'D1', '4:54AM', 'D1', '63'),
(428, 254, 'E18', '10:35PM', 'D2', '12:52AM', 'D2', '92, 95, 93'),
(429, 254, 'E20', '10:42PM', 'D1', '12:52AM', 'D1', '94, 90, R3, R1'),
(430, 254, 'E14', '10:59PM', '62', '11:25PM', '62', '82, 87'),
(431, 257, 'E20', '4:16PM', 'D1', '5:29PM', 'D1', 'R1,80'),
(432, 257, 'E18', '4:16PM', 'D2', '5:45PM', 'D2', 'R3'),
(433, 257, 'E19', '4:32PM', '22', '4:51PM', '22', '88'),
(434, 258, 'E18', '12:37AM', 'D1', '1:28AM', 'D1', '89, 90, R3'),
(435, 258, 'E20', '12:46AM', '27', '1:27', '27', '88'),
(436, 258, 'E21', '12:56', '55', '1:27', '55', '77'),
(437, 260, 'E20', '10:42PM', '22', '11:08PM', '22', '18, 89, 90, R1'),
(438, 265, 'E20', '10:31PM', 'D2', '10:33PM', 'D2', '88, 92, R1, R3'),
(439, 268, 'E20', '4:58PM', 'D1', '5:47PM', 'D1', '90'),
(440, 268, 'E18', '4:58PM', '27', '5:47PM', '27', '92, 92, 95'),
(441, 269, 'E20', '6:14PM', '79', '7:08PM', '79', '77'),
(442, 269, 'E21', '6:17PM', '55', '7:09PM', '55', '84'),
(443, 269, 'E18', '6:25PM', 'D2', '6:50PM', 'D2', '92,R3'),
(444, 270, 'E18', '7:48PM', 'D2', '7:58', 'D2', '86, 86, 90'),
(445, 271, 'E20', '8:36AM', 'D1', '9:12AM', 'D1', '94, 91, R2'),
(446, 271, 'E18', '8:36AM', 'D2', '9:05AM', 'D2', 'R3'),
(447, 272, 'E18', '9:39PM', 'D1', '9:55PM', 'D1', '90, R3'),
(448, 274, 'E20', '11:42AM', 'D1', '12:00NN', 'D1', '85,83'),
(449, 274, 'E19', '11:43AM', 'D2', '11:59AM', 'D2', ''),
(450, 275, 'E18', '2:17AM', '27', '3:39AM', '27', '84,91,92'),
(451, 275, 'E20', '2:26AM', '79', '3:45AM', '79', '88, 90'),
(452, 275, 'E19', '2:28AM', '22', '3:40AM', '22', '87'),
(453, 279, 'E18', '12:22PM', 'D2', '12:32PM', 'D2', 'R3,85,R2'),
(454, 281, 'E20', '5:53PM', 'D2', '6:02PM', 'D2', '92,83,R2'),
(455, 285, 'E20', '9:31AM', 'D1', '11:31AM', 'D1', '30, R1, R2'),
(456, 285, 'E18', '9:31AM', 'D2', '11:29AM', 'D2', 'R3'),
(457, 285, 'E19', '9:56AM', '22', '11:06AM', '22', '48, 94'),
(458, 285, 'E14', '9:50AM', '27', '11:02AM', '27', '88'),
(459, 285, 'CC6', '9:50AM', '85', '11:01AM', '85', '09,82'),
(460, 292, 'E20', '2:20PM', 'D1', '3:51PM', 'D1', '77, R3'),
(461, 292, 'E18', '2:21PM', '27', '3:51PM', '27', '90, 92'),
(462, 292, 'E19', '2:28PM', '22', '3:52PM', '22', '88, 95'),
(463, 292, 'E21', '2:51', '55', '3:17PM', '55', '48'),
(464, 294, 'E20', '2:57PM', 'D1', '3:50PM', 'D1', '85,R1'),
(465, 294, 'E18', '2:57PM', 'D2', '3:51PM', 'D2', 'R3'),
(466, 294, 'E14', '3:06PM', '27', '3:22PM', '27', '90'),
(467, 294, 'E19', '3:06PM', '35', '3:23PM', '35', '92'),
(468, 295, 'E20', '7:28AM', '22', '9:28AM', '22', '83,94,R1'),
(469, 295, 'E18', '7:28AM', 'D2', '9:28AM', 'D2', 'R3'),
(470, 295, 'E14', '7:32AM', '27', '9:27AM', '27', '88,90'),
(471, 295, 'E21', '7:50AM', '35', '9:28AM', '35', '85,30'),
(472, 296, 'E16', '11:14PM', 'D2', '12:46AM', 'D2', '85,92,R1'),
(473, 296, 'E20', '11:22PM', '62', '12:45AM', '62', '88'),
(474, 296, 'E14', '11:23PM', '27', '12:31AM', '27', 'R3'),
(475, 296, 'E19', '11:35PM', '22', '12:32AM', '22', '48, 82'),
(476, 296, 'E21', '11:40PM', '40', '12:20PM', '40', '09,30,94'),
(477, 297, 'E19', '7:28PM', 'D2', '9:00PM', 'D2', '85, R3'),
(478, 297, 'E20', '7:28PM', 'D1', '8:10PM', 'D1', '90, 95'),
(479, 298, 'E20', '3:30PM', 'D1', '3:31PM', 'D1', '85,R1,R2,R3'),
(480, 299, 'E19', '10:24PM', 'D2', '10:34PM', 'D2', '85,95,R3'),
(481, 300, 'E18', '8:58PM', 'D2', '9:10PM', 'D2', '80, 88'),
(482, 301, 'E20', '3:10PM', 'D1', '4:18PM', 'D1', '80,90,R1,R2'),
(483, 301, 'E18', '3:10PM', 'D2', '3:49PM', 'D2', '94,R3'),
(484, 301, 'E14', '3:22PM', '62', '3:32PM', '62', '85,86'),
(485, 302, 'E20', '11:22AM', 'D1', '11:58AM', 'D1', '83,85'),
(486, 302, 'E18', '11:32AM', 'D2', '11:50AM', 'D2', ''),
(487, 303, 'E18', '6:18PM', 'D1', '8:05PM', 'D1', ''),
(488, 303, 'E21', '6:28PM', '35', '8:05PM', '35', '95'),
(489, 303, 'E20', '6:28PM', '55', '8:18PM', '55', '85'),
(490, 303, 'E14', '6:32PM', '27', '8:02PM', '27', '89'),
(491, 303, 'E19', '7:05PM', 'D1', '7:28PM', 'D1', '92'),
(492, 303, 'E18', '7:32PM', '62', '8:18PM', '62', '82'),
(493, 303, 'CC6', '7:40PM', '43', '8:13PM', '43', 'D1'),
(494, 304, 'E20', '7:35AM', 'D2', '8:07AM', 'D2', '85, 93, R3'),
(495, 304, 'E19', '7:36AM', 'D1', '8:03', 'D1', ''),
(496, 307, 'E20', '1:07PM', 'D1', '2:32PM', '27', '92,30'),
(497, 307, 'E19', '1:07PM', '27', '2:32PM', 'D1', 'R3'),
(498, 307, 'E22', '1:15PM', '22', '2:32PM', '22', '48,85,88'),
(499, 307, 'E18', '1:15PM', '35', '2:32PM', '35', '80,83'),
(500, 307, 'E21', '1:35PM', '55', '2:32PM', '55', '79'),
(501, 308, 'E20', '2:28AM', 'D2', '3:18AM', 'D2', '91, 88'),
(502, 308, 'E18', '2:33AM', '27', '3:12AM', '27', '92'),
(503, 309, 'E20', '12:19PM', 'D2', '12:25PM', 'D2', '83,92,R3'),
(504, 310, 'E19', '7:42PM', 'D1', '8:58PM', 'D1', '91,R3'),
(505, 310, 'E20', '7:46PM', '27', '8:47', '27', '90,92'),
(506, 310, 'E21', '8:05PM', '22', '8:50PM', '22', '88,95'),
(507, 311, 'E20', '8:37AM', 'D1', '9:37AM', 'D1', '30,R2,R3'),
(508, 311, 'E19', '8:37AM', 'D2', '9:37AM', 'D2', 'R1'),
(509, 311, 'E21', '8:39AM', '55', '10:22AM', '55', ''),
(510, 311, 'E14', '9:07AM', '22', '10:22AM', '22', ''),
(511, 311, 'E18', '9:26AM', '55', '', 'D1', ''),
(512, 312, 'E18', '10:31AM', '55', '10:59AM', '55', '13'),
(513, 312, 'E22', '10:32AM', '22', '10:59', '22', '09,88,85'),
(514, 313, 'E20', '2:27PM', 'D1', '2:42PM', 'D1', '96,18,R1,R2'),
(515, 313, 'E19', '2:27PM', 'D2', '2:45PM', 'D2', 'R3'),
(516, 314, 'E20', '6:16PM', 'D1', '10:02PM', 'D1', '85,R2'),
(517, 314, 'E18', '6:16PM', 'D2', '10:04PM', 'D2', '92'),
(518, 314, 'E19', '6:28PM', '22', '10:06PM', '22', '88'),
(519, 314, 'E14', '6:36PM', '27', '8:36PM', '27', ''),
(520, 314, 'E21', '6:39PM', '55', '8:43PM', '55', '09'),
(521, 314, 'CC6', '7:08PM', '83', '10:06PM', '83', '89,30,35,90'),
(522, 315, 'E20', '4:47PM', 'D1', '5:12PM', 'D1', '88,09,R1'),
(523, 315, 'E18', '4:47PM', 'D2', '5:15PM', 'D2', 'R3'),
(524, 316, 'E18', '7:41PM', 'D2', '8:26PM', 'D2', '80,87,85'),
(525, 316, 'E20', '7:49PM', '55', '8:47PM', '55', '48,90,92'),
(526, 316, 'E21', '7:58PM', '22', '8:13PM', '22', '88,95'),
(527, 317, 'E20', '11:59PM', 'D1', '1:30PM', 'D1', '30,84,R1,R2'),
(528, 317, 'E18', '11:59PM', 'D2', '1:30PM', 'D2', 'R3'),
(529, 317, 'E21', '12:14PM', '22', '12:27PM', '22', '88,87,09'),
(530, 317, 'E19', '12:19PM', '55', '12:27PM', '55', '48'),
(531, 318, 'E21', '12:40PM', '22', '1:13PM', '22', '88,87,09'),
(532, 318, 'E19', '12:46PM', '55', '1:13PM', '55', '48'),
(533, 319, 'E20', '5:11PM', '88', '6:26PM', '88', '48,92,94'),
(534, 319, 'E19', '5:12PM', 'D1', '6:25PM', 'D1', '80,R3'),
(535, 319, 'E21', '5:12PM', '22', '6:23PM', '22', '09'),
(536, 319, 'E18', '5:17PM', '55', '6:16PM', '55', '62'),
(537, 319, 'CC6', '5:27PM', '35', '6:21PM', '35', '85,82,96'),
(538, 320, 'E20', '2:23PM', 'D1', '', '', '83,R1,R2'),
(539, 320, 'E19', '2:23PM', 'D2', '', '', 'R3'),
(540, 320, 'E21', '2:33PM', '55', '', '', ''),
(541, 320, 'E18', '2:38PM', '35', '', '', ''),
(542, 320, 'E14', '2:38PM', '62', '', '', ''),
(543, 320, 'E22', '2:38', '22', '', '', ''),
(544, 321, 'E20', '12:10NN', 'D1', '12:46NN', 'D1', '92,93,R3'),
(545, 321, 'E18', '12:10NN', 'D2', '12:34', 'D2', '94,R3'),
(546, 322, 'E21', '3:43PM', 'D1', '4:38PM', 'D1', 'R3'),
(547, 323, 'E20', '11:40PM', 'D1', '12:35AM', 'D1', '84,92,R3'),
(548, 323, 'E21', '11:46PM', '55', '12:24', '55', '90'),
(549, 323, 'E19', '11:50PM', '62', '12:32', '62', '96'),
(550, 323, 'E18', '11:50PM', '22', '12:32AM', '22', '88'),
(551, 324, 'E20', '10:24PM', 'D1', '10:36PM', 'D1', '88,83,86,92'),
(552, 324, 'E18', '10:24PM', 'D2', '10:36PM', 'D2', '95,96,R3'),
(553, 325, 'E19', '5:40PM', 'D2', '6:02PM', 'D2', '92, R3'),
(554, 325, 'E20', '5:45PM', '62', '6:02PM', '62', '27, 80'),
(555, 326, 'E20', '10:31AM', 'D1', '12:09NN', 'D1', 'R1.R2'),
(556, 326, 'E18', '10:41AM', 'D2', '12"09NN', 'D2', 'R3'),
(557, 326, 'E14', '10:50AM', '27', '12:29NN', '27', '88'),
(558, 327, 'E20', '9:37PM', '88', '2:56AM', '88', '94, 95'),
(559, 327, 'E21', '9:37PM', '55', '10:46PM', '55', ''),
(560, 327, 'E18', '9:37PM', 'D2', '2:56AM', 'D2', '90'),
(561, 327, 'E19', '9:40PM', '63', '10:44PM', '63', ''),
(562, 327, 'E22', '9:56PM', '22', '10:31PM', '22', ''),
(563, 327, 'E14', '10:03PM', '27', '10:36PM', '62', ''),
(564, 328, 'E22', '9:35AM', 'D1', '10:42AM', 'D1', '83,94,R3'),
(565, 328, 'E14', '10:29AM', '27', '10:42AM', '27', '30'),
(566, 329, 'E19', '9:40AM', 'D2', '10:59AM', 'D2', 'R1.R3.86'),
(567, 330, 'E20', '1:49AM', '88', '5:11AM', '88', '85,96,83'),
(568, 330, 'E18', '1:49AM', 'D2', '4:53AM', 'D2', '92,R3'),
(569, 330, 'E14', '2:00AM', '27', '4:42AM', '27', '90'),
(570, 330, 'E21', '2:03AM', '55', '5:10AM', '55', '79,87'),
(571, 330, 'E19', '2:03AM', '62', '4:42AM', '62', ''),
(572, 330, 'E22', '2:11AM', '22', '4:50', '22', '35'),
(573, 331, 'E20', '1:56PM', 'D1', '2:03PM', 'D1', '90,R2'),
(574, 331, 'E19', '1:56PM', 'D2', '2:03PM', 'D2', 'R3'),
(575, 332, 'E19', '4:00PM', 'D2', '4:03PM', 'D2', '90,R1'),
(576, 333, 'E20', '10:49AM', 'D1', '3:22PM', 'D1', ''),
(577, 333, 'E18', '10:49AM', 'D2', '2:51PM', 'D2', '30,82,R3,R1,CARLO'),
(578, 333, 'E21', '11:00AM', '22', '1:35PM', '22', '48, 72, 94'),
(579, 333, 'E19', '11:03AM', '62', '1:35PM', '62', '18'),
(580, 333, 'E22', '11:14AM', '35', '3:22PM', '35', '09'),
(581, 334, 'E22', '7:06AM', 'D1', '8:19AM', 'D1', '83,85,09,R1'),
(582, 334, 'E18', '7:06AM', 'D2', '8:20AM', 'D2', 'R3'),
(583, 334, 'E14', '7:11AM', '27', '8:18AM', '27', ''),
(584, 334, 'E21', '7:17AM', '55', '8:09AM', '55', '62,76'),
(585, 334, 'E19', '7:18', '62', '8:11AM', '62', ''),
(586, 334, 'CC6', '7:31AM', '35', '8:19AM', '35', '40,30,91,42,63'),
(587, 336, 'E18', '5:44AM', 'D2', '6:05AM', 'D2', '83,85,86'),
(588, 336, 'E22', '5:58AM', '22', '6:40AM', '22', '88,92,94,96,R3'),
(589, 343, 'E22', '5:12PM', 'D1', '6:29PM', 'D1', '09, 94'),
(590, 343, 'E18', '5:12PM', 'D2', '6:29PM', 'D2', '92,R3,80'),
(591, 344, 'E18', '1:53AM', 'D2', '3:22AM', 'D2', ''),
(592, 344, 'E14', '1:59AM', '27', '3:22', '27', ''),
(593, 344, 'E19', '2:08AM', '22', '2:55', '22', ''),
(594, 344, 'CC6', '2:16AM', '87', '2:57', '88', ''),
(595, 347, 'E22', '9:51AM', 'D1', '11:17AM', 'D1', '86,R1,R2'),
(596, 347, 'E18', '9:51AM', 'D2', '11:17AM', 'D2', 'R3'),
(597, 347, 'E21', '10:08AM', '22', '10:46AM', '22', '62,88,9'),
(598, 350, 'E18', '6:22PM', '27', '8:08PM', '27', '83,92,48,86'),
(599, 350, 'E22', '6:30PM', '22', '8:02', '22', '85,95,89,90,88'),
(600, 350, 'E21', '6:35PM', 'D1', '7:49PM', 'D1', '18'),
(601, 350, 'E14', '7:14PM', 'D1', '7:44PM', '62', '72'),
(602, 381, 'E18', '3:26PM', 'D1', '3:41PM', 'D1', '90,92'),
(603, 382, 'E18', '5:24PM', 'D2', '5:40PM', 'D2', '09,R3,CARLO'),
(604, 383, 'E22', '4:11PM', 'D1', '4:29PM', 'D1', '80,94,R1'),
(605, 383, 'E18', '4:11PM', 'D2', '4:34PM', 'D2', 'R3'),
(606, 386, 'E18', '4:51AM', 'D2', '5:49AM', 'D2', ''),
(607, 386, 'E14', '4:56AM', '27', '6:21AM', '27', '85,R1'),
(608, 386, 'E22', '5:06AM', '22', '6:16AM', '22', '48,92,88'),
(609, 386, 'E21', '5:20AM', '40', '5:57AM', '40', '50'),
(610, 386, 'E19', '5:50AM', 'D1', '6:16AM', 'D1', '30,94'),
(611, 388, 'E18', '10:04AM', 'D2', '10:20AM', 'D2', '83,92,94'),
(612, 390, 'E22', '12:09PM', 'D1', '12:15PM', 'D1', 'R1,R2,R3'),
(613, 391, 'E18', '6:57PM', 'D2', '7:28PM', 'D2', '83,R3'),
(614, 392, 'E22', '3:19PM', '22', '3:26PM', '22', '83,CARLO'),
(615, 392, 'E18', '3:19PM', 'D1', '3:26PM', 'D1', 'R2,R3'),
(616, 395, 'E18', '1224AM', 'D2', '1:59AM', 'D2', '90,94,R3'),
(617, 395, 'E14', '12:29AM', '27', '1:59AM', '27', '88'),
(618, 398, 'E18', '6:53AM', 'D2', '7:19AM', 'D2', '90,92'),
(619, 399, 'E18', '2:15AM', 'D2', '2:50AM', 'D2', '88,92,95,R3'),
(620, 401, 'E18', '3:22PM', 'D2', '4:36PM', 'D2', 'R2,R3,R1'),
(621, 401, 'E19', '3:34PM', 'D1', '4:24PM', 'D1', '96,80'),
(622, 401, 'E14', '3:36PM', '27', '4:31PM', '27', '43'),
(623, 403, 'E18', '5:54AM', 'D2', '6:14AM', 'D2', '90,72'),
(624, 403, 'E14', '5:54AM', '27', '6:14AM', '27', '92'),
(625, 404, 'E18', '4:15AM', 'D2', '5:19AM', 'D2', '83,86,91'),
(626, 404, 'E14', '4:23AM', '27', '5:11AM', '27', '90,62,R3'),
(627, 405, 'E22', '4:56PM', 'D1', '6:50PM', 'D1', ''),
(628, 405, 'E18', '4:56PM', 'D2', '7:02PM', 'D2', ''),
(629, 405, 'E21', '5:08PM', '22', '5:20PM', '22', '80'),
(630, 405, 'E14', '5:08PM', '62', '5:16PM', '62', '30'),
(631, 407, 'E18', '9:08PM', 'D2', '8:33PM', 'D2', '83,93'),
(632, 408, 'E18', '12:06NN', 'D1', '1:42PM', 'D1', 'R3.R2.86'),
(633, 408, 'E14', '12;13NN', '62', '1:40PM', '62', ''),
(634, 408, 'E22', '12:19NN', '22', '1:41PM', '22', '27'),
(635, 408, 'E21', '12:26NN', '55', '1:20PM', '55', '93,98'),
(636, 409, 'E14', '2:09AM', '27', '3:52AM', '27', '86,96'),
(637, 409, 'E18', '2:23AM', 'D1', '3:38AM', '40', '38'),
(638, 409, 'E21', '2:17AM', '55', '3:51AM', '55', '89,97'),
(639, 409, 'E19', '2:51AM', '50', '3:53AM', 'D1', '50,89'),
(640, 410, 'E18', '1:55AM', 'D2', '3:00AM', 'D3', '83,93,94,86'),
(641, 410, 'E14', '2:00AM', '27', '3:01AM', '27', '27,85,R1,R3'),
(642, 411, 'E18', '9:53AM', 'D1', '11:06AM', 'D1', 'R2,R3,97'),
(643, 411, 'E14', '10:00AM', '62', '10:48AM', '62', '09,72'),
(644, 411, 'E21', '10:05AM', '22', '10:29AM', '22', '18'),
(645, 414, 'E18', '9:59PM', 'D2', '10:36PM', 'D2', '90,R1,R3'),
(646, 415, 'E22', '10:05AM', 'D1', '10:29AM', 'D1', '09,R2'),
(647, 415, 'E18', '10:05AM', 'D2', '10:29AM', 'D2', '83,R3'),
(648, 417, 'E18', '7:21PM', 'D2', '7:39PM', 'D2', '83,90,92,94'),
(649, 421, 'E18', '7:58AM', '40', '8:56AM', '40', ''),
(650, 421, 'E21', '7:58AM', '87', '8:56AM', '87', ''),
(651, 421, 'E22', '7:58AM', '22', '8:53AM', '22', ''),
(652, 421, 'E20', '7l58AM', '88', '8:56AM', '88', ''),
(653, 421, 'E19', '8:05AM', 'D1', '8:48AM', 'D1', '80'),
(654, 421, 'E14', '8:08AM', '27', '8:48AM', '27', 'R3'),
(655, 423, 'E18', '6:53PM', 'D2', '8:46PM', 'D2', '85,86,R3'),
(656, 423, 'E20', '6:56PM', '27', '8:50PM', '80', '80,92'),
(657, 423, 'E14', '7:35PM', '62', '9:05PM', '62', '88'),
(658, 423, 'E22', '7:07PM', '22', '9:48PM', '22', '87,93,30,90'),
(659, 423, 'E21', '7:07PM', '55', '9:17PM', '55', '82'),
(660, 423, 'E19', '7:41PM', '27', '8:35PM', '27', '68'),
(661, 423, 'CC6', '7:25PM', '48', '9:48', '90', '98,92'),
(662, 425, 'E20', '11:09PM', '88', '11:33PM', '88', '92,R1'),
(663, 425, 'E18', '11:09PM', 'D2', '11:33PM', 'D2', 'R3'),
(664, 427, 'E20', '4:58PM', 'D1', '6:27PM', 'D1', '09,94,R1,CARLO'),
(665, 427, 'E18', '5:02PM', 'D2', '6:27PM', 'D2', '80'),
(666, 427, 'E19', '5:10PM', '22', '6:26PM', '22', '48,92'),
(667, 427, 'E14', '5:11PM', '27', '6:26PM', '27', '83'),
(668, 430, 'E18', '6:38AM', 'D2', '7:04AM', 'D2', '85,83,R3,R1'),
(669, 431, 'E18', '10:06AM', 'D1', '10:09AM', 'D1', 'R3.83'),
(670, 432, 'E20', '1:24PM', 'D1', '1:39PM', 'D1', '94,R1'),
(671, 432, 'E18', '1:24PM', 'D2', '1:39PM', 'D2', 'R3'),
(672, 433, 'E20', '2:37PM', 'D1', '3:14PM', 'D1', '94,98'),
(673, 433, 'E18', '2:37PM', 'D2', '3:17PM', 'D2', 'R1'),
(674, 434, 'E20', '6:14PM', '27', '7:56PM', '27', '75'),
(675, 434, 'E19', '6:14PM', 'D2', '7:59PM', 'D2', 'R3'),
(676, 434, 'E14', '6:18PM', '22', '7:51PM', '22', '88'),
(677, 434, 'E21', '6:34PM', '50', '7:50PM', '50', '18'),
(678, 436, 'E19', '10:12PM', 'D2', '1:01AM', 'D2', '83,90'),
(679, 436, 'E20', '10:20PM', '88', '1:01AM', '88', '88,92'),
(680, 436, 'E14', '10:15PM', '27', '1:02AM', '27', 'R1,94'),
(681, 436, 'E21', '10:31PM', '22', '1:02AM', '22', '95'),
(682, 436, 'CC6', '11:25PM', '48', '1:02AM', '48', '89,96,98'),
(683, 437, 'E20', '1:33AM', '88', '2:40AM', '63', '88,89'),
(684, 437, 'E14', '1:33AM', '27', '2:42AM', '27', '97'),
(685, 437, 'E18', '1:45AM', '22', '2:43AM', '22', '92'),
(686, 437, 'E21', '1:54AM', '62', '2:10AM', '62', '90'),
(687, 438, 'E20', '11:51AM', '88', '1:14PM', '88', '92,87'),
(688, 438, 'E14', '11:51AM', '27', '1:13PM', '27', 'R3'),
(689, 438, 'E18', '11:57AM', '22', '1:11PM', '22', '90'),
(690, 438, 'E21', '12:02PM', '62', '12:45NN', '62', '87,09'),
(691, 439, 'E20', '2:56AM', '88', '3:18AM', '88', '83,92'),
(692, 439, 'E14', '3:00AM', '27', '3:15AM', '27', 'R3'),
(693, 440, 'E20', '5:35AM', 'D2', '7:00AM', 'D2', '92,90,83,R1'),
(694, 440, 'E14', '5:35AM', '27', '7:00AM', '27', 'R3'),
(695, 440, 'E18', '5:45AM', '22', '6:50AM', '22', '62,95'),
(696, 441, 'E20', '2:29PM', 'D1', '4:06PM', 'D1', '88,R3'),
(697, 441, 'E18', '2:29PM', 'D2', '4:09PM', 'D2', 'R3'),
(698, 441, 'E21', '2:43PM', '87', '4:09PM', '87', '72,98'),
(699, 443, 'E18', '10:17AM', 'D2', '10:39AM', 'D2', '92,R3,90'),
(700, 443, 'E20', '10:21AM', '88', '10:49AM', '88', '80'),
(701, 446, 'E20', '1:34PM', 'D1', '2:13PM', 'D1', '94'),
(702, 446, 'E18', '1:34PM', 'D2', '2:13PM', 'D2', ''),
(703, 447, 'E18', '9:52AM', 'D1', '11:24AM', 'D1', '90,R2,R3'),
(704, 447, 'E20', '9:59AM', '22', '10:49AM', '22', '18,94,82'),
(705, 447, 'E19', '9:59AM', 'D2', '10:43AM', 'D2', ''),
(706, 448, 'E18', '5:06AM', 'D1', '6:05AM', 'D1', '93,95,96,98'),
(707, 448, 'E14', '5:13AM', '27', '6:05AM', '27', '90,94,R3'),
(708, 449, 'E20', '12:29PM', 'D1', '12:56PM', 'D1', '92,90,R3'),
(709, 449, 'E14', '12:33PM', '27', '12:57PM', '27', ''),
(710, 449, 'E22', '12:42PM', '22', '12:55PM', '22', '88,87'),
(711, 451, 'E20', '4:16AM', '88', '4:22AM', '88', '90,94,R1,R3'),
(712, 451, 'E18', '4:16AM', 'D2', '4:22AM', 'D2', ''),
(713, 452, 'E18', '8:31AM', 'D1', '10:35AM', 'D1', '94,90,R1'),
(714, 452, 'E19', '9:44AM', 'D2', '10:13AM', 'D2', 'R2,R3'),
(715, 453, 'E18', '11:59AM', 'D1', '1:55PM', 'D1', '94,R1'),
(716, 453, 'E20', '12:14PM', 'D2', '1:55PM', 'D2', '90'),
(717, 453, 'E14', '12:14PM', '62', '1:55PM', '62', '18'),
(718, 453, 'E21', '12:35PM', '27', '1:55PM', '27', '98,82'),
(719, 454, 'E20', '2:54PM', 'D1', '3:49PM', 'D1', 'R1,90,94,R2'),
(720, 454, 'E18', '2:54PM', 'D2', '3:51PM', 'D2', 'R3'),
(721, 454, 'E14', '3:03PM', '27', '3:51PM', '27', '98,87'),
(722, 455, 'E20', '10:24AM', 'D1', '11:49AM', 'D1', '94,90,R1,R2'),
(723, 455, 'E18', '10:24AM', 'D2', '10:55AM', 'D2', 'R3'),
(724, 455, 'E19', '10:31AM', '62', '11:24AM', 'D2', '83'),
(725, 455, 'E14', '11:07AM', 'D2', '11:42AM', '62', '18'),
(726, 456, 'E20', '11:03AM', 'D1', '12:06PM', 'D1', 'R1,R2,90'),
(727, 456, 'E18', '11:03AM', 'D2', '12:06PM', 'D2', 'R3'),
(728, 456, 'E14', '11:09AM', '27', '11:57AM', '27', '88'),
(729, 456, 'E19', '11:09AM', '62', '11:57AM', '62', ''),
(730, 460, 'E20', '9:46PM', '80', '10:07PM', '80', '83,R3'),
(731, 461, 'E22', '2:27PM', 'D1', '4:11PM', 'D1', '86,94,R1,R2'),
(732, 461, 'E18', '2:27PM', 'D2', '4:11PM', 'D2', 'R3'),
(733, 463, 'E20', '4:30AM', '22', '', '', '83,86,90,94'),
(734, 463, 'E18', '', 'D2', '', '', 'R1,R3'),
(735, 463, 'E14', '', '82', '', '', '92'),
(736, 463, 'E19', '', '40', '', '', '18'),
(737, 463, 'E21', '', '87', '', '', 'R1'),
(738, 465, 'E20', '6:51PM', '79', '7:40PM', '79', '83,90,92,94,13'),
(739, 465, 'E18', '6:55PM', 'D2', '7:40PM', '22', '09,97'),
(740, 465, 'E14', '7PM', '50', '7:15PM', '50', '30,87'),
(741, 466, 'E18', '6:40PM', 'D2', '7:04PM', 'D2', '97,90,92'),
(742, 466, 'E14', '6:49PM', '62', '7:01PM', '62', '83'),
(743, 470, 'E20', '7:38PM', '88', '8:03PM', '88', '90,92,87'),
(744, 471, 'E18', '3:02AM', 'D2', '5:21AM', 'D2', '89,R3'),
(745, 471, 'E20', '3:06AM', '27', '5:27AM', '27', '83,86,87,90'),
(746, 471, 'E14', 'E:32AM', '22', '5:28AM', '22', '62'),
(747, 472, 'E18', '6:40AM', 'D2', '7:22AM', 'D2', '86,90,R3'),
(748, 472, 'E20', '6:54AM', '22', '6:54AM', '22', '80,92'),
(749, 473, 'E20', '3:58PM', 'D1', '5:12PM', '50', '86,77,R2'),
(750, 473, 'E18', '3:58PM', 'D2', '5:17PM', 'D2', 'R3'),
(751, 473, 'E21', '4:09PM', '22', '5:13PM', '27', ''),
(752, 473, 'E14', '4:09PM', '62', '5:12PM', '62', '30'),
(753, 473, 'E22', '4:20PM', '27', '5:12PM', '22', ''),
(754, 473, 'E12', '4:20PM', '50', '5:13PM', 'D1', '90'),
(755, 474, 'E19', '11:38PM', 'D2', '2:02AM', 'D2', '90,R3'),
(756, 474, 'E20', '11:47PM', '88', '2:02AM', '88', '30,95,98'),
(757, 474, 'E21', '11:53PM', '27', '1:28AM', '27', '92'),
(758, 474, 'E18', '11:54PM', '22', '1:25AM', '22', '40'),
(759, 474, 'CC6', '12:00AM', '83', '1:33', '83', '09,89'),
(760, 474, 'E14', '11:47PM', '62', '1:19AM', '62', ''),
(761, 476, 'E20', '4:05AM', '27', '5:46AM', '27', '83,84,86'),
(762, 476, 'E19', '4:13AM', 'D1', '5:46AM', 'D1', 'R3'),
(763, 476, 'E21', '4:13AM', '87', '5:46AM', '87', '90'),
(764, 476, 'CC6', '4:31AM', '62', '5:45AM', '62', '79'),
(765, 476, 'E18', '', '22', '', '', 'PM STANDBY'),
(766, 477, 'E20', '2:38PM', '55', '3:41PM', '55', '94,30,86,R2'),
(767, 477, 'E18', '2:38PM', 'D2', '3:28PM', '62', ''),
(768, 477, 'E21', '3:39PM', '62', '3:39PM', 'D2', 'R3'),
(769, 477, 'E22', '3:40PM', '27', '3:39PM', '27', '43'),
(770, 478, 'E20', '11:11AM', 'D1', '11:22AM', 'D1', '94,18,R2'),
(771, 478, 'E18', '11:12AM', 'D2', '11:22PM', 'D2', 'R3'),
(772, 479, 'E18', '12:20AM', 'D2', '12:43AM', 'D2', '93,94,98'),
(773, 481, 'E18', '6:17PM', 'D2', '6:20PM', 'D2', '92,80'),
(774, 484, 'E20', '10:04PM', '62', '12:23AM', '62', '86,87,95,R1'),
(775, 484, 'E19', '10:23PM', '22', '11:47PM', '22', '09'),
(776, 484, 'E18', '10:03PM', 'D2', '12:24AM', 'D2', '90,R3'),
(777, 484, 'E14', '10:10PM', '27', '12:18PM', '27', '88'),
(778, 486, 'E18', '6:26PM', 'D1', '6:55PM', 'D1', '90,92'),
(779, 490, 'E18', '5:15PM', 'D2', '5:41PM', 'D2', 'R3'),
(780, 490, 'E20', '5:15PM', 'D1', '5:41PM', 'D1', '90, 92'),
(781, 497, 'E19', '5:01AM', 'D2', '7:01AM', 'D2', '91, 84'),
(782, 497, 'E20', '5:10AM', '27', '6:40AM', '27', '83'),
(783, 497, 'E14', '5:11AM', '62', '6:07AM', '62', '92'),
(784, 497, 'E18', '5:15AM', '22', '7:12AM', '22', '90'),
(785, 497, 'E21', '5:36AM', '55', '7:01AM', '55', '94'),
(786, 500, 'E20', '4:58PM', 'D1', '6:12PM', 'D1', '0'),
(787, 500, 'E19', '4:58PM', 'D2', '6:12PM', 'D2', 'R3, R2'),
(788, 500, 'E21', '5:04PM', '80', '6:05PM', '80', '82, 90'),
(789, 500, 'E18', '5:10PM', '22', '6:12PM', '22', '0'),
(790, 502, 'E20', '2:40PM', 'D2', '2:48PM', 'D2', '83, 85'),
(791, 503, 'E19', '11:25AM', 'D2', '1:05PM', 'D2', '94'),
(792, 503, 'E20', '11:30AM', 'D1', '12:28PM', '22', '0'),
(793, 503, 'E21', '11:32AM', '55', '12:25PM', '55', '0'),
(794, 503, 'E18', '11:38AM', '40', '12:25PM', '62', '0'),
(795, 503, 'E12', '11:37AM', '27', '12:21PM', '27', '0'),
(796, 503, 'CC6', '11:42AM', '22', '12:18PM', 'D2', '0'),
(797, 504, 'E20', '2:31AM', 'D1', '3:38AM', 'D1', '30, 77, R2, R1'),
(798, 504, 'E19', '2:31AM', 'D2', '3:31AM', 'D2', 'R3'),
(799, 504, 'E18', '2:35AM', '48', '3:22AM', '48', '72'),
(800, 504, 'CC6', '2:48AM', '64', '3:31AM', '64', '85, 86, 88'),
(801, 505, 'E20', '7:00PM', 'D1', '7:19PM', 'D1', '30, 83, 85'),
(802, 505, 'E19', '7:00PM', 'D2', '7:12PM', 'D2', 'R3'),
(803, 506, 'E20', '7:55PM', 'D1', '10:06PM', 'D1', '64, 88, 89'),
(804, 506, 'E19', '7:55PM', 'D2', '10:08PM', 'D2', '0'),
(805, 506, 'E22', '7:57PM', '22', '10:17PM', '22', '0'),
(806, 506, 'E18', '8:13PM', '35', '10:06PM', '80', '94, 92'),
(807, 506, 'CC6', '8:20PM', '70', '9:22PM', '70', '0'),
(808, 506, 'CC5', '9:25PM', '70', '10:26PM', '70', '0'),
(809, 508, 'E20', '1:07AM', 'D1', '1:22AM', 'D1', '83, 85, 86'),
(810, 509, 'E20', '2:32PM', 'D2', '2:42PM', 'D2', '43, 48, 83'),
(811, 510, 'E20', '9:14PM', 'D1', '9:56PM', 'D1', '85, 94, 95'),
(812, 510, 'E19', '9:14PM', 'D2', '9:56PM', 'D2', 'R3'),
(813, 514, 'E20', '5:30AM', 'D2', '5:40AM', 'D2', '83, 92, 98, R3'),
(814, 515, 'E20', '10:11PM', 'D1', '10:25PM', 'D1', '45, 83, 84, 91'),
(815, 516, 'E20', '2:45AM', 'D1', '5:40AM', '29', '85, 83, 86, 93, 94'),
(816, 516, 'E19', '2:45AM', 'D2', '5:40AM', '27', '90, 92, R3'),
(817, 516, 'E21', '2:52AM', '55', '5:40AM', '55', '0'),
(818, 516, 'E12', '2:58AM', '27', '5:40AM', '88', '0'),
(819, 516, 'E18', '3:28AM', '22', '5:40AM', '22', '95, 88'),
(820, 516, 'CC6', '4:12AM', '89', '5:40AM', '85', '48, 89'),
(821, 518, 'E20', '5:40AM', '80', '5:40AM', '80', '83, 85, 92'),
(822, 518, 'E19', '5:41AM', 'D1', '5:41AM', 'D1', 'R3'),
(823, 519, 'E20', '4:56PM', 'D1', '6:17PM', 'D1', '0'),
(824, 519, 'E19', '4:56PM', 'D2', '6:35PM', 'D2', '0'),
(825, 519, 'E21', '5:07PM', '55', '6:17PM', '55', '0'),
(826, 519, 'E18', '5:09PM', '22', '6:17PM', '22', '0'),
(827, 519, 'CC6', '5:13PM', '62', '6:35PM', '62', '0'),
(828, 519, 'CC5', '5:28PM', '79', '6:37PM', '79', '0'),
(829, 520, 'E20', '1:12AM', 'D1', '1:20AM', 'D1', '83, 85, 86'),
(830, 520, 'E19', '1:12AM', 'D2', '1:17AM', 'D2', '92, 94, 90'),
(831, 521, 'E20', '7:55PM', 'D1', '8:10PM', 'D1', '85, 86, 95'),
(832, 521, 'E19', '7:56PM', 'D2', '8:04PM', 'D2', '83, 88'),
(833, 522, 'E20', '7:34PM', 'D1', '8:33PM', 'D1', '87, 83'),
(834, 522, 'E19', '7:34PM', 'D2', '8:33PM', 'D2', 'R3'),
(835, 522, 'E18', '7:44PM', '27', '7:46PM', '27', '64, 92, 95'),
(836, 524, 'E20', '3:27AM', 'D1', '4:35AM', '27', '85, 83, 94, 96'),
(837, 524, 'E18', '3:27AM', 'D2', '4:33AM', 'D1', '90, 95'),
(838, 524, 'E19', '3:34AM', '27', '4:35AM', 'D2', '0'),
(839, 524, 'E21', '3:41AM', '80', '4:33AM', '55', '0'),
(840, 524, 'CC6', '3:56AM', '62', '4:35AM', '64', '22, 88, 30, 40'),
(841, 525, 'E20', '6:20PM', '80', '7:45PM', '80', 'R3, 90. 85'),
(842, 525, 'E19', '6:20PM', 'D2', '7:50PM', 'D2', 'R3'),
(843, 525, 'E18', '6:23PM', 'D1', '7:50PM', 'D1', '82'),
(844, 526, 'E20', '6:57PM', 'D1', '7:14PM', 'D1', '83, 90'),
(845, 526, 'E19', '6:57PM', 'D2', '7:14PM', 'D2', 'R3'),
(846, 527, 'E20', '11:28PM', 'D1', '11:52PM', 'D1', '83, 85, 90'),
(847, 527, 'E19', '11:28PM', 'D2', '11:49PM', 'D2', '94, R3'),
(848, 528, 'E20', '1:33PM', '27', '1:45PM', '27', '83, 85'),
(849, 528, 'E19', '1:33PM', 'D1', '1:45PM', 'D1', '0'),
(850, 529, 'E20', '8:21PM', 'D1', '9:01PM', 'D1', '85, 83, R3'),
(851, 529, 'E19', '8:24PM', 'D2', '9:02PM', 'D2', '94, R3'),
(852, 531, 'E20', '3:13PM', 'D1', '4:38PM', 'D1', '85, R1, R2'),
(853, 531, 'E19', '3:16PM', '22', '4:13PM', '22', 'R3'),
(854, 537, 'E20', '4:34PM', 'D1', '6:18PM', 'D1', '88, R1, R2'),
(855, 537, 'E19', '4:34PM', '27', '6:19PM', '27', 'R3'),
(856, 537, 'E18', '4:49PM', '22', '6:19PM', '22', '89'),
(857, 537, 'E21', '4:49PM', '55', '6:19PM', '55', '90'),
(858, 538, 'E20', '11:34PM', 'D1', '11:41PM', 'D1', '83, 92, R3'),
(859, 538, 'E21', '11:34PM', 'D2', '11:41PM', 'D2', '90'),
(860, 539, 'E20', '5:18PM', 'D1', '5:49PM', 'D1', '90, 92'),
(861, 539, 'E19', '5:18PM', 'D2', '5:49PM', 'D2', 'R3, R1');

-- --------------------------------------------------------

--
-- Table structure for table `fire_attendance`
--

DROP TABLE IF EXISTS `fire_attendance`;
CREATE TABLE IF NOT EXISTS `fire_attendance` (
  `id` bigint(20) NOT NULL AUTO_INCREMENT,
  `unit` varchar(10) NOT NULL,
  `fire_data_id` bigint(11) NOT NULL,
  `attendance_date` date NOT NULL,
  `remarks` text,
  `status` varchar(20) NOT NULL DEFAULT 'active',
  PRIMARY KEY (`id`),
  KEY `unit` (`unit`),
  KEY `attendance_date` (`attendance_date`),
  KEY `unit_2` (`unit`),
  KEY `unit_3` (`unit`,`fire_data_id`,`attendance_date`),
  KEY `fire_data_id` (`fire_data_id`)
) ENGINE=InnoDB  DEFAULT CHARSET=utf8 AUTO_INCREMENT=3505 ;

--
-- Dumping data for table `fire_attendance`
--

INSERT INTO `fire_attendance` (`id`, `unit`, `fire_data_id`, `attendance_date`, `remarks`, `status`) VALUES
(1, '09', 28, '2017-05-23', NULL, 'active'),
(2, '22', 28, '2017-05-23', NULL, 'active'),
(3, '90', 28, '2017-05-23', NULL, 'active'),
(4, '92', 28, '2017-05-23', NULL, 'active'),
(5, '94', 28, '2017-05-23', NULL, 'active'),
(6, 'R1', 28, '2017-05-23', NULL, 'active'),
(7, 'R3', 28, '2017-05-23', NULL, 'active'),
(8, 'D2', 28, '2017-05-23', NULL, 'active'),
(9, '75', 28, '2017-05-23', NULL, 'active'),
(10, '09', 30, '2017-05-21', NULL, 'active'),
(11, '13', 30, '2017-05-21', NULL, 'active'),
(12, '22', 30, '2017-05-21', NULL, 'active'),
(13, '27', 30, '2017-05-21', NULL, 'active'),
(14, '43', 30, '2017-05-21', NULL, 'active'),
(15, '55', 30, '2017-05-21', NULL, 'active'),
(16, '72', 30, '2017-05-21', NULL, 'active'),
(17, '40', 30, '2017-05-21', NULL, 'active'),
(18, '75', 30, '2017-05-21', NULL, 'active'),
(19, '83', 30, '2017-05-21', NULL, 'active'),
(20, '88', 30, '2017-05-21', NULL, 'active'),
(21, '89', 30, '2017-05-21', NULL, 'active'),
(22, '90', 30, '2017-05-21', NULL, 'active'),
(23, '95', 30, '2017-05-21', NULL, 'active'),
(24, '96', 30, '2017-05-21', NULL, 'active'),
(26, 'D1', 30, '2017-05-21', NULL, 'active'),
(27, '92', 30, '2017-05-21', NULL, 'active'),
(29, '63', 31, '2017-05-21', NULL, 'active'),
(30, 'R3', 31, '2017-05-21', NULL, 'active'),
(31, '09', 31, '2017-05-21', NULL, 'active'),
(32, '13', 31, '2017-05-21', NULL, 'active'),
(33, '27', 31, '2017-05-21', NULL, 'active'),
(34, '22', 31, '2017-05-21', NULL, 'active'),
(35, '55', 31, '2017-05-21', NULL, 'active'),
(36, '88', 31, '2017-05-21', NULL, 'active'),
(37, '89', 31, '2017-05-21', NULL, 'active'),
(38, '95', 31, '2017-05-21', NULL, 'active'),
(39, '96', 31, '2017-05-21', NULL, 'active'),
(40, '72', 31, '2017-05-21', NULL, 'active'),
(41, 'D1', 31, '2017-05-21', NULL, 'active'),
(42, '92', 31, '2017-05-21', NULL, 'active'),
(43, 'R3', 30, '2017-05-21', NULL, 'active'),
(44, '88', 32, '2017-05-20', NULL, 'active'),
(45, '86', 32, '2017-05-20', NULL, 'active'),
(46, '92', 32, '2017-05-20', NULL, 'active'),
(47, 'D1', 32, '2017-05-20', NULL, 'active'),
(48, 'R2', 32, '2017-05-20', NULL, 'active'),
(49, 'R3', 32, '2017-05-20', NULL, 'active'),
(50, '29', 34, '2017-05-18', NULL, 'active'),
(51, '55', 34, '2017-05-18', NULL, 'active'),
(52, '68', 34, '2017-05-18', NULL, 'active'),
(53, '72', 34, '2017-05-18', NULL, 'active'),
(54, '75', 34, '2017-05-18', NULL, 'active'),
(55, '95', 34, '2017-05-18', NULL, 'active'),
(56, '63', 34, '2017-05-18', NULL, 'active'),
(57, 'D1', 34, '2017-05-18', NULL, 'active'),
(58, 'D2', 34, '2017-05-18', NULL, 'active'),
(59, 'R2', 34, '2017-05-18', NULL, 'active'),
(60, 'R3', 34, '2017-05-18', NULL, 'active'),
(61, '87', 36, '2017-05-15', NULL, 'active'),
(62, '72', 36, '2017-05-15', NULL, 'active'),
(63, '86', 36, '2017-05-15', NULL, 'active'),
(64, '90', 36, '2017-05-15', NULL, 'active'),
(65, '94', 36, '2017-05-15', NULL, 'active'),
(66, '96', 36, '2017-05-15', NULL, 'active'),
(67, 'D2', 36, '2017-05-15', NULL, 'active'),
(68, 'R3', 36, '2017-05-15', NULL, 'active'),
(69, '29', 37, '2017-05-15', NULL, 'active'),
(70, '72', 37, '2017-05-15', NULL, 'active'),
(71, '75', 37, '2017-05-15', NULL, 'active'),
(72, '68', 37, '2017-05-15', NULL, 'active'),
(73, 'R2', 37, '2017-05-15', NULL, 'active'),
(74, 'R3', 37, '2017-05-15', NULL, 'active'),
(75, '87', 37, '2017-05-15', NULL, 'active'),
(76, '45', 37, '2017-05-15', NULL, 'active'),
(77, '38', 40, '2017-05-04', NULL, 'active'),
(78, '83', 40, '2017-05-04', NULL, 'active'),
(79, '86', 40, '2017-05-04', NULL, 'active'),
(80, '90', 40, '2017-05-04', NULL, 'active'),
(81, 'D2', 40, '2017-05-04', NULL, 'active'),
(82, 'R3', 40, '2017-05-04', NULL, 'active'),
(83, '90', 41, '2017-05-03', NULL, 'active'),
(84, '92', 41, '2017-05-03', NULL, 'active'),
(85, 'R3', 41, '2017-05-03', NULL, 'active'),
(86, 'D2', 41, '2017-05-03', NULL, 'active'),
(87, '86', 44, '2017-05-02', NULL, 'active'),
(88, 'R1', 44, '2017-05-02', NULL, 'active'),
(89, 'R2', 44, '2017-05-02', NULL, 'active'),
(90, 'R3', 44, '2017-05-02', NULL, 'active'),
(91, 'D1', 44, '2017-05-02', NULL, 'active'),
(92, 'D2', 44, '2017-05-02', NULL, 'active'),
(93, '94', 45, '2017-05-01', NULL, 'active'),
(94, 'R1', 45, '2017-05-01', NULL, 'active'),
(95, 'R3', 45, '2017-05-01', NULL, 'active'),
(96, 'D2', 45, '2017-05-01', NULL, 'active'),
(97, '13', 51, '2017-04-20', NULL, 'active'),
(99, '75', 51, '2017-04-20', NULL, 'active'),
(100, '77', 51, '2017-04-20', NULL, 'active'),
(101, '80', 51, '2017-04-20', NULL, 'active'),
(102, 'R1', 51, '2017-04-20', NULL, 'active'),
(103, 'R2', 51, '2017-04-20', NULL, 'active'),
(104, 'R3', 51, '2017-04-20', NULL, 'active'),
(105, '09', 53, '2017-04-20', NULL, 'active'),
(106, '13', 53, '2017-04-20', NULL, 'active'),
(107, '22', 53, '2017-04-20', NULL, 'active'),
(108, '27', 53, '2017-04-20', NULL, 'active'),
(109, '40', 53, '2017-04-20', NULL, 'active'),
(110, '72', 53, '2017-04-20', NULL, 'active'),
(111, '77', 53, '2017-04-20', NULL, 'active'),
(112, '75', 53, '2017-04-20', NULL, 'active'),
(113, '83', 53, '2017-04-20', NULL, 'active'),
(114, '86', 53, '2017-04-20', NULL, 'active'),
(115, '87', 53, '2017-04-20', NULL, 'active'),
(116, '93', 53, '2017-04-20', NULL, 'active'),
(117, '95', 53, '2017-04-20', NULL, 'active'),
(118, 'D2', 53, '2017-04-20', NULL, 'active'),
(119, 'R3', 53, '2017-04-20', NULL, 'active'),
(120, '42', 51, '2017-04-20', NULL, 'active'),
(121, '22', 56, '2017-04-16', NULL, 'active'),
(122, '84', 56, '2017-04-16', NULL, 'active'),
(123, '27', 56, '2017-04-16', NULL, 'active'),
(124, '91', 56, '2017-04-16', NULL, 'active'),
(125, '92', 56, '2017-04-16', NULL, 'active'),
(126, '93', 56, '2017-04-16', NULL, 'active'),
(127, '63', 56, '2017-04-16', NULL, 'active'),
(128, '95', 56, '2017-04-16', NULL, 'active'),
(129, '88', 56, '2017-04-16', NULL, 'active'),
(130, '45', 56, '2017-04-16', NULL, 'active'),
(131, 'D2', 56, '2017-04-16', NULL, 'active'),
(132, '27', 43, '2017-05-02', NULL, 'active'),
(133, '75', 43, '2017-05-02', NULL, 'active'),
(134, '86', 43, '2017-05-02', NULL, 'active'),
(135, '90', 43, '2017-05-02', NULL, 'active'),
(136, 'R3', 43, '2017-05-02', NULL, 'active'),
(137, 'D2', 43, '2017-05-02', NULL, 'active'),
(138, '22', 46, '2017-05-01', NULL, 'active'),
(139, '45', 46, '2017-05-01', NULL, 'active'),
(140, '72', 46, '2017-05-01', NULL, 'active'),
(141, '88', 46, '2017-05-01', NULL, 'active'),
(142, '92', 46, '2017-05-01', NULL, 'active'),
(143, 'R1', 46, '2017-05-01', NULL, 'active'),
(144, 'R3', 46, '2017-05-01', NULL, 'active'),
(145, 'D1', 46, '2017-05-01', NULL, 'active'),
(146, 'D2', 46, '2017-05-01', NULL, 'active'),
(147, '27', 58, '2017-04-15', NULL, 'active'),
(148, '63', 58, '2017-04-15', NULL, 'active'),
(149, '72', 58, '2017-04-15', NULL, 'active'),
(150, '88', 58, '2017-04-15', NULL, 'active'),
(151, '90', 58, '2017-04-15', NULL, 'active'),
(152, '92', 58, '2017-04-15', NULL, 'active'),
(153, '93', 58, '2017-04-15', NULL, 'active'),
(154, 'D2', 58, '2017-04-15', NULL, 'active'),
(155, '95', 58, '2017-04-15', NULL, 'active'),
(156, '13', 59, '2017-04-14', NULL, 'active'),
(157, '22', 59, '2017-04-14', NULL, 'active'),
(158, '27', 59, '2017-04-14', NULL, 'active'),
(159, '88', 59, '2017-04-14', NULL, 'active'),
(160, '90', 59, '2017-04-14', NULL, 'active'),
(161, '92', 59, '2017-04-14', NULL, 'active'),
(162, '84', 59, '2017-04-14', NULL, 'active'),
(163, '97', 59, '2017-04-14', NULL, 'active'),
(164, '95', 59, '2017-04-14', NULL, 'active'),
(165, '91', 59, '2017-04-14', NULL, 'active'),
(166, 'D2', 59, '2017-04-14', NULL, 'active'),
(167, '83', 59, '2017-04-14', NULL, 'active'),
(168, '09', 61, '2017-04-10', NULL, 'active'),
(169, '30', 61, '2017-04-10', NULL, 'active'),
(170, '22', 61, '2017-04-10', NULL, 'active'),
(171, '27', 61, '2017-04-10', NULL, 'active'),
(172, '48', 61, '2017-04-10', NULL, 'active'),
(173, '55', 61, '2017-04-10', NULL, 'active'),
(174, '62', 61, '2017-04-10', NULL, 'active'),
(175, '68', 61, '2017-04-10', NULL, 'active'),
(176, '72', 61, '2017-04-10', NULL, 'active'),
(177, '75', 61, '2017-04-10', NULL, 'active'),
(178, '90', 61, '2017-04-10', NULL, 'active'),
(179, 'R1', 61, '2017-04-10', NULL, 'active'),
(180, 'R2', 61, '2017-04-10', NULL, 'active'),
(181, 'R3', 61, '2017-04-10', NULL, 'active'),
(182, 'D1', 61, '2017-04-10', NULL, 'active'),
(183, 'D2', 61, '2017-04-10', NULL, 'active'),
(184, '27', 63, '2017-04-05', NULL, 'active'),
(185, '63', 63, '2017-04-05', NULL, 'active'),
(186, '80', 63, '2017-04-05', NULL, 'active'),
(187, '75', 63, '2017-04-05', NULL, 'active'),
(188, '90', 63, '2017-04-05', NULL, 'active'),
(189, '92', 63, '2017-04-05', NULL, 'active'),
(190, 'R3', 63, '2017-04-05', NULL, 'active'),
(191, 'D2', 63, '2017-04-05', NULL, 'active'),
(192, 'R1', 63, '2017-04-05', NULL, 'active'),
(193, '75', 66, '2017-04-04', NULL, 'active'),
(194, '91', 66, '2017-04-04', NULL, 'active'),
(195, 'R1', 66, '2017-04-04', NULL, 'active'),
(196, 'R2', 66, '2017-04-04', NULL, 'active'),
(197, 'R3', 66, '2017-04-04', NULL, 'active'),
(198, 'D1', 66, '2017-04-04', NULL, 'active'),
(199, 'D2', 66, '2017-04-04', NULL, 'active'),
(200, '27', 67, '2017-04-03', NULL, 'active'),
(201, '80', 67, '2017-04-03', NULL, 'active'),
(202, '86', 67, '2017-04-03', NULL, 'active'),
(203, '90', 67, '2017-04-03', NULL, 'active'),
(204, '92', 67, '2017-04-03', NULL, 'active'),
(205, '94', 67, '2017-04-03', NULL, 'active'),
(206, '75', 67, '2017-04-03', NULL, 'active'),
(207, 'D2', 67, '2017-04-03', NULL, 'active'),
(208, 'R3', 67, '2017-04-03', NULL, 'active'),
(209, '09', 74, '2017-03-26', NULL, 'active'),
(210, '22', 74, '2017-03-26', NULL, 'active'),
(211, '30', 74, '2017-03-26', NULL, 'active'),
(212, '38', 74, '2017-03-26', NULL, 'active'),
(213, '40', 74, '2017-03-26', NULL, 'active'),
(214, '72', 74, '2017-03-26', NULL, 'active'),
(215, '84', 74, '2017-03-26', NULL, 'active'),
(216, '87', 74, '2017-03-26', NULL, 'active'),
(217, '88', 74, '2017-03-26', NULL, 'active'),
(218, '90', 74, '2017-03-26', NULL, 'active'),
(219, '92', 74, '2017-03-26', NULL, 'active'),
(220, '94', 74, '2017-03-26', NULL, 'active'),
(221, '95', 74, '2017-03-26', NULL, 'active'),
(222, 'R3', 74, '2017-03-26', NULL, 'active'),
(223, 'D2', 74, '2017-03-26', NULL, 'active'),
(224, '90', 78, '2017-03-22', NULL, 'active'),
(225, '68', 78, '2017-03-22', NULL, 'active'),
(226, 'R1', 78, '2017-03-22', NULL, 'active'),
(227, 'R3', 78, '2017-03-22', NULL, 'active'),
(228, 'D2', 78, '2017-03-22', NULL, 'active'),
(229, '94', 83, '2017-03-13', NULL, 'active'),
(230, '09', 83, '2017-03-13', NULL, 'active'),
(231, '22', 83, '2017-03-13', NULL, 'active'),
(232, '83', 83, '2017-03-13', NULL, 'active'),
(233, '86', 83, '2017-03-13', NULL, 'active'),
(234, '98', 83, '2017-03-13', NULL, 'active'),
(235, '90', 83, '2017-03-13', NULL, 'active'),
(236, '72', 83, '2017-03-13', NULL, 'active'),
(237, 'D2', 83, '2017-03-13', NULL, 'active'),
(238, '27', 83, '2017-03-13', NULL, 'active'),
(239, '45', 83, '2017-03-13', NULL, 'active'),
(240, '09', 88, '2016-11-01', NULL, 'active'),
(241, '63', 88, '2016-11-01', NULL, 'active'),
(242, '90', 88, '2016-11-01', NULL, 'active'),
(243, '92', 88, '2016-11-01', NULL, 'active'),
(244, '95', 88, '2016-11-01', NULL, 'active'),
(245, 'D2', 88, '2016-11-01', NULL, 'active'),
(253, '27', 90, '2016-11-04', NULL, 'active'),
(254, '48', 90, '2016-11-04', NULL, 'active'),
(255, '83', 90, '2016-11-04', NULL, 'active'),
(256, '90', 90, '2016-11-04', NULL, 'active'),
(257, '92', 90, '2016-11-04', NULL, 'active'),
(258, 'R3', 90, '2016-11-04', NULL, 'active'),
(259, 'R1', 90, '2016-11-04', NULL, 'active'),
(260, '09', 91, '2016-11-04', NULL, 'active'),
(261, '22', 91, '2016-11-04', NULL, 'active'),
(262, '30', 91, '2016-11-04', NULL, 'active'),
(263, '43', 91, '2016-11-04', NULL, 'active'),
(264, '75', 91, '2016-11-04', NULL, 'active'),
(265, '80', 91, '2016-11-04', NULL, 'active'),
(266, '27', 91, '2016-11-04', NULL, 'active'),
(267, '62', 91, '2016-11-04', NULL, 'active'),
(268, '87', 91, '2016-11-04', NULL, 'active'),
(269, '88', 91, '2016-11-04', NULL, 'active'),
(270, '90', 91, '2016-11-04', NULL, 'active'),
(271, '91', 91, '2016-11-04', NULL, 'active'),
(272, '93', 91, '2016-11-04', NULL, 'active'),
(273, '94', 91, '2016-11-04', NULL, 'active'),
(274, '95', 91, '2016-11-04', NULL, 'active'),
(275, '97', 91, '2016-11-04', NULL, 'active'),
(276, '98', 91, '2016-11-04', NULL, 'active'),
(277, '72', 91, '2016-11-04', NULL, 'active'),
(278, '89', 91, '2016-11-04', NULL, 'active'),
(279, '92', 91, '2016-11-04', NULL, 'active'),
(280, '79', 92, '2016-11-05', NULL, 'active'),
(281, '75', 92, '2016-11-05', NULL, 'active'),
(282, 'R1', 92, '2016-11-05', NULL, 'active'),
(283, 'D1', 92, '2016-11-05', NULL, 'active'),
(284, 'R3', 92, '2016-11-05', NULL, 'active'),
(285, '83', 95, '2016-11-10', NULL, 'active'),
(286, '88', 95, '2016-11-10', NULL, 'active'),
(287, '90', 95, '2016-11-10', NULL, 'active'),
(288, '92', 95, '2016-11-10', NULL, 'active'),
(289, 'D2', 95, '2016-11-10', NULL, 'active'),
(290, 'R3', 95, '2016-11-10', NULL, 'active'),
(291, '97', 95, '2016-11-10', NULL, 'active'),
(292, '27', 96, '2016-11-10', NULL, 'active'),
(293, '83', 96, '2016-11-10', NULL, 'active'),
(294, '94', 96, '2016-11-10', NULL, 'active'),
(295, '95', 96, '2016-11-10', NULL, 'active'),
(296, 'R2', 96, '2016-11-10', NULL, 'active'),
(297, 'R3', 96, '2016-11-10', NULL, 'active'),
(298, 'D1', 96, '2016-11-10', NULL, 'active'),
(299, 'D2', 96, '2016-11-10', NULL, 'active'),
(300, '94', 98, '2016-11-15', NULL, 'active'),
(301, 'R2', 98, '2016-11-15', NULL, 'active'),
(302, 'R3', 98, '2016-11-15', NULL, 'active'),
(303, 'D1', 98, '2016-11-15', NULL, 'active'),
(304, 'D2', 98, '2016-11-15', NULL, 'active'),
(305, '18', 99, '2016-11-21', NULL, 'active'),
(306, '22', 99, '2016-11-21', NULL, 'active'),
(307, '29', 99, '2016-11-21', NULL, 'active'),
(308, '48', 99, '2016-11-21', NULL, 'active'),
(309, '62', 99, '2016-11-21', NULL, 'active'),
(310, '63', 99, '2016-11-21', NULL, 'active'),
(311, '68', 99, '2016-11-21', NULL, 'active'),
(312, '72', 99, '2016-11-21', NULL, 'active'),
(313, '75', 99, '2016-11-21', NULL, 'active'),
(314, '83', 99, '2016-11-21', NULL, 'active'),
(315, '87', 99, '2016-11-21', NULL, 'active'),
(316, '94', 99, '2016-11-21', NULL, 'active'),
(317, 'R3', 99, '2016-11-21', NULL, 'active'),
(318, '18', 100, '2017-03-03', NULL, 'active'),
(319, '72', 100, '2017-03-03', NULL, 'active'),
(320, '77', 100, '2017-03-03', NULL, 'active'),
(321, '80', 100, '2017-03-03', NULL, 'active'),
(322, 'R1', 100, '2017-03-03', NULL, 'active'),
(323, 'R2', 100, '2017-03-03', NULL, 'active'),
(324, 'D1', 100, '2017-03-03', NULL, 'active'),
(325, 'D2', 100, '2017-03-03', NULL, 'active'),
(326, 'R3', 100, '2017-03-03', NULL, 'active'),
(327, '40', 103, '2017-03-01', NULL, 'active'),
(328, '72', 103, '2017-03-01', NULL, 'active'),
(329, 'D1', 103, '2017-03-01', NULL, 'active'),
(330, 'R3', 103, '2017-03-01', NULL, 'active'),
(332, '48', 105, '2017-02-23', NULL, 'active'),
(333, 'R1', 105, '2017-02-23', NULL, 'active'),
(334, 'R2', 105, '2017-02-23', NULL, 'active'),
(335, 'R3', 105, '2017-02-23', NULL, 'active'),
(336, 'D1', 105, '2017-02-23', NULL, 'active'),
(337, 'D2', 105, '2017-02-23', NULL, 'active'),
(338, '75', 105, '2017-02-23', NULL, 'active'),
(339, '22', 106, '2017-02-21', NULL, 'active'),
(340, '48', 106, '2017-02-21', NULL, 'active'),
(341, '55', 106, '2017-02-21', NULL, 'active'),
(342, '72', 106, '2017-02-21', NULL, 'active'),
(343, '75', 106, '2017-02-21', NULL, 'active'),
(344, '90', 106, '2017-02-21', NULL, 'active'),
(345, '91', 106, '2017-02-21', NULL, 'active'),
(346, '94', 106, '2017-02-21', NULL, 'active'),
(347, 'R3', 106, '2017-02-21', NULL, 'active'),
(348, 'R2', 106, '2017-02-21', NULL, 'active'),
(349, 'D1', 106, '2017-02-21', NULL, 'active'),
(350, 'D2', 106, '2017-02-21', NULL, 'active'),
(351, '30', 107, '2017-02-20', NULL, 'active'),
(352, '80', 107, '2017-02-20', NULL, 'active'),
(353, '84', 107, '2017-02-20', NULL, 'active'),
(354, '88', 107, '2017-02-20', NULL, 'active'),
(355, '90', 107, '2017-02-20', NULL, 'active'),
(356, '92', 107, '2017-02-20', NULL, 'active'),
(357, '94', 107, '2017-02-20', NULL, 'active'),
(358, 'D2', 107, '2017-02-20', NULL, 'active'),
(359, 'R2', 107, '2017-02-20', NULL, 'active'),
(360, '72', 107, '2017-02-20', NULL, 'active'),
(361, '75', 107, '2017-02-20', NULL, 'active'),
(362, '77', 107, '2017-02-20', NULL, 'active'),
(363, '87', 107, '2017-02-20', NULL, 'active'),
(364, '09', 108, '2017-02-20', NULL, 'active'),
(365, '22', 108, '2017-02-20', NULL, 'active'),
(366, '30', 108, '2017-02-20', NULL, 'active'),
(367, '40', 108, '2017-02-20', NULL, 'active'),
(368, '45', 108, '2017-02-20', NULL, 'active'),
(369, '55', 108, '2017-02-20', NULL, 'active'),
(370, '63', 108, '2017-02-20', NULL, 'active'),
(371, '62', 108, '2017-02-20', NULL, 'active'),
(372, '68', 108, '2017-02-20', NULL, 'active'),
(373, '83', 108, '2017-02-20', NULL, 'active'),
(374, '87', 108, '2017-02-20', NULL, 'active'),
(375, '90', 108, '2017-02-20', NULL, 'active'),
(376, '91', 108, '2017-02-20', NULL, 'active'),
(377, '92', 108, '2017-02-20', NULL, 'active'),
(378, '94', 108, '2017-02-20', NULL, 'active'),
(379, '98', 108, '2017-02-20', NULL, 'active'),
(380, '88', 108, '2017-02-20', NULL, 'active'),
(381, 'R3', 108, '2017-02-20', NULL, 'active'),
(382, 'D2', 108, '2017-02-20', NULL, 'active'),
(383, '75', 108, '2017-02-20', NULL, 'active'),
(384, '86', 108, '2017-02-20', NULL, 'active'),
(385, '84', 112, '2017-02-11', NULL, 'active'),
(386, '86', 112, '2017-02-11', NULL, 'active'),
(387, '88', 112, '2017-02-11', NULL, 'active'),
(388, '90', 112, '2017-02-11', NULL, 'active'),
(389, '92', 112, '2017-02-11', NULL, 'active'),
(390, '94', 112, '2017-02-11', NULL, 'active'),
(391, '09', 120, '2017-01-30', NULL, 'active'),
(392, '42', 120, '2017-01-30', NULL, 'active'),
(393, '63', 120, '2017-01-30', NULL, 'active'),
(394, '68', 120, '2017-01-30', NULL, 'active'),
(395, '72', 120, '2017-01-30', NULL, 'active'),
(396, '75', 120, '2017-01-30', NULL, 'active'),
(397, '80', 120, '2017-01-30', NULL, 'active'),
(398, '83', 120, '2017-01-30', NULL, 'active'),
(399, '87', 120, '2017-01-30', NULL, 'active'),
(400, '86', 120, '2017-01-30', NULL, 'active'),
(401, '88', 120, '2017-01-30', NULL, 'active'),
(402, '90', 120, '2017-01-30', NULL, 'active'),
(403, '92', 120, '2017-01-30', NULL, 'active'),
(404, '94', 120, '2017-01-30', NULL, 'active'),
(405, '95', 120, '2017-01-30', NULL, 'active'),
(406, '96', 120, '2017-01-30', NULL, 'active'),
(407, 'D2', 120, '2017-01-30', NULL, 'active'),
(408, '27', 120, '2017-01-30', NULL, 'active'),
(409, '55', 120, '2017-01-30', NULL, 'active'),
(410, '22', 120, '2017-01-30', NULL, 'active'),
(411, 'R3', 120, '2017-01-30', NULL, 'active'),
(412, 'R1', 120, '2017-01-30', NULL, 'active'),
(413, '94', 124, '2017-01-27', NULL, 'active'),
(414, 'D2', 124, '2017-01-27', NULL, 'active'),
(415, 'R3', 124, '2017-01-27', NULL, 'active'),
(416, '09', 136, '2017-01-01', NULL, 'active'),
(417, '22', 136, '2017-01-01', NULL, 'active'),
(418, '27', 136, '2017-01-01', NULL, 'active'),
(419, '30', 136, '2017-01-01', NULL, 'active'),
(420, '48', 136, '2017-01-01', NULL, 'active'),
(421, '50', 136, '2017-01-01', NULL, 'active'),
(422, '55', 136, '2017-01-01', NULL, 'active'),
(423, '82', 136, '2017-01-01', NULL, 'active'),
(424, '83', 136, '2017-01-01', NULL, 'active'),
(425, '87', 136, '2017-01-01', NULL, 'active'),
(426, '88', 136, '2017-01-01', NULL, 'active'),
(427, '91', 136, '2017-01-01', NULL, 'active'),
(428, '92', 136, '2017-01-01', NULL, 'active'),
(429, '95', 136, '2017-01-01', NULL, 'active'),
(430, '38', 136, '2017-01-01', NULL, 'active'),
(431, '93', 136, '2017-01-01', NULL, 'active'),
(432, '96', 136, '2017-01-01', NULL, 'active'),
(433, '86', 136, '2017-01-01', NULL, 'active'),
(434, 'R1', 136, '2017-01-01', NULL, 'active'),
(435, 'D2', 136, '2017-01-01', NULL, 'active'),
(436, '18', 138, '2017-01-01', NULL, 'active'),
(437, '22', 138, '2017-01-01', NULL, 'active'),
(438, '75', 138, '2017-01-01', NULL, 'active'),
(439, '72', 138, '2017-01-01', NULL, 'active'),
(440, 'R1', 138, '2017-01-01', NULL, 'active'),
(441, '09', 138, '2017-01-01', NULL, 'active'),
(442, '89', 142, '2017-06-01', NULL, 'active'),
(443, '90', 142, '2017-06-01', NULL, 'active'),
(444, '75', 142, '2017-06-01', NULL, 'active'),
(445, 'R1', 142, '2017-06-01', NULL, 'active'),
(446, 'R3', 142, '2017-06-01', NULL, 'active'),
(447, '83', 142, '2017-06-01', NULL, 'active'),
(448, 'D2', 142, '2017-06-01', NULL, 'active'),
(449, '40', 144, '2017-06-02', NULL, 'active'),
(450, '43', 144, '2017-06-02', NULL, 'active'),
(451, '72', 144, '2017-06-02', NULL, 'active'),
(452, '75', 144, '2017-06-02', NULL, 'active'),
(453, '83', 144, '2017-06-02', NULL, 'active'),
(454, '86', 144, '2017-06-02', NULL, 'active'),
(455, 'D2', 144, '2017-06-02', NULL, 'active'),
(456, 'D1', 144, '2017-06-02', NULL, 'active'),
(457, 'R3', 144, '2017-06-02', NULL, 'active'),
(458, 'R2', 144, '2017-06-02', NULL, 'active'),
(459, '55', 145, '2017-06-02', NULL, 'active'),
(460, '75', 145, '2017-06-02', NULL, 'active'),
(461, '86', 145, '2017-06-02', NULL, 'active'),
(462, '88', 145, '2017-06-02', NULL, 'active'),
(463, '90', 145, '2017-06-02', NULL, 'active'),
(464, '92', 145, '2017-06-02', NULL, 'active'),
(465, 'D2', 145, '2017-06-02', NULL, 'active'),
(466, 'R3', 145, '2017-06-02', NULL, 'active'),
(467, '09', 146, '2017-06-05', NULL, 'active'),
(468, '27', 146, '2017-06-05', NULL, 'active'),
(469, '43', 146, '2017-06-05', NULL, 'active'),
(470, '63', 146, '2017-06-05', NULL, 'active'),
(471, '68', 146, '2017-06-05', NULL, 'active'),
(472, '72', 146, '2017-06-05', NULL, 'active'),
(473, 'R2', 146, '2017-06-05', NULL, 'active'),
(474, 'R3', 146, '2017-06-05', NULL, 'active'),
(475, 'D1', 146, '2017-06-05', NULL, 'active'),
(476, 'D2', 146, '2017-06-05', NULL, 'active'),
(477, '75', 147, '2017-06-05', NULL, 'active'),
(478, '90', 147, '2017-06-05', NULL, 'active'),
(479, '30', 147, '2017-06-05', NULL, 'active'),
(480, '92', 147, '2017-06-05', NULL, 'active'),
(481, 'D1', 147, '2017-06-05', NULL, 'active'),
(482, 'D2', 147, '2017-06-05', NULL, 'active'),
(483, 'R3', 147, '2017-06-05', NULL, 'active'),
(484, '90', 148, '2017-06-05', NULL, 'active'),
(485, '92', 148, '2017-06-05', NULL, 'active'),
(486, 'D2', 148, '2017-06-05', NULL, 'active'),
(487, '29', 150, '2017-06-12', NULL, 'active'),
(488, '30', 150, '2017-06-12', NULL, 'active'),
(489, '43', 150, '2017-06-12', NULL, 'active'),
(490, '45', 150, '2017-06-12', NULL, 'active'),
(491, '62', 150, '2017-06-12', NULL, 'active'),
(492, '63', 150, '2017-06-12', NULL, 'active'),
(493, '72', 150, '2017-06-12', NULL, 'active'),
(494, '87', 150, '2017-06-12', NULL, 'active'),
(495, '83', 150, '2017-06-12', NULL, 'active'),
(496, '86', 150, '2017-06-12', NULL, 'active'),
(497, '90', 150, '2017-06-12', NULL, 'active'),
(498, '89', 150, '2017-06-12', NULL, 'active'),
(499, '91', 150, '2017-06-12', NULL, 'active'),
(500, '13', 150, '2017-06-12', NULL, 'active'),
(501, '27', 150, '2017-06-12', NULL, 'active'),
(502, 'D2', 150, '2017-06-12', NULL, 'active'),
(503, '94', 150, '2017-06-12', NULL, 'active'),
(504, '09', 151, '2017-06-12', NULL, 'active'),
(505, '27', 151, '2017-06-12', NULL, 'active'),
(506, '45', 151, '2017-06-12', NULL, 'active'),
(507, '83', 151, '2017-06-12', NULL, 'active'),
(508, '86', 151, '2017-06-12', NULL, 'active'),
(509, '62', 151, '2017-06-12', NULL, 'active'),
(510, '90', 151, '2017-06-12', NULL, 'active'),
(511, '72', 151, '2017-06-12', NULL, 'active'),
(512, '75', 151, '2017-06-12', NULL, 'active'),
(513, '63', 151, '2017-06-12', NULL, 'active'),
(514, '29', 151, '2017-06-12', NULL, 'active'),
(515, '13', 151, '2017-06-12', NULL, 'active'),
(516, '89', 151, '2017-06-12', NULL, 'active'),
(517, '30', 151, '2017-06-12', NULL, 'active'),
(518, '91', 151, '2017-06-12', NULL, 'active'),
(519, '94', 151, '2017-06-12', NULL, 'active'),
(520, '43', 151, '2017-06-12', NULL, 'active'),
(521, '87', 151, '2017-06-12', NULL, 'active'),
(522, '92', 153, '2016-04-24', NULL, 'active'),
(523, '83', 153, '2016-04-24', NULL, 'active'),
(524, 'D2', 153, '2016-04-24', NULL, 'active'),
(525, '79', 154, '2016-04-26', NULL, 'active'),
(526, '83', 154, '2016-04-26', NULL, 'active'),
(527, '85', 154, '2016-04-26', NULL, 'active'),
(528, '92', 154, '2016-04-26', NULL, 'active'),
(529, '45', 154, '2016-04-26', NULL, 'active'),
(530, 'R1', 154, '2016-04-26', NULL, 'active'),
(531, 'D2', 154, '2016-04-26', NULL, 'active'),
(532, '90', 154, '2016-04-26', NULL, 'active'),
(533, '27', 155, '2016-04-28', NULL, 'active'),
(534, '83', 155, '2016-04-28', NULL, 'active'),
(535, '45', 155, '2016-04-28', NULL, 'active'),
(536, '85', 155, '2016-04-28', NULL, 'active'),
(537, '86', 155, '2016-04-28', NULL, 'active'),
(538, '88', 155, '2016-04-28', NULL, 'active'),
(539, '90', 155, '2016-04-28', NULL, 'active'),
(540, '92', 155, '2016-04-28', NULL, 'active'),
(541, '94', 155, '2016-04-28', NULL, 'active'),
(542, '97', 155, '2016-04-28', NULL, 'active'),
(543, '63', 155, '2016-04-28', NULL, 'active'),
(544, '87', 155, '2016-04-28', NULL, 'active'),
(545, '72', 155, '2016-04-28', NULL, 'active'),
(546, '22', 155, '2016-04-28', NULL, 'active'),
(547, '48', 156, '2016-04-28', NULL, 'active'),
(548, '09', 156, '2016-04-28', NULL, 'active'),
(549, '22', 156, '2016-04-28', NULL, 'active'),
(550, '75', 156, '2016-04-28', NULL, 'active'),
(551, '80', 156, '2016-04-28', NULL, 'active'),
(552, '83', 156, '2016-04-28', NULL, 'active'),
(553, '85', 156, '2016-04-28', NULL, 'active'),
(554, '86', 156, '2016-04-28', NULL, 'active'),
(555, '88', 156, '2016-04-28', NULL, 'active'),
(556, '90', 156, '2016-04-28', NULL, 'active'),
(557, '94', 156, '2016-04-28', NULL, 'active'),
(558, '96', 156, '2016-04-28', NULL, 'active'),
(559, '43', 156, '2016-04-28', NULL, 'active'),
(560, '56', 156, '2016-04-28', NULL, 'active'),
(561, '45', 156, '2016-04-28', NULL, 'active'),
(562, '63', 156, '2016-04-28', NULL, 'active'),
(563, '92', 156, '2016-04-28', NULL, 'active'),
(564, '35', 161, '2015-04-09', NULL, 'active'),
(565, '48', 161, '2015-04-09', NULL, 'active'),
(566, '75', 161, '2015-04-09', NULL, 'active'),
(567, '77', 161, '2015-04-09', NULL, 'active'),
(568, '79', 161, '2015-04-09', NULL, 'active'),
(569, '80', 161, '2015-04-09', NULL, 'active'),
(570, '83', 161, '2015-04-09', NULL, 'active'),
(571, '92', 161, '2015-04-09', NULL, 'active'),
(572, 'D1', 161, '2015-04-09', NULL, 'active'),
(573, 'D2', 161, '2015-04-09', NULL, 'active'),
(574, 'R3', 161, '2015-04-09', NULL, 'active'),
(575, 'R2', 161, '2015-04-09', NULL, 'active'),
(576, '09', 162, '2015-04-10', NULL, 'active'),
(577, '42', 162, '2015-04-10', NULL, 'active'),
(578, '22', 162, '2015-04-10', NULL, 'active'),
(579, '55', 162, '2015-04-10', NULL, 'active'),
(580, '72', 162, '2015-04-10', NULL, 'active'),
(581, '80', 162, '2015-04-10', NULL, 'active'),
(582, '83', 162, '2015-04-10', NULL, 'active'),
(583, '85', 162, '2015-04-10', NULL, 'active'),
(584, '88', 162, '2015-04-10', NULL, 'active'),
(585, '90', 162, '2015-04-10', NULL, 'active'),
(586, '92', 162, '2015-04-10', NULL, 'active'),
(587, '95', 162, '2015-04-10', NULL, 'active'),
(588, '96', 162, '2015-04-10', NULL, 'active'),
(589, '40', 162, '2015-04-10', NULL, 'active'),
(590, 'D2', 162, '2015-04-10', NULL, 'active'),
(591, 'R3', 162, '2015-04-10', NULL, 'active'),
(592, '40', 163, '2015-04-11', NULL, 'active'),
(593, '83', 163, '2015-04-11', NULL, 'active'),
(594, '85', 163, '2015-04-11', NULL, 'active'),
(595, '90', 163, '2015-04-11', NULL, 'active'),
(596, 'D2', 163, '2015-04-11', NULL, 'active'),
(597, '45', 163, '2015-04-11', NULL, 'active'),
(598, '63', 163, '2015-04-11', NULL, 'active'),
(599, '89', 163, '2015-04-11', NULL, 'active'),
(600, '93', 163, '2015-04-11', NULL, 'active'),
(601, '95', 163, '2015-04-11', NULL, 'active'),
(602, '45', 164, '2015-04-18', NULL, 'active'),
(603, '83', 164, '2015-04-18', NULL, 'active'),
(604, '85', 164, '2015-04-18', NULL, 'active'),
(605, '88', 164, '2015-04-18', NULL, 'active'),
(606, '92', 164, '2015-04-18', NULL, 'active'),
(607, 'R1', 164, '2015-04-18', NULL, 'active'),
(608, 'R2', 164, '2015-04-18', NULL, 'active'),
(609, 'D1', 164, '2015-04-18', NULL, 'active'),
(610, 'D2', 164, '2015-04-18', NULL, 'active'),
(611, '75', 164, '2015-04-18', NULL, 'active'),
(612, '93', 164, '2015-04-18', NULL, 'active'),
(613, '45', 165, '2015-04-20', NULL, 'active'),
(614, '83', 165, '2015-04-20', NULL, 'active'),
(615, '85', 165, '2015-04-20', NULL, 'active'),
(616, 'R2', 165, '2015-04-20', NULL, 'active'),
(617, 'D1', 165, '2015-04-20', NULL, 'active'),
(618, 'D2', 165, '2015-04-20', NULL, 'active'),
(619, '90', 165, '2015-04-20', NULL, 'active'),
(620, '80', 165, '2015-04-20', NULL, 'active'),
(621, '92', 165, '2015-04-20', NULL, 'active'),
(622, '95', 165, '2015-04-20', NULL, 'active'),
(623, 'D1', 166, '2015-04-24', NULL, 'active'),
(624, 'R3', 166, '2015-04-24', NULL, 'active'),
(625, 'D1', 167, '2015-04-24', NULL, 'active'),
(626, 'R3', 167, '2015-04-24', NULL, 'active'),
(627, '68', 169, '2015-04-25', NULL, 'active'),
(628, '09', 169, '2015-04-25', NULL, 'active'),
(629, '48', 169, '2015-04-25', NULL, 'active'),
(630, '30', 169, '2015-04-25', NULL, 'active'),
(631, '40', 169, '2015-04-25', NULL, 'active'),
(632, '75', 169, '2015-04-25', NULL, 'active'),
(633, '72', 169, '2015-04-25', NULL, 'active'),
(634, '84', 169, '2015-04-25', NULL, 'active'),
(635, '91', 169, '2015-04-25', NULL, 'active'),
(636, '18', 169, '2015-04-25', NULL, 'active'),
(637, '85', 169, '2015-04-25', NULL, 'active'),
(638, '88', 169, '2015-04-25', NULL, 'active'),
(639, '95', 169, '2015-04-25', NULL, 'active'),
(640, 'D1', 169, '2015-04-25', NULL, 'active'),
(641, 'D2', 169, '2015-04-25', NULL, 'active'),
(642, 'R1', 169, '2015-04-25', NULL, 'active'),
(643, 'R3', 169, '2015-04-25', NULL, 'active'),
(644, '94', 169, '2015-04-25', NULL, 'active'),
(645, '27', 169, '2015-04-25', NULL, 'active'),
(646, '45', 169, '2015-04-25', NULL, 'active'),
(647, '13', 171, '2015-04-29', NULL, 'active'),
(648, '85', 171, '2015-04-29', NULL, 'active'),
(649, '90', 171, '2015-04-29', NULL, 'active'),
(650, '92', 171, '2015-04-29', NULL, 'active'),
(651, '18', 173, '2015-05-06', NULL, 'active'),
(652, '22', 173, '2015-05-06', NULL, 'active'),
(653, '27', 173, '2015-05-06', NULL, 'active'),
(654, '29', 173, '2015-05-06', NULL, 'active'),
(655, '30', 173, '2015-05-06', NULL, 'active'),
(656, '40', 173, '2015-05-06', NULL, 'active'),
(657, '42', 173, '2015-05-06', NULL, 'active'),
(658, '43', 173, '2015-05-06', NULL, 'active'),
(659, '48', 173, '2015-05-06', NULL, 'active'),
(660, '50', 173, '2015-05-06', NULL, 'active'),
(661, '55', 173, '2015-05-06', NULL, 'active'),
(662, '63', 173, '2015-05-06', NULL, 'active'),
(663, '64', 173, '2015-05-06', NULL, 'active'),
(664, '68', 173, '2015-05-06', NULL, 'active'),
(665, '72', 173, '2015-05-06', NULL, 'active'),
(666, '75', 173, '2015-05-06', NULL, 'active'),
(667, '77', 173, '2015-05-06', NULL, 'active'),
(668, '79', 173, '2015-05-06', NULL, 'active'),
(669, '83', 173, '2015-05-06', NULL, 'active'),
(670, '85', 173, '2015-05-06', NULL, 'active'),
(671, '87', 173, '2015-05-06', NULL, 'active'),
(672, '88', 173, '2015-05-06', NULL, 'active'),
(673, '90', 173, '2015-05-06', NULL, 'active'),
(674, '92', 173, '2015-05-06', NULL, 'active'),
(675, '95', 173, '2015-05-06', NULL, 'active'),
(676, '96', 173, '2015-05-06', NULL, 'active'),
(677, 'D1', 173, '2015-05-06', NULL, 'active'),
(678, 'D2', 173, '2015-05-06', NULL, 'active'),
(679, 'R1', 173, '2015-05-06', NULL, 'active'),
(680, 'R3', 173, '2015-05-06', NULL, 'active'),
(681, 'R2', 173, '2015-05-06', NULL, 'active'),
(682, '27', 174, '2015-05-09', NULL, 'active'),
(683, '45', 174, '2015-05-09', NULL, 'active'),
(684, '63', 174, '2015-05-09', NULL, 'active'),
(685, '68', 174, '2015-05-09', NULL, 'active'),
(686, '72', 174, '2015-05-09', NULL, 'active'),
(687, '75', 174, '2015-05-09', NULL, 'active'),
(688, '83', 174, '2015-05-09', NULL, 'active'),
(689, '85', 174, '2015-05-09', NULL, 'active'),
(690, '87', 174, '2015-05-09', NULL, 'active'),
(691, '88', 174, '2015-05-09', NULL, 'active'),
(692, '90', 174, '2015-05-09', NULL, 'active'),
(693, '92', 174, '2015-05-09', NULL, 'active'),
(694, '95', 174, '2015-05-09', NULL, 'active'),
(695, 'D1', 174, '2015-05-09', NULL, 'active'),
(696, 'D2', 174, '2015-05-09', NULL, 'active'),
(697, '09', 174, '2015-05-09', NULL, 'active'),
(698, '55', 174, '2015-05-09', NULL, 'active'),
(699, '22', 174, '2015-05-09', NULL, 'active'),
(700, '94', 174, '2015-05-09', NULL, 'active'),
(701, '85', 175, '2015-05-09', NULL, 'active'),
(702, 'D1', 175, '2015-05-09', NULL, 'active'),
(703, 'R1', 175, '2015-05-09', NULL, 'active'),
(704, 'R2', 175, '2015-05-09', NULL, 'active'),
(705, 'R3', 175, '2015-05-09', NULL, 'active'),
(706, '90', 175, '2015-05-09', NULL, 'active'),
(707, '95', 175, '2015-05-09', NULL, 'active'),
(708, '72', 175, '2015-05-09', NULL, 'active'),
(709, '75', 175, '2015-05-09', NULL, 'active'),
(710, '22', 180, '2015-05-15', NULL, 'active'),
(711, '27', 180, '2015-05-15', NULL, 'active'),
(712, '63', 180, '2015-05-15', NULL, 'active'),
(713, '75', 180, '2015-05-15', NULL, 'active'),
(714, '96', 180, '2015-05-15', NULL, 'active'),
(715, '95', 180, '2015-05-15', NULL, 'active'),
(716, '94', 180, '2015-05-15', NULL, 'active'),
(717, '45', 181, '2015-05-19', NULL, 'active'),
(718, '62', 181, '2015-05-19', NULL, 'active'),
(719, '72', 181, '2015-05-19', NULL, 'active'),
(720, '75', 181, '2015-05-19', NULL, 'active'),
(721, '77', 181, '2015-05-19', NULL, 'active'),
(722, '82', 181, '2015-05-19', NULL, 'active'),
(723, '96', 181, '2015-05-19', NULL, 'active'),
(724, 'D2', 181, '2015-05-19', NULL, 'active'),
(725, 'R3', 181, '2015-05-19', NULL, 'active'),
(726, 'R2', 181, '2015-05-19', NULL, 'active'),
(727, '22', 181, '2015-05-19', NULL, 'active'),
(728, '48', 181, '2015-05-19', NULL, 'active'),
(729, '30', 181, '2015-05-19', NULL, 'active'),
(730, '64', 181, '2015-05-19', NULL, 'active'),
(731, '80', 181, '2015-05-19', NULL, 'active'),
(732, '86', 181, '2015-05-19', NULL, 'active'),
(733, '09', 181, '2015-05-19', NULL, 'active'),
(734, '50', 181, '2015-05-19', NULL, 'active'),
(735, '09', 183, '2015-05-20', NULL, 'active'),
(736, '29', 183, '2015-05-20', NULL, 'active'),
(737, '30', 183, '2015-05-20', NULL, 'active'),
(738, '48', 183, '2015-05-20', NULL, 'active'),
(739, '43', 183, '2015-05-20', NULL, 'active'),
(740, '68', 183, '2015-05-20', NULL, 'active'),
(741, '72', 183, '2015-05-20', NULL, 'active'),
(742, '75', 183, '2015-05-20', NULL, 'active'),
(743, '86', 183, '2015-05-20', NULL, 'active'),
(744, 'D1', 183, '2015-05-20', NULL, 'active'),
(745, 'D2', 183, '2015-05-20', NULL, 'active'),
(746, 'R2', 183, '2015-05-20', NULL, 'active'),
(747, 'R3', 183, '2015-05-20', NULL, 'active'),
(748, '62', 183, '2015-05-20', NULL, 'active'),
(749, '22', 183, '2015-05-20', NULL, 'active'),
(750, '88', 183, '2015-05-20', NULL, 'active'),
(751, '43', 184, '2015-05-21', NULL, 'active'),
(752, '86', 184, '2015-05-21', NULL, 'active'),
(753, '84', 184, '2015-05-21', NULL, 'active'),
(754, '75', 185, '2015-05-22', NULL, 'active'),
(755, '40', 185, '2015-05-22', NULL, 'active'),
(756, '43', 185, '2015-05-22', NULL, 'active'),
(757, '80', 185, '2015-05-22', NULL, 'active'),
(758, '22', 185, '2015-05-22', NULL, 'active'),
(759, '88', 185, '2015-05-22', NULL, 'active'),
(760, '72', 185, '2015-05-22', NULL, 'active'),
(761, '90', 185, '2015-05-22', NULL, 'active'),
(762, '96', 185, '2015-05-22', NULL, 'active'),
(763, '79', 186, '2015-05-23', NULL, 'active'),
(764, '48', 186, '2015-05-23', NULL, 'active'),
(765, 'R2', 186, '2015-05-23', NULL, 'active'),
(766, 'R3', 186, '2015-05-23', NULL, 'active'),
(767, '82', 186, '2015-05-23', NULL, 'active'),
(768, '72', 186, '2015-05-23', NULL, 'active'),
(769, '80', 186, '2015-05-23', NULL, 'active'),
(770, '87', 186, '2015-05-23', NULL, 'active'),
(771, 'D1', 186, '2015-05-23', NULL, 'active'),
(772, '80', 187, '2015-05-24', NULL, 'active'),
(773, 'R3', 187, '2015-05-24', NULL, 'active'),
(774, 'D2', 187, '2015-05-24', NULL, 'active'),
(775, '75', 187, '2015-05-24', NULL, 'active'),
(776, '22', 187, '2015-05-24', NULL, 'active'),
(777, '88', 187, '2015-05-24', NULL, 'active'),
(778, '94', 187, '2015-05-24', NULL, 'active'),
(779, '87', 187, '2015-05-24', NULL, 'active'),
(780, '92', 187, '2015-05-24', NULL, 'active'),
(781, '80', 189, '2015-05-29', NULL, 'active'),
(782, '85', 189, '2015-05-29', NULL, 'active'),
(783, 'R2', 189, '2015-05-29', NULL, 'active'),
(784, 'R3', 189, '2015-05-29', NULL, 'active'),
(785, 'D1', 189, '2015-05-29', NULL, 'active'),
(786, 'D2', 189, '2015-05-29', NULL, 'active'),
(787, '75', 189, '2015-05-29', NULL, 'active'),
(788, '85', 195, '2015-06-03', NULL, 'active'),
(789, '85', 196, '2015-06-04', NULL, 'active'),
(790, '90', 196, '2015-06-04', NULL, 'active'),
(791, '93', 196, '2015-06-04', NULL, 'active'),
(792, '95', 196, '2015-06-04', NULL, 'active'),
(793, 'D2', 196, '2015-06-04', NULL, 'active'),
(794, '92', 196, '2015-06-04', NULL, 'active'),
(795, '09', 196, '2015-06-04', NULL, 'active'),
(796, '48', 196, '2015-06-04', NULL, 'active'),
(797, '55', 196, '2015-06-04', NULL, 'active'),
(798, '89', 196, '2015-06-04', NULL, 'active'),
(799, '92', 197, '2015-06-05', NULL, 'active'),
(800, '85', 201, '2015-06-09', NULL, 'active'),
(801, 'D2', 201, '2015-06-09', NULL, 'active'),
(802, 'R3', 201, '2015-06-09', NULL, 'active'),
(803, '29', 201, '2015-06-09', NULL, 'active'),
(804, '22', 201, '2015-06-09', NULL, 'active'),
(805, '92', 201, '2015-06-09', NULL, 'active'),
(806, '27', 201, '2015-06-09', NULL, 'active'),
(807, '87', 201, '2015-06-09', NULL, 'active'),
(808, '09', 202, '2015-06-12', NULL, 'active'),
(809, '22', 202, '2015-06-12', NULL, 'active'),
(810, '27', 202, '2015-06-12', NULL, 'active'),
(811, '45', 202, '2015-06-12', NULL, 'active'),
(812, '62', 202, '2015-06-12', NULL, 'active'),
(813, '63', 202, '2015-06-12', NULL, 'active'),
(814, '68', 202, '2015-06-12', NULL, 'active'),
(815, '72', 202, '2015-06-12', NULL, 'active'),
(816, '75', 202, '2015-06-12', NULL, 'active'),
(817, '80', 202, '2015-06-12', NULL, 'active'),
(818, '83', 202, '2015-06-12', NULL, 'active'),
(819, '85', 202, '2015-06-12', NULL, 'active'),
(820, '88', 202, '2015-06-12', NULL, 'active'),
(821, '90', 202, '2015-06-12', NULL, 'active'),
(822, '94', 202, '2015-06-12', NULL, 'active'),
(823, '30', 202, '2015-06-12', NULL, 'active'),
(824, '91', 202, '2015-06-12', NULL, 'active'),
(825, 'D1', 202, '2015-06-12', NULL, 'active'),
(826, 'D2', 202, '2015-06-12', NULL, 'active'),
(827, '42', 202, '2015-06-12', NULL, 'active'),
(828, '87', 202, '2015-06-12', NULL, 'active'),
(829, '56', 202, '2015-06-12', NULL, 'active'),
(830, '35', 202, '2015-06-12', NULL, 'active'),
(831, '95', 202, '2015-06-12', NULL, 'active'),
(832, '92', 202, '2015-06-12', NULL, 'active'),
(833, '88', 204, '2015-06-17', NULL, 'active'),
(834, '90', 204, '2015-06-17', NULL, 'active'),
(835, '92', 204, '2015-06-17', NULL, 'active'),
(836, '95', 204, '2015-06-17', NULL, 'active'),
(837, 'R3', 204, '2015-06-17', NULL, 'active'),
(838, 'R1', 204, '2015-06-17', NULL, 'active'),
(839, 'D1', 204, '2015-06-17', NULL, 'active'),
(840, 'D2', 204, '2015-06-17', NULL, 'active'),
(841, '45', 204, '2015-06-17', NULL, 'active'),
(842, '93', 204, '2015-06-17', NULL, 'active'),
(843, '92', 205, '2015-06-18', NULL, 'active'),
(844, '29', 207, '2015-06-25', NULL, 'active'),
(845, '77', 207, '2015-06-25', NULL, 'active'),
(846, '75', 207, '2015-06-25', NULL, 'active'),
(847, 'D1', 207, '2015-06-25', NULL, 'active'),
(848, 'D2', 207, '2015-06-25', NULL, 'active'),
(849, 'R2', 207, '2015-06-25', NULL, 'active'),
(850, 'R1', 207, '2015-06-25', NULL, 'active'),
(851, 'R3', 207, '2015-06-25', NULL, 'active'),
(852, '42', 207, '2015-06-25', NULL, 'active'),
(853, '72', 207, '2015-06-25', NULL, 'active'),
(854, '87', 207, '2015-06-25', NULL, 'active'),
(855, '55', 207, '2015-06-25', NULL, 'active'),
(856, '22', 208, '2015-06-25', NULL, 'active'),
(857, '27', 208, '2015-06-25', NULL, 'active'),
(858, '29', 208, '2015-06-25', NULL, 'active'),
(859, '45', 208, '2015-06-25', NULL, 'active'),
(860, '72', 208, '2015-06-25', NULL, 'active'),
(861, '88', 208, '2015-06-25', NULL, 'active'),
(862, '90', 208, '2015-06-25', NULL, 'active'),
(863, '92', 208, '2015-06-25', NULL, 'active'),
(864, '94', 208, '2015-06-25', NULL, 'active'),
(865, '40', 208, '2015-06-25', NULL, 'active'),
(866, 'D1', 208, '2015-06-25', NULL, 'active'),
(867, 'D2', 208, '2015-06-25', NULL, 'active'),
(868, 'R1', 208, '2015-06-25', NULL, 'active'),
(869, 'R3', 208, '2015-06-25', NULL, 'active'),
(870, '89', 208, '2015-06-25', NULL, 'active'),
(871, '22', 209, '2015-06-26', NULL, 'active'),
(872, '27', 209, '2015-06-26', NULL, 'active'),
(873, '30', 209, '2015-06-26', NULL, 'active'),
(874, '35', 209, '2015-06-26', NULL, 'active'),
(875, '42', 209, '2015-06-26', NULL, 'active'),
(876, '55', 209, '2015-06-26', NULL, 'active'),
(877, '68', 209, '2015-06-26', NULL, 'active'),
(878, '72', 209, '2015-06-26', NULL, 'active'),
(879, '80', 209, '2015-06-26', NULL, 'active'),
(880, '82', 209, '2015-06-26', NULL, 'active'),
(881, '87', 209, '2015-06-26', NULL, 'active'),
(882, '90', 209, '2015-06-26', NULL, 'active'),
(883, '92', 209, '2015-06-26', NULL, 'active'),
(884, '88', 209, '2015-06-26', NULL, 'active'),
(885, '95', 209, '2015-06-26', NULL, 'active'),
(886, '94', 209, '2015-06-26', NULL, 'active'),
(887, 'D1', 209, '2015-06-26', NULL, 'active'),
(888, 'D2', 209, '2015-06-26', NULL, 'active'),
(889, 'R2', 209, '2015-06-26', NULL, 'active'),
(890, 'R3', 209, '2015-06-26', NULL, 'active'),
(891, '48', 209, '2015-06-26', NULL, 'active'),
(892, '40', 209, '2015-06-26', NULL, 'active'),
(893, '79', 209, '2015-06-26', NULL, 'active'),
(894, '09', 210, '2015-06-27', NULL, 'active'),
(895, '22', 210, '2015-06-27', NULL, 'active'),
(896, '27', 210, '2015-06-27', NULL, 'active'),
(897, '30', 210, '2015-06-27', NULL, 'active'),
(898, '35', 210, '2015-06-27', NULL, 'active'),
(899, '38', 210, '2015-06-27', NULL, 'active'),
(900, '40', 210, '2015-06-27', NULL, 'active'),
(901, '48', 210, '2015-06-27', NULL, 'active'),
(902, '50', 210, '2015-06-27', NULL, 'active'),
(903, '55', 210, '2015-06-27', NULL, 'active'),
(904, '68', 210, '2015-06-27', NULL, 'active'),
(905, '70', 210, '2015-06-27', NULL, 'active'),
(906, '72', 210, '2015-06-27', NULL, 'active'),
(907, '80', 210, '2015-06-27', NULL, 'active'),
(908, '82', 210, '2015-06-27', NULL, 'active'),
(909, '87', 210, '2015-06-27', NULL, 'active'),
(910, '88', 210, '2015-06-27', NULL, 'active'),
(911, '90', 210, '2015-06-27', NULL, 'active'),
(912, '92', 210, '2015-06-27', NULL, 'active'),
(913, '96', 210, '2015-06-27', NULL, 'active'),
(914, 'D1', 210, '2015-06-27', NULL, 'active'),
(915, 'D2', 210, '2015-06-27', NULL, 'active'),
(916, 'R2', 210, '2015-06-27', NULL, 'active'),
(917, 'R1', 210, '2015-06-27', NULL, 'active'),
(918, 'R3', 210, '2015-06-27', NULL, 'active'),
(919, '56', 210, '2015-06-27', NULL, 'active'),
(920, '63', 210, '2015-06-27', NULL, 'active'),
(921, '68', 212, '2015-06-30', NULL, 'active'),
(922, '75', 212, '2015-06-30', NULL, 'active'),
(923, '22', 212, '2015-06-30', NULL, 'active'),
(924, '80', 212, '2015-06-30', NULL, 'active'),
(925, '88', 213, '2015-06-30', NULL, 'active'),
(926, '30', 213, '2015-06-30', NULL, 'active'),
(927, '94', 213, '2015-06-30', NULL, 'active'),
(928, '40', 216, '2015-07-01', NULL, 'active'),
(929, '63', 216, '2015-07-01', NULL, 'active'),
(930, '68', 216, '2015-07-01', NULL, 'active'),
(931, '72', 216, '2015-07-01', NULL, 'active'),
(932, '75', 216, '2015-07-01', NULL, 'active'),
(933, '82', 216, '2015-07-01', NULL, 'active'),
(934, '09', 217, '2017-06-16', NULL, 'active'),
(935, '88', 216, '2015-07-01', NULL, 'active'),
(936, '90', 216, '2015-07-01', NULL, 'active'),
(937, '92', 216, '2015-07-01', NULL, 'active'),
(938, '27', 217, '2017-06-16', NULL, 'active'),
(939, '94', 216, '2015-07-01', NULL, 'active'),
(940, 'D2', 216, '2015-07-01', NULL, 'active'),
(941, '29', 217, '2017-06-16', NULL, 'active'),
(942, 'R3', 216, '2015-07-01', NULL, 'active'),
(943, '75', 217, '2017-06-16', NULL, 'active'),
(944, '43', 216, '2015-07-01', NULL, 'active'),
(945, 'D1', 217, '2017-06-16', NULL, 'active'),
(946, '79', 216, '2015-07-01', NULL, 'active'),
(947, 'D2', 217, '2017-06-16', NULL, 'active'),
(948, '87', 216, '2015-07-01', NULL, 'active'),
(949, 'D1', 216, '2015-07-01', NULL, 'active'),
(950, 'R1', 217, '2017-06-16', NULL, 'active'),
(951, 'R2', 217, '2017-06-16', NULL, 'active'),
(952, '85', 216, '2015-07-01', NULL, 'active'),
(953, 'R3', 217, '2017-06-16', NULL, 'active'),
(954, '97', 217, '2017-06-16', NULL, 'active'),
(955, '48', 217, '2017-06-16', NULL, 'active'),
(956, '72', 217, '2017-06-16', NULL, 'active'),
(957, '22', 217, '2017-06-16', NULL, 'active'),
(958, '55', 217, '2017-06-16', NULL, 'active'),
(959, '80', 217, '2017-06-16', NULL, 'active'),
(960, '43', 217, '2017-06-16', NULL, 'active'),
(961, '87', 217, '2017-06-16', NULL, 'active'),
(962, '63', 217, '2017-06-16', NULL, 'active'),
(963, '90', 218, '2015-07-02', NULL, 'active'),
(964, '09', 221, '2015-07-07', NULL, 'active'),
(965, '85', 221, '2015-07-07', NULL, 'active'),
(966, 'D1', 221, '2015-07-07', NULL, 'active'),
(967, 'D2', 221, '2015-07-07', NULL, 'active'),
(968, 'R3', 221, '2015-07-07', NULL, 'active'),
(969, 'R1', 221, '2015-07-07', NULL, 'active'),
(970, 'R2', 221, '2015-07-07', NULL, 'active'),
(971, '75', 221, '2015-07-07', NULL, 'active'),
(972, '72', 221, '2015-07-07', NULL, 'active'),
(973, '30', 223, '2015-07-07', NULL, 'active'),
(974, '72', 223, '2015-07-07', NULL, 'active'),
(975, '75', 223, '2015-07-07', NULL, 'active'),
(976, '95', 223, '2015-07-07', NULL, 'active'),
(977, '87', 223, '2015-07-07', NULL, 'active'),
(978, '92', 223, '2015-07-07', NULL, 'active'),
(979, 'D1', 223, '2015-07-07', NULL, 'active'),
(980, 'D2', 223, '2015-07-07', NULL, 'active'),
(981, 'R3', 223, '2015-07-07', NULL, 'active'),
(982, '85', 223, '2015-07-07', NULL, 'active'),
(983, '22', 223, '2015-07-07', NULL, 'active'),
(984, '27', 223, '2015-07-07', NULL, 'active'),
(985, '62', 223, '2015-07-07', NULL, 'active'),
(986, '63', 223, '2015-07-07', NULL, 'active'),
(987, '88', 223, '2015-07-07', NULL, 'active'),
(988, '55', 223, '2015-07-07', NULL, 'active'),
(989, '75', 225, '2015-07-14', NULL, 'active'),
(990, '35', 225, '2015-07-14', NULL, 'active'),
(991, '27', 226, '2015-07-17', NULL, 'active'),
(992, '89', 226, '2015-07-17', NULL, 'active'),
(993, '92', 226, '2015-07-17', NULL, 'active'),
(994, '94', 226, '2015-07-17', NULL, 'active'),
(995, 'R3', 226, '2015-07-17', NULL, 'active'),
(996, 'D2', 226, '2015-07-17', NULL, 'active'),
(997, '72', 226, '2015-07-17', NULL, 'active'),
(998, '75', 226, '2015-07-17', NULL, 'active'),
(999, '22', 226, '2015-07-17', NULL, 'active'),
(1000, '63', 226, '2015-07-17', NULL, 'active'),
(1001, '90', 226, '2015-07-17', NULL, 'active'),
(1002, '88', 226, '2015-07-17', NULL, 'active'),
(1003, '77', 226, '2015-07-17', NULL, 'active'),
(1004, '85', 226, '2015-07-17', NULL, 'active'),
(1005, '86', 226, '2015-07-17', NULL, 'active'),
(1006, '83', 226, '2015-07-17', NULL, 'active'),
(1007, '70', 229, '2015-07-21', NULL, 'active'),
(1008, '75', 229, '2015-07-21', NULL, 'active'),
(1009, '62', 229, '2015-07-21', NULL, 'active'),
(1010, '27', 229, '2015-07-21', NULL, 'active'),
(1011, 'D1', 229, '2015-07-21', NULL, 'active'),
(1012, 'D2', 229, '2015-07-21', NULL, 'active'),
(1013, 'R3', 229, '2015-07-21', NULL, 'active'),
(1014, '48', 229, '2015-07-21', NULL, 'active'),
(1015, '72', 229, '2015-07-21', NULL, 'active'),
(1016, '85', 229, '2015-07-21', NULL, 'active'),
(1017, '22', 229, '2015-07-21', NULL, 'active'),
(1018, '79', 229, '2015-07-21', NULL, 'active'),
(1019, '75', 232, '2015-07-27', NULL, 'active'),
(1020, '55', 232, '2015-07-27', NULL, 'active'),
(1021, '43', 232, '2015-07-27', NULL, 'active'),
(1022, '27', 233, '2015-07-28', NULL, 'active'),
(1023, '45', 233, '2015-07-28', NULL, 'active'),
(1024, '83', 233, '2015-07-28', NULL, 'active'),
(1025, '85', 233, '2015-07-28', NULL, 'active'),
(1026, '90', 233, '2015-07-28', NULL, 'active'),
(1027, '94', 233, '2015-07-28', NULL, 'active'),
(1028, '75', 233, '2015-07-28', NULL, 'active'),
(1029, '68', 233, '2015-07-28', NULL, 'active'),
(1030, 'R1', 233, '2015-07-28', NULL, 'active'),
(1031, 'R3', 233, '2015-07-28', NULL, 'active'),
(1032, '22', 233, '2015-07-28', NULL, 'active'),
(1033, '55', 233, '2015-07-28', NULL, 'active'),
(1034, '88', 233, '2015-07-28', NULL, 'active'),
(1035, '92', 233, '2015-07-28', NULL, 'active'),
(1036, 'D1', 233, '2015-07-28', NULL, 'active'),
(1037, 'D2', 233, '2015-07-28', NULL, 'active'),
(1038, '27', 235, '2015-08-02', NULL, 'active'),
(1039, '72', 235, '2015-08-02', NULL, 'active'),
(1040, '84', 235, '2015-08-02', NULL, 'active'),
(1041, '89', 235, '2015-08-02', NULL, 'active'),
(1042, '95', 235, '2015-08-02', NULL, 'active'),
(1043, '96', 235, '2015-08-02', NULL, 'active'),
(1044, 'R3', 235, '2015-08-02', NULL, 'active'),
(1045, '92', 235, '2015-08-02', NULL, 'active'),
(1046, '55', 235, '2015-08-02', NULL, 'active'),
(1047, '63', 235, '2015-08-02', NULL, 'active'),
(1048, '22', 235, '2015-08-02', NULL, 'active'),
(1049, '88', 235, '2015-08-02', NULL, 'active'),
(1050, '91', 235, '2015-08-02', NULL, 'active'),
(1051, 'D2', 235, '2015-08-02', NULL, 'active'),
(1052, '22', 236, '2015-08-02', NULL, 'active'),
(1053, '27', 236, '2015-08-02', NULL, 'active'),
(1054, '35', 236, '2015-08-02', NULL, 'active'),
(1055, '45', 236, '2015-08-02', NULL, 'active'),
(1056, '48', 236, '2015-08-02', NULL, 'active'),
(1057, '55', 236, '2015-08-02', NULL, 'active'),
(1058, '63', 236, '2015-08-02', NULL, 'active'),
(1059, '68', 236, '2015-08-02', NULL, 'active'),
(1060, '72', 236, '2015-08-02', NULL, 'active'),
(1061, '77', 236, '2015-08-02', NULL, 'active'),
(1062, '79', 236, '2015-08-02', NULL, 'active'),
(1063, '83', 236, '2015-08-02', NULL, 'active'),
(1064, '88', 236, '2015-08-02', NULL, 'active'),
(1065, '90', 236, '2015-08-02', NULL, 'active'),
(1066, '92', 236, '2015-08-02', NULL, 'active'),
(1067, '95', 236, '2015-08-02', NULL, 'active'),
(1068, 'D2', 236, '2015-08-02', NULL, 'active'),
(1069, 'R3', 236, '2015-08-02', NULL, 'active'),
(1070, '84', 236, '2015-08-02', NULL, 'active'),
(1071, '27', 247, '2015-09-05', NULL, 'active'),
(1072, '72', 247, '2015-09-05', NULL, 'active'),
(1073, '75', 247, '2015-09-05', NULL, 'active'),
(1074, '87', 247, '2015-09-05', NULL, 'active'),
(1075, '88', 247, '2015-09-05', NULL, 'active'),
(1076, '92', 247, '2015-09-05', NULL, 'active'),
(1077, '95', 247, '2015-09-05', NULL, 'active'),
(1078, 'R1', 247, '2015-09-05', NULL, 'active'),
(1079, 'R3', 247, '2015-09-05', NULL, 'active'),
(1080, 'D2', 247, '2015-09-05', NULL, 'active'),
(1081, '22', 247, '2015-09-05', NULL, 'active'),
(1082, '90', 247, '2015-09-05', NULL, 'active'),
(1083, '83', 247, '2015-09-05', NULL, 'active'),
(1084, '09', 248, '2015-09-08', NULL, 'active'),
(1085, '22', 248, '2015-09-08', NULL, 'active'),
(1086, '27', 248, '2015-09-08', NULL, 'active'),
(1087, '29', 248, '2015-09-08', NULL, 'active'),
(1088, '40', 248, '2015-09-08', NULL, 'active'),
(1089, '62', 248, '2015-09-08', NULL, 'active'),
(1090, '72', 248, '2015-09-08', NULL, 'active'),
(1091, '75', 248, '2015-09-08', NULL, 'active'),
(1092, '79', 248, '2015-09-08', NULL, 'active'),
(1093, '82', 248, '2015-09-08', NULL, 'active'),
(1094, '85', 248, '2015-09-08', NULL, 'active'),
(1095, '88', 248, '2015-09-08', NULL, 'active'),
(1096, '87', 248, '2015-09-08', NULL, 'active'),
(1097, '89', 248, '2015-09-08', NULL, 'active'),
(1098, '90', 248, '2015-09-08', NULL, 'active'),
(1099, '92', 248, '2015-09-08', NULL, 'active'),
(1100, '93', 248, '2015-09-08', NULL, 'active'),
(1101, '95', 248, '2015-09-08', NULL, 'active'),
(1102, '96', 248, '2015-09-08', NULL, 'active');
INSERT INTO `fire_attendance` (`id`, `unit`, `fire_data_id`, `attendance_date`, `remarks`, `status`) VALUES
(1103, 'D2', 248, '2015-09-08', NULL, 'active'),
(1104, 'R3', 248, '2015-09-08', NULL, 'active'),
(1105, '94', 248, '2015-09-08', NULL, 'active'),
(1106, '83', 249, '2015-09-09', NULL, 'active'),
(1107, '85', 249, '2015-09-09', NULL, 'active'),
(1108, '88', 249, '2015-09-09', NULL, 'active'),
(1109, '89', 249, '2015-09-09', NULL, 'active'),
(1110, '93', 249, '2015-09-09', NULL, 'active'),
(1111, '95', 249, '2015-09-09', NULL, 'active'),
(1112, '96', 249, '2015-09-09', NULL, 'active'),
(1113, '94', 249, '2015-09-09', NULL, 'active'),
(1114, 'D2', 251, '2015-09-09', NULL, 'active'),
(1115, '27', 251, '2015-09-09', NULL, 'active'),
(1116, '72', 251, '2015-09-09', NULL, 'active'),
(1117, '80', 251, '2015-09-09', NULL, 'active'),
(1118, '88', 251, '2015-09-09', NULL, 'active'),
(1119, '90', 251, '2015-09-09', NULL, 'active'),
(1120, '92', 251, '2015-09-09', NULL, 'active'),
(1121, '94', 251, '2015-09-09', NULL, 'active'),
(1122, '96', 251, '2015-09-09', NULL, 'active'),
(1123, 'R3', 251, '2015-09-09', NULL, 'active'),
(1124, '22', 251, '2015-09-09', NULL, 'active'),
(1125, '55', 251, '2015-09-09', NULL, 'active'),
(1126, '62', 251, '2015-09-09', NULL, 'active'),
(1127, '63', 251, '2015-09-09', NULL, 'active'),
(1128, '95', 251, '2015-09-09', NULL, 'active'),
(1129, '83', 251, '2015-09-09', NULL, 'active'),
(1130, '97', 251, '2015-09-09', NULL, 'active'),
(1131, '98', 251, '2015-09-09', NULL, 'active'),
(1132, 'D2', 252, '2015-09-11', NULL, 'active'),
(1133, '88', 252, '2015-09-11', NULL, 'active'),
(1134, '92', 252, '2015-09-11', NULL, 'active'),
(1135, '22', 252, '2015-09-11', NULL, 'active'),
(1136, '72', 252, '2015-09-11', NULL, 'active'),
(1137, '75', 252, '2015-09-11', NULL, 'active'),
(1138, '80', 252, '2015-09-11', NULL, 'active'),
(1139, '87', 252, '2015-09-11', NULL, 'active'),
(1140, '90', 252, '2015-09-11', NULL, 'active'),
(1141, '94', 252, '2015-09-11', NULL, 'active'),
(1142, '95', 252, '2015-09-11', NULL, 'active'),
(1143, '63', 252, '2015-09-11', NULL, 'active'),
(1144, '40', 252, '2015-09-11', NULL, 'active'),
(1145, '27', 252, '2015-09-11', NULL, 'active'),
(1146, '96', 252, '2015-09-11', NULL, 'active'),
(1147, '09', 253, '2015-09-12', NULL, 'active'),
(1148, '22', 253, '2015-09-12', NULL, 'active'),
(1149, '27', 253, '2015-09-12', NULL, 'active'),
(1150, '55', 253, '2015-09-12', NULL, 'active'),
(1151, '63', 253, '2015-09-12', NULL, 'active'),
(1152, '68', 253, '2015-09-12', NULL, 'active'),
(1153, '72', 253, '2015-09-12', NULL, 'active'),
(1154, '83', 253, '2015-09-12', NULL, 'active'),
(1155, '88', 253, '2015-09-12', NULL, 'active'),
(1156, '90', 253, '2015-09-12', NULL, 'active'),
(1157, '95', 253, '2015-09-12', NULL, 'active'),
(1158, '96', 253, '2015-09-12', NULL, 'active'),
(1159, 'D1', 253, '2015-09-12', NULL, 'active'),
(1160, 'D2', 253, '2015-09-12', NULL, 'active'),
(1161, '92', 253, '2015-09-12', NULL, 'active'),
(1162, '87', 253, '2015-09-12', NULL, 'active'),
(1163, '62', 254, '2015-09-18', NULL, 'active'),
(1164, '82', 254, '2015-09-18', NULL, 'active'),
(1165, '87', 254, '2015-09-18', NULL, 'active'),
(1166, '92', 254, '2015-09-18', NULL, 'active'),
(1167, '93', 254, '2015-09-18', NULL, 'active'),
(1168, '94', 254, '2015-09-18', NULL, 'active'),
(1169, '95', 254, '2015-09-18', NULL, 'active'),
(1170, 'D1', 254, '2015-09-18', NULL, 'active'),
(1171, 'D2', 254, '2015-09-18', NULL, 'active'),
(1172, 'R3', 254, '2015-09-18', NULL, 'active'),
(1173, 'R1', 254, '2015-09-18', NULL, 'active'),
(1174, '40', 254, '2015-09-18', NULL, 'active'),
(1175, '72', 254, '2015-09-18', NULL, 'active'),
(1176, '75', 254, '2015-09-18', NULL, 'active'),
(1177, '22', 254, '2015-09-18', NULL, 'active'),
(1178, '55', 254, '2015-09-18', NULL, 'active'),
(1179, '80', 254, '2015-09-18', NULL, 'active'),
(1180, '89', 254, '2015-09-18', NULL, 'active'),
(1181, '88', 254, '2015-09-18', NULL, 'active'),
(1182, '90', 254, '2015-09-18', NULL, 'active'),
(1183, '80', 257, '2015-10-02', NULL, 'active'),
(1184, '22', 257, '2015-10-02', NULL, 'active'),
(1185, '88', 257, '2015-10-02', NULL, 'active'),
(1186, '75', 257, '2015-10-02', NULL, 'active'),
(1187, '27', 257, '2015-10-02', NULL, 'active'),
(1188, '40', 257, '2015-10-02', NULL, 'active'),
(1189, 'D1', 257, '2015-10-02', NULL, 'active'),
(1190, 'D2', 257, '2015-10-02', NULL, 'active'),
(1191, 'R1', 257, '2015-10-02', NULL, 'active'),
(1192, 'R3', 257, '2015-10-02', NULL, 'active'),
(1193, '72', 257, '2015-10-02', NULL, 'active'),
(1194, '82', 257, '2015-10-02', NULL, 'active'),
(1195, '83', 257, '2015-10-02', NULL, 'active'),
(1196, '42', 257, '2015-10-02', NULL, 'active'),
(1197, '48', 257, '2015-10-02', NULL, 'active'),
(1198, '27', 258, '2015-10-04', NULL, 'active'),
(1199, '55', 258, '2015-10-04', NULL, 'active'),
(1200, '63', 258, '2015-10-04', NULL, 'active'),
(1201, '68', 258, '2015-10-04', NULL, 'active'),
(1202, '72', 258, '2015-10-04', NULL, 'active'),
(1203, '75', 258, '2015-10-04', NULL, 'active'),
(1204, '77', 258, '2015-10-04', NULL, 'active'),
(1205, '83', 258, '2015-10-04', NULL, 'active'),
(1206, '87', 258, '2015-10-04', NULL, 'active'),
(1207, '88', 258, '2015-10-04', NULL, 'active'),
(1208, '89', 258, '2015-10-04', NULL, 'active'),
(1209, '90', 258, '2015-10-04', NULL, 'active'),
(1210, 'D1', 258, '2015-10-04', NULL, 'active'),
(1211, 'R3', 258, '2015-10-04', NULL, 'active'),
(1212, 'R2', 258, '2015-10-04', NULL, 'active'),
(1213, '22', 258, '2015-10-04', NULL, 'active'),
(1214, '94', 258, '2015-10-04', NULL, 'active'),
(1215, '98', 258, '2015-10-04', NULL, 'active'),
(1216, '97', 258, '2015-10-04', NULL, 'active'),
(1217, '18', 260, '2015-10-08', NULL, 'active'),
(1218, '22', 260, '2015-10-08', NULL, 'active'),
(1219, '63', 260, '2015-10-08', NULL, 'active'),
(1220, '89', 260, '2015-10-08', NULL, 'active'),
(1221, '90', 260, '2015-10-08', NULL, 'active'),
(1222, '87', 260, '2015-10-08', NULL, 'active'),
(1223, 'R1', 260, '2015-10-08', NULL, 'active'),
(1224, '83', 260, '2015-10-08', NULL, 'active'),
(1225, '85', 262, '2015-10-12', NULL, 'active'),
(1226, '45', 262, '2015-10-12', NULL, 'active'),
(1227, '88', 265, '2015-10-16', NULL, 'active'),
(1228, '92', 265, '2015-10-16', NULL, 'active'),
(1229, 'R3', 265, '2015-10-16', NULL, 'active'),
(1230, 'R1', 265, '2015-10-16', NULL, 'active'),
(1231, '95', 265, '2015-10-16', NULL, 'active'),
(1232, 'D2', 265, '2015-10-16', NULL, 'active'),
(1233, '90', 266, '2015-10-18', NULL, 'active'),
(1234, '92', 266, '2015-10-18', NULL, 'active'),
(1235, '82', 268, '2015-10-18', NULL, 'active'),
(1236, '95', 268, '2015-10-18', NULL, 'active'),
(1237, '90', 268, '2015-10-18', NULL, 'active'),
(1238, '27', 268, '2015-10-18', NULL, 'active'),
(1239, '92', 268, '2015-10-18', NULL, 'active'),
(1240, 'D1', 268, '2015-10-18', NULL, 'active'),
(1241, '75', 268, '2015-10-18', NULL, 'active'),
(1242, '88', 268, '2015-10-18', NULL, 'active'),
(1243, '22', 268, '2015-10-18', NULL, 'active'),
(1244, '42', 268, '2015-10-18', NULL, 'active'),
(1245, '55', 269, '2015-10-24', NULL, 'active'),
(1246, '77', 269, '2015-10-24', NULL, 'active'),
(1247, '79', 269, '2015-10-24', NULL, 'active'),
(1248, '84', 269, '2015-10-24', NULL, 'active'),
(1249, '92', 269, '2015-10-24', NULL, 'active'),
(1250, 'D2', 269, '2015-10-24', NULL, 'active'),
(1251, 'R3', 269, '2015-10-24', NULL, 'active'),
(1252, '27', 269, '2015-10-24', NULL, 'active'),
(1253, '42', 269, '2015-10-24', NULL, 'active'),
(1254, '95', 269, '2015-10-24', NULL, 'active'),
(1255, '97', 269, '2015-10-24', NULL, 'active'),
(1256, '22', 269, '2015-10-24', NULL, 'active'),
(1257, '72', 269, '2015-10-24', NULL, 'active'),
(1258, '85', 270, '2015-10-26', NULL, 'active'),
(1259, '86', 270, '2015-10-26', NULL, 'active'),
(1260, '90', 270, '2015-10-26', NULL, 'active'),
(1261, 'D2', 270, '2015-10-26', NULL, 'active'),
(1262, '92', 270, '2015-10-26', NULL, 'active'),
(1263, '97', 270, '2015-10-26', NULL, 'active'),
(1264, '98', 270, '2015-10-26', NULL, 'active'),
(1265, '72', 270, '2015-10-26', NULL, 'active'),
(1266, '68', 270, '2015-10-26', NULL, 'active'),
(1267, '27', 270, '2015-10-26', NULL, 'active'),
(1268, '94', 271, '2015-10-28', NULL, 'active'),
(1269, '91', 271, '2015-10-28', NULL, 'active'),
(1270, 'R2', 271, '2015-10-28', NULL, 'active'),
(1271, 'R3', 271, '2015-10-28', NULL, 'active'),
(1272, '77', 271, '2015-10-28', NULL, 'active'),
(1273, '87', 271, '2015-10-28', NULL, 'active'),
(1274, '72', 271, '2015-10-28', NULL, 'active'),
(1275, '48', 271, '2015-10-28', NULL, 'active'),
(1276, '22', 271, '2015-10-28', NULL, 'active'),
(1277, '88', 271, '2015-10-28', NULL, 'active'),
(1278, '95', 271, '2015-10-28', NULL, 'active'),
(1279, '83', 271, '2015-10-28', NULL, 'active'),
(1280, '85', 271, '2015-10-28', NULL, 'active'),
(1281, '80', 271, '2015-10-28', NULL, 'active'),
(1282, 'D1', 271, '2015-10-28', NULL, 'active'),
(1283, 'D2', 271, '2015-10-28', NULL, 'active'),
(1284, '90', 272, '2015-10-28', NULL, 'active'),
(1285, 'R3', 272, '2015-10-28', NULL, 'active'),
(1286, 'D1', 272, '2015-10-28', NULL, 'active'),
(1287, '80', 272, '2015-10-28', NULL, 'active'),
(1288, '92', 272, '2015-10-28', NULL, 'active'),
(1289, '88', 272, '2015-10-28', NULL, 'active'),
(1290, '97', 272, '2015-10-28', NULL, 'active'),
(1291, '98', 272, '2015-10-28', NULL, 'active'),
(1292, '85', 274, '2015-10-31', NULL, 'active'),
(1293, '83', 274, '2015-10-31', NULL, 'active'),
(1294, 'D1', 274, '2015-10-31', NULL, 'active'),
(1295, 'D2', 274, '2015-10-31', NULL, 'active'),
(1296, '80', 274, '2015-10-31', NULL, 'active'),
(1297, '72', 274, '2015-10-31', NULL, 'active'),
(1298, '30', 274, '2015-10-31', NULL, 'active'),
(1299, '75', 274, '2015-10-31', NULL, 'active'),
(1300, '90', 274, '2015-10-31', NULL, 'active'),
(1301, '27', 274, '2015-10-31', NULL, 'active'),
(1302, '22', 275, '2015-11-01', NULL, 'active'),
(1303, '27', 275, '2015-11-01', NULL, 'active'),
(1304, '30', 275, '2015-11-01', NULL, 'active'),
(1305, '79', 275, '2015-11-01', NULL, 'active'),
(1306, '84', 275, '2015-11-01', NULL, 'active'),
(1307, '87', 275, '2015-11-01', NULL, 'active'),
(1308, '90', 275, '2015-11-01', NULL, 'active'),
(1309, '91', 275, '2015-11-01', NULL, 'active'),
(1310, '92', 275, '2015-11-01', NULL, 'active'),
(1311, '96', 275, '2015-11-01', NULL, 'active'),
(1312, '88', 275, '2015-11-01', NULL, 'active'),
(1313, '75', 275, '2015-11-01', NULL, 'active'),
(1314, '72', 275, '2015-11-01', NULL, 'active'),
(1315, '09', 275, '2015-11-01', NULL, 'active'),
(1316, '95', 275, '2015-11-01', NULL, 'active'),
(1317, '97', 275, '2015-11-01', NULL, 'active'),
(1318, '91', 278, '2015-11-03', NULL, 'active'),
(1319, '85', 278, '2015-11-03', NULL, 'active'),
(1320, '86', 278, '2015-11-03', NULL, 'active'),
(1321, '77', 278, '2015-11-03', NULL, 'active'),
(1322, '80', 278, '2015-11-03', NULL, 'active'),
(1323, '75', 278, '2015-11-03', NULL, 'active'),
(1324, '85', 279, '2015-11-05', NULL, 'active'),
(1325, 'R3', 279, '2015-11-05', NULL, 'active'),
(1326, 'D2', 279, '2015-11-05', NULL, 'active'),
(1327, 'R2', 279, '2015-11-05', NULL, 'active'),
(1328, '29', 281, '2015-11-06', NULL, 'active'),
(1329, '92', 281, '2015-11-06', NULL, 'active'),
(1330, '83', 281, '2015-11-06', NULL, 'active'),
(1331, 'D2', 281, '2015-11-06', NULL, 'active'),
(1332, 'R2', 281, '2015-11-06', NULL, 'active'),
(1333, '09', 285, '2015-11-17', NULL, 'active'),
(1334, '30', 285, '2015-11-17', NULL, 'active'),
(1335, '48', 285, '2015-11-17', NULL, 'active'),
(1336, '22', 285, '2015-11-17', NULL, 'active'),
(1337, '27', 285, '2015-11-17', NULL, 'active'),
(1338, '29', 285, '2015-11-17', NULL, 'active'),
(1339, '72', 285, '2015-11-17', NULL, 'active'),
(1340, '68', 285, '2015-11-17', NULL, 'active'),
(1341, '75', 285, '2015-11-17', NULL, 'active'),
(1342, '77', 285, '2015-11-17', NULL, 'active'),
(1343, '87', 285, '2015-11-17', NULL, 'active'),
(1344, '88', 285, '2015-11-17', NULL, 'active'),
(1345, '82', 285, '2015-11-17', NULL, 'active'),
(1346, '85', 285, '2015-11-17', NULL, 'active'),
(1347, '94', 285, '2015-11-17', NULL, 'active'),
(1348, 'D1', 285, '2015-11-17', NULL, 'active'),
(1349, 'D2', 285, '2015-11-17', NULL, 'active'),
(1350, 'R1', 285, '2015-11-17', NULL, 'active'),
(1351, 'R2', 285, '2015-11-17', NULL, 'active'),
(1352, 'R3', 285, '2015-11-17', NULL, 'active'),
(1353, '42', 285, '2015-11-17', NULL, 'active'),
(1354, '30', 286, '2015-11-19', NULL, 'active'),
(1355, '92', 287, '2015-11-20', NULL, 'active'),
(1356, '72', 288, '2015-11-20', NULL, 'active'),
(1357, '75', 288, '2015-11-20', NULL, 'active'),
(1358, '35', 288, '2015-11-20', NULL, 'active'),
(1359, '43', 288, '2015-11-20', NULL, 'active'),
(1360, '83', 288, '2015-11-20', NULL, 'active'),
(1361, '27', 288, '2015-11-20', NULL, 'active'),
(1362, '85', 288, '2015-11-20', NULL, 'active'),
(1363, '88', 288, '2015-11-20', NULL, 'active'),
(1364, '35', 290, '2015-11-24', NULL, 'active'),
(1365, '88', 290, '2015-11-24', NULL, 'active'),
(1366, '75', 290, '2015-11-24', NULL, 'active'),
(1367, '45', 291, '2015-11-29', NULL, 'active'),
(1368, '90', 291, '2015-11-29', NULL, 'active'),
(1369, '84', 291, '2015-11-29', NULL, 'active'),
(1370, '91', 291, '2015-11-29', NULL, 'active'),
(1371, '82', 291, '2015-11-29', NULL, 'active'),
(1372, '98', 291, '2015-11-29', NULL, 'active'),
(1373, '95', 291, '2015-11-29', NULL, 'active'),
(1374, '22', 292, '2015-11-29', NULL, 'active'),
(1375, '27', 292, '2015-11-29', NULL, 'active'),
(1376, '48', 292, '2015-11-29', NULL, 'active'),
(1377, '55', 292, '2015-11-29', NULL, 'active'),
(1378, '77', 292, '2015-11-29', NULL, 'active'),
(1379, '88', 292, '2015-11-29', NULL, 'active'),
(1380, '90', 292, '2015-11-29', NULL, 'active'),
(1381, '92', 292, '2015-11-29', NULL, 'active'),
(1382, '95', 292, '2015-11-29', NULL, 'active'),
(1383, 'D1', 292, '2015-11-29', NULL, 'active'),
(1384, 'R3', 292, '2015-11-29', NULL, 'active'),
(1385, '29', 292, '2015-11-29', NULL, 'active'),
(1386, '30', 292, '2015-11-29', NULL, 'active'),
(1387, '80', 292, '2015-11-29', NULL, 'active'),
(1388, '84', 292, '2015-11-29', NULL, 'active'),
(1389, '68', 292, '2015-11-29', NULL, 'active'),
(1390, '35', 292, '2015-11-29', NULL, 'active'),
(1391, '27', 294, '2015-11-30', NULL, 'active'),
(1392, '35', 294, '2015-11-30', NULL, 'active'),
(1393, '38', 294, '2015-11-30', NULL, 'active'),
(1394, '68', 294, '2015-11-30', NULL, 'active'),
(1395, '75', 294, '2015-11-30', NULL, 'active'),
(1396, '85', 294, '2015-11-30', NULL, 'active'),
(1397, '90', 294, '2015-11-30', NULL, 'active'),
(1398, '92', 294, '2015-11-30', NULL, 'active'),
(1399, '22', 294, '2015-11-30', NULL, 'active'),
(1400, '88', 294, '2015-11-30', NULL, 'active'),
(1401, '83', 294, '2015-11-30', NULL, 'active'),
(1402, 'R3', 294, '2015-11-30', NULL, 'active'),
(1403, 'R1', 294, '2015-11-30', NULL, 'active'),
(1404, 'D1', 294, '2015-11-30', NULL, 'active'),
(1405, 'D2', 294, '2015-11-30', NULL, 'active'),
(1406, '22', 295, '2015-12-01', NULL, 'active'),
(1407, '27', 295, '2015-12-01', NULL, 'active'),
(1408, '30', 295, '2015-12-01', NULL, 'active'),
(1409, '35', 295, '2015-12-01', NULL, 'active'),
(1410, '40', 295, '2015-12-01', NULL, 'active'),
(1411, '62', 295, '2015-12-01', NULL, 'active'),
(1412, '63', 295, '2015-12-01', NULL, 'active'),
(1413, '68', 295, '2015-12-01', NULL, 'active'),
(1414, '72', 295, '2015-12-01', NULL, 'active'),
(1415, '83', 295, '2015-12-01', NULL, 'active'),
(1416, '85', 295, '2015-12-01', NULL, 'active'),
(1417, '88', 295, '2015-12-01', NULL, 'active'),
(1418, '90', 295, '2015-12-01', NULL, 'active'),
(1419, '94', 295, '2015-12-01', NULL, 'active'),
(1420, '75', 295, '2015-12-01', NULL, 'active'),
(1421, 'R1', 295, '2015-12-01', NULL, 'active'),
(1422, 'R3', 295, '2015-12-01', NULL, 'active'),
(1423, 'D2', 295, '2015-12-01', NULL, 'active'),
(1424, '42', 295, '2015-12-01', NULL, 'active'),
(1425, '09', 296, '2015-12-02', NULL, 'active'),
(1426, '22', 296, '2015-12-02', NULL, 'active'),
(1427, '27', 296, '2015-12-02', NULL, 'active'),
(1428, '30', 296, '2015-12-02', NULL, 'active'),
(1429, '38', 296, '2015-12-02', NULL, 'active'),
(1430, '40', 296, '2015-12-02', NULL, 'active'),
(1431, '48', 296, '2015-12-02', NULL, 'active'),
(1432, '62', 296, '2015-12-02', NULL, 'active'),
(1433, '63', 296, '2015-12-02', NULL, 'active'),
(1434, '72', 296, '2015-12-02', NULL, 'active'),
(1435, '75', 296, '2015-12-02', NULL, 'active'),
(1436, '82', 296, '2015-12-02', NULL, 'active'),
(1437, '85', 296, '2015-12-02', NULL, 'active'),
(1438, '87', 296, '2015-12-02', NULL, 'active'),
(1439, '88', 296, '2015-12-02', NULL, 'active'),
(1440, '92', 296, '2015-12-02', NULL, 'active'),
(1441, '94', 296, '2015-12-02', NULL, 'active'),
(1442, '77', 296, '2015-12-02', NULL, 'active'),
(1443, '68', 296, '2015-12-02', NULL, 'active'),
(1444, 'D2', 296, '2015-12-02', NULL, 'active'),
(1445, 'R3', 296, '2015-12-02', NULL, 'active'),
(1446, 'R1', 296, '2015-12-02', NULL, 'active'),
(1447, '89', 296, '2015-12-02', NULL, 'active'),
(1448, '90', 296, '2015-12-02', NULL, 'active'),
(1449, '95', 296, '2015-12-02', NULL, 'active'),
(1450, '75', 297, '2015-12-07', NULL, 'active'),
(1451, '85', 297, '2015-12-07', NULL, 'active'),
(1452, '90', 297, '2015-12-07', NULL, 'active'),
(1453, '95', 297, '2015-12-07', NULL, 'active'),
(1454, 'D1', 297, '2015-12-07', NULL, 'active'),
(1455, 'D2', 297, '2015-12-07', NULL, 'active'),
(1456, 'R3', 297, '2015-12-07', NULL, 'active'),
(1457, '30', 297, '2015-12-07', NULL, 'active'),
(1458, '92', 297, '2015-12-07', NULL, 'active'),
(1459, '97', 297, '2015-12-07', NULL, 'active'),
(1460, '29', 298, '2015-12-14', NULL, 'active'),
(1461, '75', 298, '2015-12-14', NULL, 'active'),
(1462, '85', 298, '2015-12-14', NULL, 'active'),
(1463, 'D1', 298, '2015-12-14', NULL, 'active'),
(1464, 'R1', 298, '2015-12-14', NULL, 'active'),
(1465, 'R2', 298, '2015-12-14', NULL, 'active'),
(1466, 'R3', 298, '2015-12-14', NULL, 'active'),
(1467, '85', 299, '2015-12-15', NULL, 'active'),
(1468, '88', 299, '2015-12-15', NULL, 'active'),
(1469, '90', 299, '2015-12-15', NULL, 'active'),
(1470, '92', 299, '2015-12-15', NULL, 'active'),
(1471, '95', 299, '2015-12-15', NULL, 'active'),
(1472, 'R1', 299, '2015-12-15', NULL, 'active'),
(1473, 'R3', 299, '2015-12-15', NULL, 'active'),
(1474, 'D2', 299, '2015-12-15', NULL, 'active'),
(1475, '98', 299, '2015-12-15', NULL, 'active'),
(1476, '80', 300, '2015-12-18', NULL, 'active'),
(1477, '88', 300, '2015-12-18', NULL, 'active'),
(1478, 'D2', 300, '2015-12-18', NULL, 'active'),
(1479, '27', 300, '2015-12-18', NULL, 'active'),
(1480, '72', 300, '2015-12-18', NULL, 'active'),
(1481, '63', 300, '2015-12-18', NULL, 'active'),
(1482, '22', 300, '2015-12-18', NULL, 'active'),
(1483, '90', 300, '2015-12-18', NULL, 'active'),
(1484, '92', 300, '2015-12-18', NULL, 'active'),
(1485, '45', 300, '2015-12-18', NULL, 'active'),
(1486, '29', 301, '2015-12-21', NULL, 'active'),
(1487, '62', 301, '2015-12-21', NULL, 'active'),
(1488, '72', 301, '2015-12-21', NULL, 'active'),
(1489, '80', 301, '2015-12-21', NULL, 'active'),
(1490, '85', 301, '2015-12-21', NULL, 'active'),
(1491, '86', 301, '2015-12-21', NULL, 'active'),
(1492, '87', 301, '2015-12-21', NULL, 'active'),
(1493, '90', 301, '2015-12-21', NULL, 'active'),
(1494, '94', 301, '2015-12-21', NULL, 'active'),
(1495, 'D1', 301, '2015-12-21', NULL, 'active'),
(1496, 'D2', 301, '2015-12-21', NULL, 'active'),
(1497, 'R2', 301, '2015-12-21', NULL, 'active'),
(1498, 'R3', 301, '2015-12-21', NULL, 'active'),
(1499, 'R1', 301, '2015-12-21', NULL, 'active'),
(1500, '68', 301, '2015-12-21', NULL, 'active'),
(1501, '88', 301, '2015-12-21', NULL, 'active'),
(1502, '96', 301, '2015-12-21', NULL, 'active'),
(1503, '27', 302, '2015-12-25', NULL, 'active'),
(1504, '29', 302, '2015-12-25', NULL, 'active'),
(1505, '75', 302, '2015-12-25', NULL, 'active'),
(1506, '83', 302, '2015-12-25', NULL, 'active'),
(1507, '85', 302, '2015-12-25', NULL, 'active'),
(1508, '92', 302, '2015-12-25', NULL, 'active'),
(1509, 'D1', 302, '2015-12-25', NULL, 'active'),
(1510, 'D2', 302, '2015-12-25', NULL, 'active'),
(1511, '18', 303, '2015-12-26', NULL, 'active'),
(1512, '09', 303, '2015-12-26', NULL, 'active'),
(1513, '27', 303, '2015-12-26', NULL, 'active'),
(1514, '35', 303, '2015-12-26', NULL, 'active'),
(1515, '43', 303, '2015-12-26', NULL, 'active'),
(1516, '50', 303, '2015-12-26', NULL, 'active'),
(1517, '55', 303, '2015-12-26', NULL, 'active'),
(1518, '62', 303, '2015-12-26', NULL, 'active'),
(1519, '68', 303, '2015-12-26', NULL, 'active'),
(1520, '72', 303, '2015-12-26', NULL, 'active'),
(1521, '75', 303, '2015-12-26', NULL, 'active'),
(1522, '82', 303, '2015-12-26', NULL, 'active'),
(1523, '85', 303, '2015-12-26', NULL, 'active'),
(1524, '89', 303, '2015-12-26', NULL, 'active'),
(1525, '92', 303, '2015-12-26', NULL, 'active'),
(1526, '95', 303, '2015-12-26', NULL, 'active'),
(1527, 'D1', 303, '2015-12-26', NULL, 'active'),
(1528, '48', 303, '2015-12-26', NULL, 'active'),
(1529, '97', 303, '2015-12-26', NULL, 'active'),
(1530, '98', 303, '2015-12-26', NULL, 'active'),
(1531, '27', 304, '2015-12-30', NULL, 'active'),
(1532, '85', 304, '2015-12-30', NULL, 'active'),
(1533, '93', 304, '2015-12-30', NULL, 'active'),
(1534, 'R3', 304, '2015-12-30', NULL, 'active'),
(1535, 'D2', 304, '2015-12-30', NULL, 'active'),
(1536, 'D1', 304, '2015-12-30', NULL, 'active'),
(1537, '75', 304, '2015-12-30', NULL, 'active'),
(1538, '22', 304, '2015-12-30', NULL, 'active'),
(1539, '88', 304, '2015-12-30', NULL, 'active'),
(1540, '43', 304, '2015-12-30', NULL, 'active'),
(1541, '92', 304, '2015-12-30', NULL, 'active'),
(1542, '22', 307, '2016-01-02', NULL, 'active'),
(1543, '27', 307, '2016-01-02', NULL, 'active'),
(1544, '30', 307, '2016-01-02', NULL, 'active'),
(1545, '35', 307, '2016-01-02', NULL, 'active'),
(1546, '38', 307, '2016-01-02', NULL, 'active'),
(1547, '48', 307, '2016-01-02', NULL, 'active'),
(1548, '55', 307, '2016-01-02', NULL, 'active'),
(1549, '42', 307, '2016-01-02', NULL, 'active'),
(1550, '68', 307, '2016-01-02', NULL, 'active'),
(1551, '75', 307, '2016-01-02', NULL, 'active'),
(1552, '79', 307, '2016-01-02', NULL, 'active'),
(1553, '80', 307, '2016-01-02', NULL, 'active'),
(1554, '83', 307, '2016-01-02', NULL, 'active'),
(1555, '85', 307, '2016-01-02', NULL, 'active'),
(1556, '88', 307, '2016-01-02', NULL, 'active'),
(1557, '92', 307, '2016-01-02', NULL, 'active'),
(1558, 'D1', 307, '2016-01-02', NULL, 'active'),
(1559, 'R3', 307, '2016-01-02', NULL, 'active'),
(1560, 'R2', 307, '2016-01-02', NULL, 'active'),
(1561, 'R3', 308, '2016-01-03', NULL, 'active'),
(1562, '91', 308, '2016-01-03', NULL, 'active'),
(1563, '89', 308, '2016-01-03', NULL, 'active'),
(1564, 'D2', 308, '2016-01-03', NULL, 'active'),
(1565, '92', 308, '2016-01-03', NULL, 'active'),
(1566, '68', 308, '2016-01-03', NULL, 'active'),
(1567, '27', 308, '2016-01-03', NULL, 'active'),
(1568, '96', 308, '2016-01-03', NULL, 'active'),
(1569, '22', 308, '2016-01-03', NULL, 'active'),
(1570, '63', 308, '2016-01-03', NULL, 'active'),
(1571, '88', 308, '2016-01-03', NULL, 'active'),
(1572, '98', 308, '2016-01-03', NULL, 'active'),
(1573, '97', 308, '2016-01-03', NULL, 'active'),
(1574, '83', 309, '2016-01-05', NULL, 'active'),
(1575, '92', 309, '2016-01-05', NULL, 'active'),
(1576, 'D2', 309, '2016-01-05', NULL, 'active'),
(1577, 'R3', 309, '2016-01-05', NULL, 'active'),
(1578, '97', 309, '2016-01-05', NULL, 'active'),
(1579, '86', 309, '2016-01-05', NULL, 'active'),
(1580, '22', 310, '2016-01-10', NULL, 'active'),
(1581, '27', 310, '2016-01-10', NULL, 'active'),
(1582, '30', 310, '2016-01-10', NULL, 'active'),
(1583, '43', 310, '2016-01-10', NULL, 'active'),
(1584, '48', 310, '2016-01-10', NULL, 'active'),
(1585, '55', 310, '2016-01-10', NULL, 'active'),
(1586, '80', 310, '2016-01-10', NULL, 'active'),
(1587, '88', 310, '2016-01-10', NULL, 'active'),
(1588, '90', 310, '2016-01-10', NULL, 'active'),
(1589, '91', 310, '2016-01-10', NULL, 'active'),
(1590, '92', 310, '2016-01-10', NULL, 'active'),
(1591, '95', 310, '2016-01-10', NULL, 'active'),
(1592, 'D1', 310, '2016-01-10', NULL, 'active'),
(1593, 'R3', 310, '2016-01-10', NULL, 'active'),
(1594, '82', 310, '2016-01-10', NULL, 'active'),
(1595, '62', 310, '2016-01-10', NULL, 'active'),
(1596, '68', 310, '2016-01-10', NULL, 'active'),
(1597, '94', 310, '2016-01-10', NULL, 'active'),
(1598, '27', 311, '2016-01-12', NULL, 'active'),
(1599, '22', 311, '2016-01-12', NULL, 'active'),
(1600, '29', 311, '2016-01-12', NULL, 'active'),
(1601, '30', 311, '2016-01-12', NULL, 'active'),
(1602, '48', 311, '2016-01-12', NULL, 'active'),
(1603, '55', 311, '2016-01-12', NULL, 'active'),
(1604, '72', 311, '2016-01-12', NULL, 'active'),
(1605, '68', 311, '2016-01-12', NULL, 'active'),
(1606, '80', 311, '2016-01-12', NULL, 'active'),
(1607, '87', 311, '2016-01-12', NULL, 'active'),
(1608, '84', 311, '2016-01-12', NULL, 'active'),
(1609, '85', 311, '2016-01-12', NULL, 'active'),
(1610, '94', 311, '2016-01-12', NULL, 'active'),
(1611, '88', 311, '2016-01-12', NULL, 'active'),
(1612, 'R1', 311, '2016-01-12', NULL, 'active'),
(1613, 'R2', 311, '2016-01-12', NULL, 'active'),
(1614, 'R3', 311, '2016-01-12', NULL, 'active'),
(1615, 'D1', 311, '2016-01-12', NULL, 'active'),
(1616, 'D2', 311, '2016-01-12', NULL, 'active'),
(1617, '09', 312, '2016-01-12', NULL, 'active'),
(1618, '13', 312, '2016-01-12', NULL, 'active'),
(1619, '85', 312, '2016-01-12', NULL, 'active'),
(1620, '88', 312, '2016-01-12', NULL, 'active'),
(1621, '84', 312, '2016-01-12', NULL, 'active'),
(1622, '87', 312, '2016-01-12', NULL, 'active'),
(1623, '94', 312, '2016-01-12', NULL, 'active'),
(1624, '22', 312, '2016-01-12', NULL, 'active'),
(1625, '29', 312, '2016-01-12', NULL, 'active'),
(1626, '30', 312, '2016-01-12', NULL, 'active'),
(1627, '48', 312, '2016-01-12', NULL, 'active'),
(1628, '55', 312, '2016-01-12', NULL, 'active'),
(1629, '82', 312, '2016-01-12', NULL, 'active'),
(1630, '18', 313, '2016-01-13', NULL, 'active'),
(1631, '96', 313, '2016-01-13', NULL, 'active'),
(1632, 'R1', 313, '2016-01-13', NULL, 'active'),
(1633, 'R2', 313, '2016-01-13', NULL, 'active'),
(1634, 'R3', 313, '2016-01-13', NULL, 'active'),
(1635, '85', 313, '2016-01-13', NULL, 'active'),
(1636, '22', 313, '2016-01-13', NULL, 'active'),
(1637, '88', 313, '2016-01-13', NULL, 'active'),
(1638, '80', 313, '2016-01-13', NULL, 'active'),
(1639, '75', 313, '2016-01-13', NULL, 'active'),
(1640, '09', 313, '2016-01-13', NULL, 'active'),
(1641, 'D1', 313, '2016-01-13', NULL, 'active'),
(1642, 'D2', 313, '2016-01-13', NULL, 'active'),
(1643, '09', 314, '2016-01-13', NULL, 'active'),
(1644, '22', 314, '2016-01-13', NULL, 'active'),
(1645, '27', 314, '2016-01-13', NULL, 'active'),
(1646, '29', 314, '2016-01-13', NULL, 'active'),
(1647, '30', 314, '2016-01-13', NULL, 'active'),
(1648, '35', 314, '2016-01-13', NULL, 'active'),
(1649, '38', 314, '2016-01-13', NULL, 'active'),
(1650, '55', 314, '2016-01-13', NULL, 'active'),
(1651, '68', 314, '2016-01-13', NULL, 'active'),
(1652, '72', 314, '2016-01-13', NULL, 'active'),
(1653, '83', 314, '2016-01-13', NULL, 'active'),
(1654, '85', 314, '2016-01-13', NULL, 'active'),
(1655, '87', 314, '2016-01-13', NULL, 'active'),
(1656, '88', 314, '2016-01-13', NULL, 'active'),
(1657, '89', 314, '2016-01-13', NULL, 'active'),
(1658, '90', 314, '2016-01-13', NULL, 'active'),
(1659, '94', 314, '2016-01-13', NULL, 'active'),
(1660, '48', 314, '2016-01-13', NULL, 'active'),
(1661, '79', 314, '2016-01-13', NULL, 'active'),
(1662, '84', 314, '2016-01-13', NULL, 'active'),
(1663, '91', 314, '2016-01-13', NULL, 'active'),
(1664, '97', 314, '2016-01-13', NULL, 'active'),
(1665, '88', 315, '2016-01-19', NULL, 'active'),
(1666, '09', 315, '2016-01-19', NULL, 'active'),
(1667, 'R1', 315, '2016-01-19', NULL, 'active'),
(1668, 'R3', 315, '2016-01-19', NULL, 'active'),
(1669, '72', 315, '2016-01-19', NULL, 'active'),
(1670, '75', 315, '2016-01-19', NULL, 'active'),
(1671, '30', 315, '2016-01-19', NULL, 'active'),
(1672, '35', 315, '2016-01-19', NULL, 'active'),
(1673, '27', 315, '2016-01-19', NULL, 'active'),
(1674, '80', 315, '2016-01-19', NULL, 'active'),
(1675, '48', 316, '2016-01-20', NULL, 'active'),
(1676, '86', 316, '2016-01-20', NULL, 'active'),
(1677, '30', 316, '2016-01-20', NULL, 'active'),
(1678, '83', 316, '2016-01-20', NULL, 'active'),
(1679, '97', 316, '2016-01-20', NULL, 'active'),
(1680, '72', 316, '2016-01-20', NULL, 'active'),
(1681, '75', 316, '2016-01-20', NULL, 'active'),
(1682, '29', 316, '2016-01-20', NULL, 'active'),
(1683, '80', 316, '2016-01-20', NULL, 'active'),
(1684, '87', 316, '2016-01-20', NULL, 'active'),
(1685, '85', 316, '2016-01-20', NULL, 'active'),
(1686, '90', 316, '2016-01-20', NULL, 'active'),
(1687, '92', 316, '2016-01-20', NULL, 'active'),
(1688, '88', 316, '2016-01-20', NULL, 'active'),
(1689, '95', 316, '2016-01-20', NULL, 'active'),
(1690, '09', 317, '2016-01-21', NULL, 'active'),
(1691, '22', 317, '2016-01-21', NULL, 'active'),
(1692, '27', 317, '2016-01-21', NULL, 'active'),
(1693, '29', 317, '2016-01-21', NULL, 'active'),
(1694, '30', 317, '2016-01-21', NULL, 'active'),
(1695, '40', 317, '2016-01-21', NULL, 'active'),
(1696, '48', 317, '2016-01-21', NULL, 'active'),
(1697, '55', 317, '2016-01-21', NULL, 'active'),
(1698, '72', 317, '2016-01-21', NULL, 'active'),
(1699, '75', 317, '2016-01-21', NULL, 'active'),
(1700, '84', 317, '2016-01-21', NULL, 'active'),
(1701, '87', 317, '2016-01-21', NULL, 'active'),
(1702, '88', 317, '2016-01-21', NULL, 'active'),
(1703, '96', 317, '2016-01-21', NULL, 'active'),
(1704, '13', 317, '2016-01-21', NULL, 'active'),
(1705, 'R1', 317, '2016-01-21', NULL, 'active'),
(1706, 'R2', 317, '2016-01-21', NULL, 'active'),
(1707, 'R3', 317, '2016-01-21', NULL, 'active'),
(1708, 'D1', 317, '2016-01-21', NULL, 'active'),
(1709, 'D2', 317, '2016-01-21', NULL, 'active'),
(1710, '22', 318, '2016-01-21', NULL, 'active'),
(1711, '88', 318, '2016-01-21', NULL, 'active'),
(1712, '87', 318, '2016-01-21', NULL, 'active'),
(1713, '09', 318, '2016-01-21', NULL, 'active'),
(1714, '48', 318, '2016-01-21', NULL, 'active'),
(1715, '55', 318, '2016-01-21', NULL, 'active'),
(1716, '09', 319, '2016-01-24', NULL, 'active'),
(1717, '22', 319, '2016-01-24', NULL, 'active'),
(1718, '35', 319, '2016-01-24', NULL, 'active'),
(1719, '48', 319, '2016-01-24', NULL, 'active'),
(1720, '55', 319, '2016-01-24', NULL, 'active'),
(1721, '62', 319, '2016-01-24', NULL, 'active'),
(1722, '63', 319, '2016-01-24', NULL, 'active'),
(1723, '68', 319, '2016-01-24', NULL, 'active'),
(1724, '72', 319, '2016-01-24', NULL, 'active'),
(1725, '75', 319, '2016-01-24', NULL, 'active'),
(1726, '80', 319, '2016-01-24', NULL, 'active'),
(1727, '82', 319, '2016-01-24', NULL, 'active'),
(1728, '85', 319, '2016-01-24', NULL, 'active'),
(1729, '88', 319, '2016-01-24', NULL, 'active'),
(1730, '92', 319, '2016-01-24', NULL, 'active'),
(1731, '94', 319, '2016-01-24', NULL, 'active'),
(1732, '95', 319, '2016-01-24', NULL, 'active'),
(1733, '96', 319, '2016-01-24', NULL, 'active'),
(1734, 'R3', 319, '2016-01-24', NULL, 'active'),
(1735, 'D1', 319, '2016-01-24', NULL, 'active'),
(1736, '91', 319, '2016-01-24', NULL, 'active'),
(1737, '89', 319, '2016-01-24', NULL, 'active'),
(1738, '90', 319, '2016-01-24', NULL, 'active'),
(1739, '86', 319, '2016-01-24', NULL, 'active'),
(1740, '09', 320, '2016-01-29', NULL, 'active'),
(1741, '48', 320, '2016-01-29', NULL, 'active'),
(1742, '22', 320, '2016-01-29', NULL, 'active'),
(1743, '27', 320, '2016-01-29', NULL, 'active'),
(1744, '35', 320, '2016-01-29', NULL, 'active'),
(1745, '40', 320, '2016-01-29', NULL, 'active'),
(1746, '62', 320, '2016-01-29', NULL, 'active'),
(1747, '68', 320, '2016-01-29', NULL, 'active'),
(1748, '72', 320, '2016-01-29', NULL, 'active'),
(1749, '75', 320, '2016-01-29', NULL, 'active'),
(1750, '79', 320, '2016-01-29', NULL, 'active'),
(1751, '80', 320, '2016-01-29', NULL, 'active'),
(1752, '82', 320, '2016-01-29', NULL, 'active'),
(1753, '83', 320, '2016-01-29', NULL, 'active'),
(1754, '87', 320, '2016-01-29', NULL, 'active'),
(1755, '88', 320, '2016-01-29', NULL, 'active'),
(1756, '89', 320, '2016-01-29', NULL, 'active'),
(1757, 'R1', 320, '2016-01-29', NULL, 'active'),
(1758, 'R2', 320, '2016-01-29', NULL, 'active'),
(1759, 'R3', 320, '2016-01-29', NULL, 'active'),
(1760, 'D1', 320, '2016-01-29', NULL, 'active'),
(1761, 'D2', 320, '2016-01-29', NULL, 'active'),
(1762, '55', 320, '2016-01-29', NULL, 'active'),
(1763, '92', 321, '2016-02-06', NULL, 'active'),
(1764, '93', 321, '2016-02-06', NULL, 'active'),
(1765, '94', 321, '2016-02-06', NULL, 'active'),
(1766, 'R2', 321, '2016-02-06', NULL, 'active'),
(1767, 'R3', 321, '2016-02-06', NULL, 'active'),
(1768, '80', 321, '2016-02-06', NULL, 'active'),
(1769, '75', 321, '2016-02-06', NULL, 'active'),
(1770, '95', 321, '2016-02-06', NULL, 'active'),
(1771, '90', 321, '2016-02-06', NULL, 'active'),
(1772, 'D1', 321, '2016-02-06', NULL, 'active'),
(1773, 'D2', 321, '2016-02-06', NULL, 'active'),
(1774, 'D1', 322, '2016-02-07', NULL, 'active'),
(1775, 'R3', 322, '2016-02-07', NULL, 'active'),
(1776, '75', 322, '2016-02-07', NULL, 'active'),
(1777, '09', 323, '2016-02-08', NULL, 'active'),
(1778, '22', 323, '2016-02-08', NULL, 'active'),
(1779, '55', 323, '2016-02-08', NULL, 'active'),
(1780, '63', 323, '2016-02-08', NULL, 'active'),
(1781, '68', 323, '2016-02-08', NULL, 'active'),
(1782, '75', 323, '2016-02-08', NULL, 'active'),
(1783, '84', 323, '2016-02-08', NULL, 'active'),
(1784, '88', 323, '2016-02-08', NULL, 'active'),
(1785, '87', 323, '2016-02-08', NULL, 'active'),
(1786, '90', 323, '2016-02-08', NULL, 'active'),
(1787, '92', 323, '2016-02-08', NULL, 'active'),
(1788, '96', 323, '2016-02-08', NULL, 'active'),
(1789, '72', 323, '2016-02-08', NULL, 'active'),
(1790, '62', 323, '2016-02-08', NULL, 'active'),
(1791, 'D1', 323, '2016-02-08', NULL, 'active'),
(1792, '30', 323, '2016-02-08', NULL, 'active'),
(1793, '85', 323, '2016-02-08', NULL, 'active'),
(1794, '89', 323, '2016-02-08', NULL, 'active'),
(1795, '91', 323, '2016-02-08', NULL, 'active'),
(1796, 'R3', 323, '2016-02-08', NULL, 'active'),
(1797, '83', 324, '2016-02-12', NULL, 'active'),
(1798, '86', 324, '2016-02-12', NULL, 'active'),
(1799, '88', 324, '2016-02-12', NULL, 'active'),
(1800, '92', 324, '2016-02-12', NULL, 'active'),
(1801, '95', 324, '2016-02-12', NULL, 'active'),
(1802, '96', 324, '2016-02-12', NULL, 'active'),
(1803, 'R3', 324, '2016-02-12', NULL, 'active'),
(1804, 'D1', 324, '2016-02-12', NULL, 'active'),
(1805, 'D2', 324, '2016-02-12', NULL, 'active'),
(1806, '90', 324, '2016-02-12', NULL, 'active'),
(1807, '27', 325, '2016-02-19', NULL, 'active'),
(1808, '62', 325, '2016-02-19', NULL, 'active'),
(1809, '80', 325, '2016-02-19', NULL, 'active'),
(1810, '92', 325, '2016-02-19', NULL, 'active'),
(1811, 'D2', 325, '2016-02-19', NULL, 'active'),
(1812, '30', 325, '2016-02-19', NULL, 'active'),
(1813, '90', 325, '2016-02-19', NULL, 'active'),
(1814, 'D1', 325, '2016-02-19', NULL, 'active'),
(1815, '77', 325, '2016-02-19', NULL, 'active'),
(1816, '22', 325, '2016-02-19', NULL, 'active'),
(1817, '88', 325, '2016-02-19', NULL, 'active'),
(1818, '72', 325, '2016-02-19', NULL, 'active'),
(1819, '95', 325, '2016-02-19', NULL, 'active'),
(1820, 'R3', 325, '2016-02-19', NULL, 'active'),
(1821, '27', 326, '2016-02-22', NULL, 'active'),
(1822, '40', 326, '2016-02-22', NULL, 'active'),
(1823, '88', 326, '2016-02-22', NULL, 'active'),
(1824, '80', 326, '2016-02-22', NULL, 'active'),
(1825, '96', 326, '2016-02-22', NULL, 'active'),
(1826, 'R1', 326, '2016-02-22', NULL, 'active'),
(1827, 'R3', 326, '2016-02-22', NULL, 'active'),
(1828, 'R2', 326, '2016-02-22', NULL, 'active'),
(1829, 'D1', 326, '2016-02-22', NULL, 'active'),
(1830, 'D2', 326, '2016-02-22', NULL, 'active'),
(1831, '09', 327, '2016-03-01', NULL, 'active'),
(1832, '18', 327, '2016-03-01', NULL, 'active'),
(1833, '22', 327, '2016-03-01', NULL, 'active'),
(1834, '27', 327, '2016-03-01', NULL, 'active'),
(1835, '30', 327, '2016-03-01', NULL, 'active'),
(1836, '35', 327, '2016-03-01', NULL, 'active'),
(1837, '40', 327, '2016-03-01', NULL, 'active'),
(1838, '48', 327, '2016-03-01', NULL, 'active'),
(1839, '55', 327, '2016-03-01', NULL, 'active'),
(1840, '62', 327, '2016-03-01', NULL, 'active'),
(1841, '63', 327, '2016-03-01', NULL, 'active'),
(1842, '68', 327, '2016-03-01', NULL, 'active'),
(1843, '72', 327, '2016-03-01', NULL, 'active'),
(1844, '75', 327, '2016-03-01', NULL, 'active'),
(1845, '77', 327, '2016-03-01', NULL, 'active'),
(1846, '79', 327, '2016-03-01', NULL, 'active'),
(1847, '80', 327, '2016-03-01', NULL, 'active'),
(1848, '83', 327, '2016-03-01', NULL, 'active'),
(1849, '84', 327, '2016-03-01', NULL, 'active'),
(1850, '85', 327, '2016-03-01', NULL, 'active'),
(1851, '86', 327, '2016-03-01', NULL, 'active'),
(1852, '87', 327, '2016-03-01', NULL, 'active'),
(1853, '89', 327, '2016-03-01', NULL, 'active'),
(1854, '90', 327, '2016-03-01', NULL, 'active'),
(1855, '91', 327, '2016-03-01', NULL, 'active'),
(1856, '92', 327, '2016-03-01', NULL, 'active'),
(1857, '94', 327, '2016-03-01', NULL, 'active'),
(1858, '95', 327, '2016-03-01', NULL, 'active'),
(1859, '96', 327, '2016-03-01', NULL, 'active'),
(1860, 'D2', 327, '2016-03-01', NULL, 'active'),
(1861, '93', 327, '2016-03-01', NULL, 'active'),
(1863, '88', 327, '2016-03-01', NULL, 'active'),
(1864, '98', 327, '2016-03-01', NULL, 'active'),
(1865, '09', 328, '2016-03-10', NULL, 'active'),
(1866, '18', 328, '2016-03-10', NULL, 'active'),
(1867, '30', 328, '2016-03-10', NULL, 'active'),
(1868, '27', 328, '2016-03-10', NULL, 'active'),
(1869, '72', 328, '2016-03-10', NULL, 'active'),
(1870, '68', 328, '2016-03-10', NULL, 'active'),
(1871, '75', 328, '2016-03-10', NULL, 'active'),
(1872, '83', 328, '2016-03-10', NULL, 'active'),
(1873, '94', 328, '2016-03-10', NULL, 'active'),
(1874, 'D1', 328, '2016-03-10', NULL, 'active'),
(1876, '35', 328, '2016-03-10', NULL, 'active'),
(1877, '55', 328, '2016-03-10', NULL, 'active'),
(1878, '95', 328, '2016-03-10', NULL, 'active'),
(1879, 'R2', 328, '2016-03-10', NULL, 'active'),
(1880, '86', 329, '2016-03-10', NULL, 'active'),
(1881, 'D2', 329, '2016-03-10', NULL, 'active'),
(1882, 'R1', 329, '2016-03-10', NULL, 'active'),
(1883, 'R3', 329, '2016-03-10', NULL, 'active'),
(1884, '80', 329, '2016-03-10', NULL, 'active'),
(1885, '09', 330, '2016-03-12', NULL, 'active'),
(1886, '13', 330, '2016-03-12', NULL, 'active'),
(1887, '22', 330, '2016-03-12', NULL, 'active'),
(1888, '27', 330, '2016-03-12', NULL, 'active'),
(1889, '29', 330, '2016-03-12', NULL, 'active'),
(1890, '30', 330, '2016-03-12', NULL, 'active'),
(1891, '35', 330, '2016-03-12', NULL, 'active'),
(1892, '55', 330, '2016-03-12', NULL, 'active'),
(1893, '56', 330, '2016-03-12', NULL, 'active'),
(1894, '62', 330, '2016-03-12', NULL, 'active'),
(1895, '63', 330, '2016-03-12', NULL, 'active'),
(1896, '68', 330, '2016-03-12', NULL, 'active'),
(1897, '72', 330, '2016-03-12', NULL, 'active'),
(1898, '79', 330, '2016-03-12', NULL, 'active'),
(1899, '83', 330, '2016-03-12', NULL, 'active'),
(1900, '84', 330, '2016-03-12', NULL, 'active'),
(1901, '85', 330, '2016-03-12', NULL, 'active'),
(1902, '87', 330, '2016-03-12', NULL, 'active'),
(1903, '88', 330, '2016-03-12', NULL, 'active'),
(1904, '89', 330, '2016-03-12', NULL, 'active'),
(1905, '90', 330, '2016-03-12', NULL, 'active'),
(1906, '91', 330, '2016-03-12', NULL, 'active'),
(1907, '92', 330, '2016-03-12', NULL, 'active'),
(1908, '96', 330, '2016-03-12', NULL, 'active'),
(1909, 'D2', 330, '2016-03-12', NULL, 'active'),
(1910, 'R3', 330, '2016-03-12', NULL, 'active'),
(1911, '93', 330, '2016-03-12', NULL, 'active'),
(1912, '90', 331, '2016-03-19', NULL, 'active'),
(1913, 'R2', 331, '2016-03-19', NULL, 'active'),
(1914, 'R3', 331, '2016-03-19', NULL, 'active'),
(1915, 'D1', 331, '2016-03-19', NULL, 'active'),
(1916, 'D2', 331, '2016-03-19', NULL, 'active'),
(1917, '35', 331, '2016-03-19', NULL, 'active'),
(1918, '48', 331, '2016-03-19', NULL, 'active'),
(1919, '22', 331, '2016-03-19', NULL, 'active'),
(1920, '75', 331, '2016-03-19', NULL, 'active'),
(1921, '88', 331, '2016-03-19', NULL, 'active'),
(1922, '90', 332, '2016-03-19', NULL, 'active'),
(1923, 'R1', 332, '2016-03-19', NULL, 'active'),
(1924, 'D2', 332, '2016-03-19', NULL, 'active'),
(1925, '09', 333, '2016-03-21', NULL, 'active'),
(1926, '18', 333, '2016-03-21', NULL, 'active'),
(1927, '22', 333, '2016-03-21', NULL, 'active'),
(1928, '29', 333, '2016-03-21', NULL, 'active'),
(1929, '30', 333, '2016-03-21', NULL, 'active'),
(1930, '35', 333, '2016-03-21', NULL, 'active'),
(1931, '38', 333, '2016-03-21', NULL, 'active'),
(1932, '48', 333, '2016-03-21', NULL, 'active'),
(1933, '62', 333, '2016-03-21', NULL, 'active'),
(1934, '68', 333, '2016-03-21', NULL, 'active'),
(1935, '72', 333, '2016-03-21', NULL, 'active'),
(1936, '75', 333, '2016-03-21', NULL, 'active'),
(1937, '77', 333, '2016-03-21', NULL, 'active'),
(1938, '82', 333, '2016-03-21', NULL, 'active'),
(1939, '88', 333, '2016-03-21', NULL, 'active'),
(1940, '94', 333, '2016-03-21', NULL, 'active'),
(1941, '96', 333, '2016-03-21', NULL, 'active'),
(1942, 'R1', 333, '2016-03-21', NULL, 'active'),
(1943, 'R2', 333, '2016-03-21', NULL, 'active'),
(1944, 'R3', 333, '2016-03-21', NULL, 'active'),
(1945, 'D1', 333, '2016-03-21', NULL, 'active'),
(1946, 'D2', 333, '2016-03-21', NULL, 'active'),
(1947, '45', 333, '2016-03-21', NULL, 'active'),
(1948, '50', 333, '2016-03-21', NULL, 'active'),
(1949, '86', 333, '2016-03-21', NULL, 'active'),
(1950, '55', 333, '2016-03-21', NULL, 'active'),
(1951, '09', 334, '2016-03-22', NULL, 'active'),
(1952, '18', 334, '2016-03-22', NULL, 'active'),
(1953, '22', 334, '2016-03-22', NULL, 'active'),
(1954, '27', 334, '2016-03-22', NULL, 'active'),
(1955, '30', 334, '2016-03-22', NULL, 'active'),
(1956, '35', 334, '2016-03-22', NULL, 'active'),
(1957, '40', 334, '2016-03-22', NULL, 'active'),
(1958, '42', 334, '2016-03-22', NULL, 'active'),
(1959, '55', 334, '2016-03-22', NULL, 'active'),
(1960, '62', 334, '2016-03-22', NULL, 'active'),
(1961, '63', 334, '2016-03-22', NULL, 'active'),
(1962, '68', 334, '2016-03-22', NULL, 'active'),
(1963, '72', 334, '2016-03-22', NULL, 'active'),
(1964, '75', 334, '2016-03-22', NULL, 'active'),
(1965, '82', 334, '2016-03-22', NULL, 'active'),
(1966, '83', 334, '2016-03-22', NULL, 'active'),
(1967, '77', 334, '2016-03-22', NULL, 'active'),
(1968, '85', 334, '2016-03-22', NULL, 'active'),
(1969, '87', 334, '2016-03-22', NULL, 'active'),
(1970, '90', 334, '2016-03-22', NULL, 'active'),
(1971, '91', 334, '2016-03-22', NULL, 'active'),
(1972, '94', 334, '2016-03-22', NULL, 'active'),
(1973, 'R1', 334, '2016-03-22', NULL, 'active'),
(1974, 'R3', 334, '2016-03-22', NULL, 'active'),
(1975, 'D1', 334, '2016-03-22', NULL, 'active'),
(1976, 'D2', 334, '2016-03-22', NULL, 'active'),
(1977, '76', 334, '2016-03-22', NULL, 'active'),
(1978, '97', 334, '2016-03-22', NULL, 'active'),
(1979, '27', 336, '2016-03-29', NULL, 'active'),
(1980, '22', 336, '2016-03-29', NULL, 'active'),
(1981, '83', 336, '2016-03-29', NULL, 'active'),
(1982, '85', 336, '2016-03-29', NULL, 'active'),
(1983, '86', 336, '2016-03-29', NULL, 'active'),
(1984, '88', 336, '2016-03-29', NULL, 'active'),
(1985, '92', 336, '2016-03-29', NULL, 'active'),
(1986, '94', 336, '2016-03-29', NULL, 'active'),
(1987, '96', 336, '2016-03-29', NULL, 'active'),
(1988, 'R3', 336, '2016-03-29', NULL, 'active'),
(1989, 'D2', 336, '2016-03-29', NULL, 'active'),
(1990, '90', 336, '2016-03-29', NULL, 'active'),
(1991, '97', 336, '2016-03-29', NULL, 'active'),
(1992, '09', 343, '2016-04-01', NULL, 'active'),
(1993, '94', 343, '2016-04-01', NULL, 'active'),
(1994, '72', 343, '2016-04-01', NULL, 'active'),
(1995, '80', 343, '2016-04-01', NULL, 'active'),
(1996, '92', 343, '2016-04-01', NULL, 'active'),
(1997, 'R2', 343, '2016-04-01', NULL, 'active'),
(1998, 'R3', 343, '2016-04-01', NULL, 'active'),
(1999, 'D1', 343, '2016-04-01', NULL, 'active'),
(2000, 'D2', 343, '2016-04-01', NULL, 'active'),
(2001, '27', 343, '2016-04-01', NULL, 'active'),
(2002, '22', 343, '2016-04-01', NULL, 'active'),
(2003, '09', 344, '2016-04-02', NULL, 'active'),
(2004, '22', 344, '2016-04-02', NULL, 'active'),
(2005, '27', 344, '2016-04-02', NULL, 'active'),
(2006, '40', 344, '2016-04-02', NULL, 'active'),
(2007, '48', 344, '2016-04-02', NULL, 'active'),
(2008, '72', 344, '2016-04-02', NULL, 'active'),
(2009, '75', 344, '2016-04-02', NULL, 'active'),
(2010, '83', 344, '2016-04-02', NULL, 'active'),
(2011, '86', 344, '2016-04-02', NULL, 'active'),
(2012, '87', 344, '2016-04-02', NULL, 'active'),
(2013, '88', 344, '2016-04-02', NULL, 'active'),
(2014, '90', 344, '2016-04-02', NULL, 'active'),
(2015, '94', 344, '2016-04-02', NULL, 'active'),
(2016, '95', 344, '2016-04-02', NULL, 'active'),
(2017, 'D2', 344, '2016-04-02', NULL, 'active'),
(2018, '92', 344, '2016-04-02', NULL, 'active'),
(2019, '22', 347, '2016-04-07', NULL, 'active'),
(2020, '62', 347, '2016-04-07', NULL, 'active'),
(2021, '68', 347, '2016-04-07', NULL, 'active'),
(2022, '75', 347, '2016-04-07', NULL, 'active'),
(2023, '88', 347, '2016-04-07', NULL, 'active'),
(2024, '86', 347, '2016-04-07', NULL, 'active'),
(2025, '95', 347, '2016-04-07', NULL, 'active'),
(2026, 'D1', 347, '2016-04-07', NULL, 'active'),
(2027, 'D2', 347, '2016-04-07', NULL, 'active'),
(2028, 'R1', 347, '2016-04-07', NULL, 'active'),
(2029, 'R2', 347, '2016-04-07', NULL, 'active'),
(2030, 'R3', 347, '2016-04-07', NULL, 'active'),
(2031, '09', 347, '2016-04-07', NULL, 'active'),
(2032, '72', 347, '2016-04-07', NULL, 'active'),
(2033, '48', 350, '2016-04-16', NULL, 'active'),
(2034, '09', 350, '2016-04-16', NULL, 'active'),
(2035, '22', 350, '2016-04-16', NULL, 'active'),
(2036, '27', 350, '2016-04-16', NULL, 'active'),
(2037, '40', 350, '2016-04-16', NULL, 'active'),
(2038, '43', 350, '2016-04-16', NULL, 'active'),
(2039, '56', 350, '2016-04-16', NULL, 'active'),
(2040, '62', 350, '2016-04-16', NULL, 'active'),
(2041, '68', 350, '2016-04-16', NULL, 'active'),
(2042, '72', 350, '2016-04-16', NULL, 'active'),
(2043, '75', 350, '2016-04-16', NULL, 'active'),
(2044, '80', 350, '2016-04-16', NULL, 'active'),
(2045, '83', 350, '2016-04-16', NULL, 'active'),
(2046, '85', 350, '2016-04-16', NULL, 'active'),
(2047, '86', 350, '2016-04-16', NULL, 'active'),
(2048, '87', 350, '2016-04-16', NULL, 'active'),
(2049, '88', 350, '2016-04-16', NULL, 'active'),
(2050, '89', 350, '2016-04-16', NULL, 'active'),
(2051, '90', 350, '2016-04-16', NULL, 'active'),
(2052, '91', 350, '2016-04-16', NULL, 'active'),
(2053, '92', 350, '2016-04-16', NULL, 'active'),
(2054, '95', 350, '2016-04-16', NULL, 'active'),
(2055, '18', 350, '2016-04-16', NULL, 'active'),
(2056, 'D1', 350, '2016-04-16', NULL, 'active'),
(2057, '30', 350, '2016-04-16', NULL, 'active'),
(2058, '86', 154, '2016-04-26', NULL, 'active'),
(2059, 'D1', 381, '2016-05-01', NULL, 'active'),
(2060, '90', 381, '2016-05-01', NULL, 'active'),
(2061, '92', 381, '2016-05-01', NULL, 'active'),
(2062, '09', 382, '2016-05-02', NULL, 'active'),
(2063, 'R3', 382, '2016-05-02', NULL, 'active'),
(2064, 'D2', 382, '2016-05-02', NULL, 'active'),
(2065, '92', 382, '2016-05-02', NULL, 'active'),
(2066, '27', 382, '2016-05-02', NULL, 'active'),
(2067, '13', 382, '2016-05-02', NULL, 'active'),
(2068, '22', 382, '2016-05-02', NULL, 'active'),
(2069, '22', 383, '2016-05-03', NULL, 'active'),
(2070, '80', 383, '2016-05-03', NULL, 'active'),
(2071, '94', 383, '2016-05-03', NULL, 'active'),
(2072, 'D1', 383, '2016-05-03', NULL, 'active'),
(2073, 'D2', 383, '2016-05-03', NULL, 'active'),
(2074, 'R1', 383, '2016-05-03', NULL, 'active'),
(2075, 'R3', 383, '2016-05-03', NULL, 'active'),
(2076, '75', 383, '2016-05-03', NULL, 'active'),
(2077, '09', 386, '2016-05-07', NULL, 'active'),
(2078, '13', 386, '2016-05-07', NULL, 'active'),
(2079, '22', 386, '2016-05-07', NULL, 'active'),
(2080, '27', 386, '2016-05-07', NULL, 'active'),
(2081, '30', 386, '2016-05-07', NULL, 'active'),
(2082, '38', 386, '2016-05-07', NULL, 'active'),
(2083, '48', 386, '2016-05-07', NULL, 'active'),
(2084, '50', 386, '2016-05-07', NULL, 'active'),
(2085, '63', 386, '2016-05-07', NULL, 'active'),
(2086, '68', 386, '2016-05-07', NULL, 'active'),
(2087, '72', 386, '2016-05-07', NULL, 'active'),
(2088, '77', 386, '2016-05-07', NULL, 'active'),
(2089, '79', 386, '2016-05-07', NULL, 'active'),
(2090, '85', 386, '2016-05-07', NULL, 'active'),
(2091, '87', 386, '2016-05-07', NULL, 'active'),
(2092, '88', 386, '2016-05-07', NULL, 'active'),
(2093, '92', 386, '2016-05-07', NULL, 'active'),
(2094, '94', 386, '2016-05-07', NULL, 'active'),
(2095, 'R1', 386, '2016-05-07', NULL, 'active'),
(2096, 'D1', 386, '2016-05-07', NULL, 'active'),
(2097, 'D2', 386, '2016-05-07', NULL, 'active'),
(2098, '40', 386, '2016-05-07', NULL, 'active'),
(2099, '91', 386, '2016-05-07', NULL, 'active'),
(2100, '09', 388, '2016-05-08', NULL, 'active'),
(2101, '13', 388, '2016-05-08', NULL, 'active'),
(2102, '22', 388, '2016-05-08', NULL, 'active'),
(2103, '68', 388, '2016-05-08', NULL, 'active'),
(2104, '29', 388, '2016-05-08', NULL, 'active'),
(2105, '72', 388, '2016-05-08', NULL, 'active'),
(2106, '83', 388, '2016-05-08', NULL, 'active'),
(2107, '94', 388, '2016-05-08', NULL, 'active'),
(2108, '92', 388, '2016-05-08', NULL, 'active'),
(2109, 'D2', 388, '2016-05-08', NULL, 'active'),
(2110, '88', 388, '2016-05-08', NULL, 'active'),
(2111, '63', 388, '2016-05-08', NULL, 'active'),
(2112, '97', 388, '2016-05-08', NULL, 'active'),
(2113, 'D1', 390, '2016-05-12', NULL, 'active'),
(2114, 'R1', 390, '2016-05-12', NULL, 'active'),
(2115, 'R2', 390, '2016-05-12', NULL, 'active'),
(2116, 'R3', 390, '2016-05-12', NULL, 'active'),
(2117, '75', 391, '2016-05-13', NULL, 'active'),
(2118, '83', 391, '2016-05-13', NULL, 'active'),
(2119, 'R3', 391, '2016-05-13', NULL, 'active'),
(2120, 'D2', 391, '2016-05-13', NULL, 'active'),
(2121, '22', 391, '2016-05-13', NULL, 'active'),
(2122, '88', 391, '2016-05-13', NULL, 'active'),
(2123, '22', 392, '2016-05-16', NULL, 'active'),
(2124, '83', 392, '2016-05-16', NULL, 'active'),
(2125, 'D1', 392, '2016-05-16', NULL, 'active'),
(2126, 'R2', 392, '2016-05-16', NULL, 'active'),
(2127, 'R3', 392, '2016-05-16', NULL, 'active'),
(2128, '09', 392, '2016-05-16', NULL, 'active'),
(2129, '75', 392, '2016-05-16', NULL, 'active'),
(2130, 'D2', 392, '2016-05-16', NULL, 'active'),
(2131, '72', 395, '2016-05-26', NULL, 'active'),
(2132, '68', 395, '2016-05-26', NULL, 'active'),
(2133, '27', 395, '2016-05-26', NULL, 'active'),
(2134, '87', 395, '2016-05-26', NULL, 'active'),
(2135, '88', 395, '2016-05-26', NULL, 'active'),
(2136, '90', 395, '2016-05-26', NULL, 'active'),
(2137, '94', 395, '2016-05-26', NULL, 'active'),
(2138, 'R3', 395, '2016-05-26', NULL, 'active'),
(2139, '22', 395, '2016-05-26', NULL, 'active'),
(2140, '63', 395, '2016-05-26', NULL, 'active'),
(2141, '96', 395, '2016-05-26', NULL, 'active'),
(2142, '92', 395, '2016-05-26', NULL, 'active'),
(2143, 'D2', 395, '2016-05-26', NULL, 'active'),
(2144, '63', 398, '2016-05-31', NULL, 'active'),
(2145, '90', 398, '2016-05-31', NULL, 'active'),
(2146, '92', 398, '2016-05-31', NULL, 'active'),
(2147, '97', 398, '2016-05-31', NULL, 'active'),
(2148, 'D2', 398, '2016-05-31', NULL, 'active'),
(2149, 'D2', 399, '2016-06-04', NULL, 'active'),
(2150, '88', 399, '2016-06-04', NULL, 'active'),
(2151, '92', 399, '2016-06-04', NULL, 'active'),
(2152, '95', 399, '2016-06-04', NULL, 'active'),
(2153, 'R3', 399, '2016-06-04', NULL, 'active'),
(2154, '93', 399, '2016-06-04', NULL, 'active'),
(2155, '96', 399, '2016-06-04', NULL, 'active'),
(2156, '27', 401, '2016-06-09', NULL, 'active'),
(2157, '38', 401, '2016-06-09', NULL, 'active'),
(2158, '43', 401, '2016-06-09', NULL, 'active'),
(2159, '72', 401, '2016-06-09', NULL, 'active'),
(2160, '75', 401, '2016-06-09', NULL, 'active'),
(2161, '96', 401, '2016-06-09', NULL, 'active'),
(2162, '80', 401, '2016-06-09', NULL, 'active'),
(2163, 'R1', 401, '2016-06-09', NULL, 'active'),
(2164, 'R2', 401, '2016-06-09', NULL, 'active'),
(2165, 'R3', 401, '2016-06-09', NULL, 'active');
INSERT INTO `fire_attendance` (`id`, `unit`, `fire_data_id`, `attendance_date`, `remarks`, `status`) VALUES
(2166, 'D1', 401, '2016-06-09', NULL, 'active'),
(2167, 'D2', 401, '2016-06-09', NULL, 'active'),
(2168, '27', 403, '2016-06-19', NULL, 'active'),
(2169, '72', 403, '2016-06-19', NULL, 'active'),
(2170, '75', 403, '2016-06-19', NULL, 'active'),
(2171, '77', 403, '2016-06-19', NULL, 'active'),
(2172, '90', 403, '2016-06-19', NULL, 'active'),
(2173, '92', 403, '2016-06-19', NULL, 'active'),
(2174, 'D2', 403, '2016-06-19', NULL, 'active'),
(2175, '30', 403, '2016-06-19', NULL, 'active'),
(2176, '22', 403, '2016-06-19', NULL, 'active'),
(2177, '43', 403, '2016-06-19', NULL, 'active'),
(2178, '88', 403, '2016-06-19', NULL, 'active'),
(2179, '91', 403, '2016-06-19', NULL, 'active'),
(2180, '94', 403, '2016-06-19', NULL, 'active'),
(2181, '27', 404, '2016-06-20', NULL, 'active'),
(2182, '62', 404, '2016-06-20', NULL, 'active'),
(2183, '83', 404, '2016-06-20', NULL, 'active'),
(2184, '86', 404, '2016-06-20', NULL, 'active'),
(2185, '90', 404, '2016-06-20', NULL, 'active'),
(2186, '91', 404, '2016-06-20', NULL, 'active'),
(2187, '72', 404, '2016-06-20', NULL, 'active'),
(2188, '96', 404, '2016-06-20', NULL, 'active'),
(2189, 'R3', 404, '2016-06-20', NULL, 'active'),
(2190, 'D2', 404, '2016-06-20', NULL, 'active'),
(2191, '22', 404, '2016-06-20', NULL, 'active'),
(2192, '55', 404, '2016-06-20', NULL, 'active'),
(2193, '87', 404, '2016-06-20', NULL, 'active'),
(2194, '92', 404, '2016-06-20', NULL, 'active'),
(2195, '94', 404, '2016-06-20', NULL, 'active'),
(2196, '09', 405, '2016-06-20', NULL, 'active'),
(2197, '22', 405, '2016-06-20', NULL, 'active'),
(2198, '30', 405, '2016-06-20', NULL, 'active'),
(2199, '38', 405, '2016-06-20', NULL, 'active'),
(2200, '62', 405, '2016-06-20', NULL, 'active'),
(2201, '72', 405, '2016-06-20', NULL, 'active'),
(2202, '75', 405, '2016-06-20', NULL, 'active'),
(2203, '80', 405, '2016-06-20', NULL, 'active'),
(2204, 'R3', 405, '2016-06-20', NULL, 'active'),
(2205, 'R2', 405, '2016-06-20', NULL, 'active'),
(2206, 'R1', 405, '2016-06-20', NULL, 'active'),
(2207, 'D1', 405, '2016-06-20', NULL, 'active'),
(2208, 'D2', 405, '2016-06-20', NULL, 'active'),
(2209, '83', 407, '2016-06-23', NULL, 'active'),
(2210, '93', 407, '2016-06-23', NULL, 'active'),
(2211, 'D2', 407, '2016-06-23', NULL, 'active'),
(2212, '98', 407, '2016-06-23', NULL, 'active'),
(2213, '18', 408, '2016-06-24', NULL, 'active'),
(2214, '22', 408, '2016-06-24', NULL, 'active'),
(2215, '29', 408, '2016-06-24', NULL, 'active'),
(2216, '55', 408, '2016-06-24', NULL, 'active'),
(2217, '63', 408, '2016-06-24', NULL, 'active'),
(2218, '62', 408, '2016-06-24', NULL, 'active'),
(2219, '72', 408, '2016-06-24', NULL, 'active'),
(2220, '75', 408, '2016-06-24', NULL, 'active'),
(2221, '86', 408, '2016-06-24', NULL, 'active'),
(2222, '93', 408, '2016-06-24', NULL, 'active'),
(2223, '96', 408, '2016-06-24', NULL, 'active'),
(2224, '82', 408, '2016-06-24', NULL, 'active'),
(2225, '89', 408, '2016-06-24', NULL, 'active'),
(2226, '30', 408, '2016-06-24', NULL, 'active'),
(2227, 'D1', 408, '2016-06-24', NULL, 'active'),
(2228, 'R2', 408, '2016-06-24', NULL, 'active'),
(2229, 'R3', 408, '2016-06-24', NULL, 'active'),
(2230, '27', 408, '2016-06-24', NULL, 'active'),
(2231, '98', 408, '2016-06-24', NULL, 'active'),
(2232, '09', 409, '2016-06-26', NULL, 'active'),
(2233, '22', 409, '2016-06-26', NULL, 'active'),
(2234, '27', 409, '2016-06-26', NULL, 'active'),
(2235, '30', 409, '2016-06-26', NULL, 'active'),
(2236, '38', 409, '2016-06-26', NULL, 'active'),
(2237, '40', 409, '2016-06-26', NULL, 'active'),
(2238, '50', 409, '2016-06-26', NULL, 'active'),
(2239, '55', 409, '2016-06-26', NULL, 'active'),
(2240, '68', 409, '2016-06-26', NULL, 'active'),
(2241, '72', 409, '2016-06-26', NULL, 'active'),
(2242, '77', 409, '2016-06-26', NULL, 'active'),
(2243, '86', 409, '2016-06-26', NULL, 'active'),
(2244, '87', 409, '2016-06-26', NULL, 'active'),
(2245, '88', 409, '2016-06-26', NULL, 'active'),
(2246, '89', 409, '2016-06-26', NULL, 'active'),
(2247, '90', 409, '2016-06-26', NULL, 'active'),
(2248, '92', 409, '2016-06-26', NULL, 'active'),
(2249, '93', 409, '2016-06-26', NULL, 'active'),
(2250, '94', 409, '2016-06-26', NULL, 'active'),
(2251, '95', 409, '2016-06-26', NULL, 'active'),
(2252, '96', 409, '2016-06-26', NULL, 'active'),
(2253, 'D1', 409, '2016-06-26', NULL, 'active'),
(2254, '97', 409, '2016-06-26', NULL, 'active'),
(2255, '98', 409, '2016-06-26', NULL, 'active'),
(2256, 'R3', 409, '2016-06-26', NULL, 'active'),
(2257, '27', 410, '2016-06-28', NULL, 'active'),
(2258, '83', 410, '2016-06-28', NULL, 'active'),
(2259, '86', 410, '2016-06-28', NULL, 'active'),
(2260, '85', 410, '2016-06-28', NULL, 'active'),
(2261, '93', 410, '2016-06-28', NULL, 'active'),
(2262, '94', 410, '2016-06-28', NULL, 'active'),
(2263, 'R1', 410, '2016-06-28', NULL, 'active'),
(2264, 'R3', 410, '2016-06-28', NULL, 'active'),
(2265, '72', 410, '2016-06-28', NULL, 'active'),
(2266, '22', 410, '2016-06-28', NULL, 'active'),
(2267, '62', 410, '2016-06-28', NULL, 'active'),
(2268, '90', 410, '2016-06-28', NULL, 'active'),
(2269, '92', 410, '2016-06-28', NULL, 'active'),
(2270, 'D2', 410, '2016-06-28', NULL, 'active'),
(2271, '09', 411, '2016-06-28', NULL, 'active'),
(2272, '22', 411, '2016-06-28', NULL, 'active'),
(2273, '18', 411, '2016-06-28', NULL, 'active'),
(2274, '29', 411, '2016-06-28', NULL, 'active'),
(2275, '72', 411, '2016-06-28', NULL, 'active'),
(2276, '68', 411, '2016-06-28', NULL, 'active'),
(2277, '75', 411, '2016-06-28', NULL, 'active'),
(2278, 'R3', 411, '2016-06-28', NULL, 'active'),
(2279, 'R2', 411, '2016-06-28', NULL, 'active'),
(2280, 'D1', 411, '2016-06-28', NULL, 'active'),
(2281, '97', 411, '2016-06-28', NULL, 'active'),
(2282, '62', 411, '2016-06-28', NULL, 'active'),
(2283, '94', 411, '2016-06-28', NULL, 'active'),
(2284, '77', 411, '2016-06-28', NULL, 'active'),
(2285, '13', 411, '2016-06-28', NULL, 'active'),
(2286, '40', 411, '2016-06-28', NULL, 'active'),
(2287, '90', 414, '2016-07-01', NULL, 'active'),
(2288, '86', 414, '2016-07-01', NULL, 'active'),
(2289, '22', 414, '2016-07-01', NULL, 'active'),
(2290, '40', 414, '2016-07-01', NULL, 'active'),
(2291, '55', 414, '2016-07-01', NULL, 'active'),
(2292, '38', 414, '2016-07-01', NULL, 'active'),
(2293, '77', 414, '2016-07-01', NULL, 'active'),
(2294, '87', 414, '2016-07-01', NULL, 'active'),
(2295, '88', 414, '2016-07-01', NULL, 'active'),
(2296, '27', 414, '2016-07-01', NULL, 'active'),
(2297, 'R3', 414, '2016-07-01', NULL, 'active'),
(2298, 'R1', 414, '2016-07-01', NULL, 'active'),
(2299, '63', 414, '2016-07-01', NULL, 'active'),
(2300, 'D2', 414, '2016-07-01', NULL, 'active'),
(2301, '09', 415, '2016-07-02', NULL, 'active'),
(2302, '83', 415, '2016-07-02', NULL, 'active'),
(2303, '88', 415, '2016-07-02', NULL, 'active'),
(2304, 'R2', 415, '2016-07-02', NULL, 'active'),
(2305, 'R3', 415, '2016-07-02', NULL, 'active'),
(2306, '86', 415, '2016-07-02', NULL, 'active'),
(2307, 'D1', 415, '2016-07-02', NULL, 'active'),
(2308, 'D2', 415, '2016-07-02', NULL, 'active'),
(2309, '63', 417, '2016-07-06', NULL, 'active'),
(2310, '83', 417, '2016-07-06', NULL, 'active'),
(2311, '90', 417, '2016-07-06', NULL, 'active'),
(2312, '92', 417, '2016-07-06', NULL, 'active'),
(2313, '94', 417, '2016-07-06', NULL, 'active'),
(2314, 'D2', 417, '2016-07-06', NULL, 'active'),
(2315, '80', 417, '2016-07-06', NULL, 'active'),
(2316, '88', 417, '2016-07-06', NULL, 'active'),
(2317, '97', 417, '2016-07-06', NULL, 'active'),
(2318, '09', 421, '2016-07-17', NULL, 'active'),
(2319, '22', 421, '2016-07-17', NULL, 'active'),
(2320, '27', 421, '2016-07-17', NULL, 'active'),
(2321, '40', 421, '2016-07-17', NULL, 'active'),
(2322, '62', 421, '2016-07-17', NULL, 'active'),
(2323, '63', 421, '2016-07-17', NULL, 'active'),
(2324, '68', 421, '2016-07-17', NULL, 'active'),
(2325, '72', 421, '2016-07-17', NULL, 'active'),
(2326, '75', 421, '2016-07-17', NULL, 'active'),
(2327, '80', 421, '2016-07-17', NULL, 'active'),
(2328, '83', 421, '2016-07-17', NULL, 'active'),
(2329, '87', 421, '2016-07-17', NULL, 'active'),
(2330, '88', 421, '2016-07-17', NULL, 'active'),
(2331, '89', 421, '2016-07-17', NULL, 'active'),
(2332, '90', 421, '2016-07-17', NULL, 'active'),
(2333, '92', 421, '2016-07-17', NULL, 'active'),
(2334, '93', 421, '2016-07-17', NULL, 'active'),
(2335, '94', 421, '2016-07-17', NULL, 'active'),
(2336, '98', 421, '2016-07-17', NULL, 'active'),
(2337, 'D1', 421, '2016-07-17', NULL, 'active'),
(2338, '55', 421, '2016-07-17', NULL, 'active'),
(2339, '45', 421, '2016-07-17', NULL, 'active'),
(2340, 'R3', 421, '2016-07-17', NULL, 'active'),
(2341, '09', 423, '2016-07-19', NULL, 'active'),
(2342, '18', 423, '2016-07-19', NULL, 'active'),
(2343, '22', 423, '2016-07-19', NULL, 'active'),
(2344, '27', 423, '2016-07-19', NULL, 'active'),
(2345, '30', 423, '2016-07-19', NULL, 'active'),
(2346, '40', 423, '2016-07-19', NULL, 'active'),
(2347, '43', 423, '2016-07-19', NULL, 'active'),
(2348, '48', 423, '2016-07-19', NULL, 'active'),
(2349, '55', 423, '2016-07-19', NULL, 'active'),
(2350, '62', 423, '2016-07-19', NULL, 'active'),
(2351, '68', 423, '2016-07-19', NULL, 'active'),
(2352, '72', 423, '2016-07-19', NULL, 'active'),
(2353, '75', 423, '2016-07-19', NULL, 'active'),
(2354, '80', 423, '2016-07-19', NULL, 'active'),
(2355, '82', 423, '2016-07-19', NULL, 'active'),
(2356, '85', 423, '2016-07-19', NULL, 'active'),
(2357, '86', 423, '2016-07-19', NULL, 'active'),
(2358, '87', 423, '2016-07-19', NULL, 'active'),
(2359, '88', 423, '2016-07-19', NULL, 'active'),
(2360, '90', 423, '2016-07-19', NULL, 'active'),
(2361, '92', 423, '2016-07-19', NULL, 'active'),
(2362, '93', 423, '2016-07-19', NULL, 'active'),
(2363, '96', 423, '2016-07-19', NULL, 'active'),
(2364, '98', 423, '2016-07-19', NULL, 'active'),
(2365, 'R3', 423, '2016-07-19', NULL, 'active'),
(2366, 'D2', 423, '2016-07-19', NULL, 'active'),
(2367, '63', 425, '2016-07-22', NULL, 'active'),
(2368, '88', 425, '2016-07-22', NULL, 'active'),
(2369, '90', 425, '2016-07-22', NULL, 'active'),
(2370, '92', 425, '2016-07-22', NULL, 'active'),
(2371, '50', 425, '2016-07-22', NULL, 'active'),
(2372, 'R1', 425, '2016-07-22', NULL, 'active'),
(2373, 'D2', 425, '2016-07-22', NULL, 'active'),
(2374, 'R3', 425, '2016-07-22', NULL, 'active'),
(2375, '45', 425, '2016-07-22', NULL, 'active'),
(2376, '09', 427, '2016-08-01', NULL, 'active'),
(2377, '22', 427, '2016-08-01', NULL, 'active'),
(2378, '27', 427, '2016-08-01', NULL, 'active'),
(2379, '48', 427, '2016-08-01', NULL, 'active'),
(2380, '80', 427, '2016-08-01', NULL, 'active'),
(2381, '83', 427, '2016-08-01', NULL, 'active'),
(2382, '88', 427, '2016-08-01', NULL, 'active'),
(2383, '92', 427, '2016-08-01', NULL, 'active'),
(2384, '94', 427, '2016-08-01', NULL, 'active'),
(2385, 'D1', 427, '2016-08-01', NULL, 'active'),
(2386, 'D2', 427, '2016-08-01', NULL, 'active'),
(2387, 'R1', 427, '2016-08-01', NULL, 'active'),
(2388, '72', 427, '2016-08-01', NULL, 'active'),
(2389, '72', 430, '2016-08-10', NULL, 'active'),
(2390, '83', 430, '2016-08-10', NULL, 'active'),
(2391, '85', 430, '2016-08-10', NULL, 'active'),
(2392, 'R3', 430, '2016-08-10', NULL, 'active'),
(2393, 'R1', 430, '2016-08-10', NULL, 'active'),
(2394, '94', 430, '2016-08-10', NULL, 'active'),
(2395, 'D2', 430, '2016-08-10', NULL, 'active'),
(2396, '83', 431, '2016-08-12', NULL, 'active'),
(2397, 'R3', 431, '2016-08-12', NULL, 'active'),
(2398, '85', 431, '2016-08-12', NULL, 'active'),
(2399, 'D1', 431, '2016-08-12', NULL, 'active'),
(2400, '94', 432, '2016-08-12', NULL, 'active'),
(2401, 'R1', 432, '2016-08-12', NULL, 'active'),
(2402, 'R3', 432, '2016-08-12', NULL, 'active'),
(2403, 'D1', 432, '2016-08-12', NULL, 'active'),
(2404, 'D2', 432, '2016-08-12', NULL, 'active'),
(2405, '98', 432, '2016-08-12', NULL, 'active'),
(2406, '94', 433, '2016-08-12', NULL, 'active'),
(2407, '98', 433, '2016-08-12', NULL, 'active'),
(2408, 'D1', 433, '2016-08-12', NULL, 'active'),
(2409, 'D2', 433, '2016-08-12', NULL, 'active'),
(2410, 'R1', 433, '2016-08-12', NULL, 'active'),
(2411, '43', 433, '2016-08-12', NULL, 'active'),
(2412, '22', 433, '2016-08-12', NULL, 'active'),
(2413, '09', 434, '2016-08-13', NULL, 'active'),
(2414, '18', 434, '2016-08-13', NULL, 'active'),
(2415, '22', 434, '2016-08-13', NULL, 'active'),
(2416, '27', 434, '2016-08-13', NULL, 'active'),
(2417, '42', 434, '2016-08-13', NULL, 'active'),
(2418, '48', 434, '2016-08-13', NULL, 'active'),
(2419, '50', 434, '2016-08-13', NULL, 'active'),
(2420, '56', 434, '2016-08-13', NULL, 'active'),
(2421, '40', 434, '2016-08-13', NULL, 'active'),
(2422, '68', 434, '2016-08-13', NULL, 'active'),
(2423, '72', 434, '2016-08-13', NULL, 'active'),
(2424, '87', 434, '2016-08-13', NULL, 'active'),
(2425, '88', 434, '2016-08-13', NULL, 'active'),
(2426, '89', 434, '2016-08-13', NULL, 'active'),
(2427, '95', 434, '2016-08-13', NULL, 'active'),
(2428, '92', 434, '2016-08-13', NULL, 'active'),
(2429, 'D2', 434, '2016-08-13', NULL, 'active'),
(2430, 'R3', 434, '2016-08-13', NULL, 'active'),
(2431, '09', 436, '2016-08-15', NULL, 'active'),
(2432, '22', 436, '2016-08-15', NULL, 'active'),
(2433, '27', 436, '2016-08-15', NULL, 'active'),
(2434, '29', 436, '2016-08-15', NULL, 'active'),
(2435, '40', 436, '2016-08-15', NULL, 'active'),
(2436, '48', 436, '2016-08-15', NULL, 'active'),
(2437, '63', 436, '2016-08-15', NULL, 'active'),
(2438, '68', 436, '2016-08-15', NULL, 'active'),
(2439, '72', 436, '2016-08-15', NULL, 'active'),
(2440, '83', 436, '2016-08-15', NULL, 'active'),
(2441, '86', 436, '2016-08-15', NULL, 'active'),
(2442, '87', 436, '2016-08-15', NULL, 'active'),
(2443, '88', 436, '2016-08-15', NULL, 'active'),
(2444, '89', 436, '2016-08-15', NULL, 'active'),
(2445, '90', 436, '2016-08-15', NULL, 'active'),
(2446, '92', 436, '2016-08-15', NULL, 'active'),
(2447, '94', 436, '2016-08-15', NULL, 'active'),
(2448, '95', 436, '2016-08-15', NULL, 'active'),
(2449, '96', 436, '2016-08-15', NULL, 'active'),
(2450, '97', 436, '2016-08-15', NULL, 'active'),
(2451, '98', 436, '2016-08-15', NULL, 'active'),
(2452, 'D2', 436, '2016-08-15', NULL, 'active'),
(2453, 'R1', 436, '2016-08-15', NULL, 'active'),
(2454, '38', 436, '2016-08-15', NULL, 'active'),
(2455, '79', 436, '2016-08-15', NULL, 'active'),
(2456, '82', 436, '2016-08-15', NULL, 'active'),
(2457, '22', 437, '2016-08-21', NULL, 'active'),
(2458, '27', 437, '2016-08-21', NULL, 'active'),
(2459, '38', 437, '2016-08-21', NULL, 'active'),
(2460, '62', 437, '2016-08-21', NULL, 'active'),
(2461, '63', 437, '2016-08-21', NULL, 'active'),
(2462, '75', 437, '2016-08-21', NULL, 'active'),
(2463, '88', 437, '2016-08-21', NULL, 'active'),
(2464, '89', 437, '2016-08-21', NULL, 'active'),
(2465, '90', 437, '2016-08-21', NULL, 'active'),
(2466, '92', 437, '2016-08-21', NULL, 'active'),
(2467, '97', 437, '2016-08-21', NULL, 'active'),
(2468, '94', 437, '2016-08-21', NULL, 'active'),
(2469, '98', 437, '2016-08-21', NULL, 'active'),
(2470, '09', 438, '2016-08-21', NULL, 'active'),
(2471, '27', 438, '2016-08-21', NULL, 'active'),
(2472, '22', 438, '2016-08-21', NULL, 'active'),
(2473, '29', 438, '2016-08-21', NULL, 'active'),
(2474, '62', 438, '2016-08-21', NULL, 'active'),
(2475, '63', 438, '2016-08-21', NULL, 'active'),
(2476, '68', 438, '2016-08-21', NULL, 'active'),
(2477, '72', 438, '2016-08-21', NULL, 'active'),
(2478, '87', 438, '2016-08-21', NULL, 'active'),
(2479, '88', 438, '2016-08-21', NULL, 'active'),
(2480, '90', 438, '2016-08-21', NULL, 'active'),
(2481, '92', 438, '2016-08-21', NULL, 'active'),
(2482, '80', 438, '2016-08-21', NULL, 'active'),
(2483, '98', 438, '2016-08-21', NULL, 'active'),
(2484, '94', 438, '2016-08-21', NULL, 'active'),
(2485, 'R3', 438, '2016-08-21', NULL, 'active'),
(2486, '27', 439, '2016-08-27', NULL, 'active'),
(2487, '83', 439, '2016-08-27', NULL, 'active'),
(2488, '88', 439, '2016-08-27', NULL, 'active'),
(2489, '92', 439, '2016-08-27', NULL, 'active'),
(2490, 'R3', 439, '2016-08-27', NULL, 'active'),
(2491, '90', 439, '2016-08-27', NULL, 'active'),
(2492, '22', 439, '2016-08-27', NULL, 'active'),
(2493, '98', 439, '2016-08-27', NULL, 'active'),
(2494, '85', 439, '2016-08-27', NULL, 'active'),
(2495, '09', 440, '2016-09-01', NULL, 'active'),
(2496, '22', 440, '2016-09-01', NULL, 'active'),
(2497, '27', 440, '2016-09-01', NULL, 'active'),
(2498, '62', 440, '2016-09-01', NULL, 'active'),
(2499, '63', 440, '2016-09-01', NULL, 'active'),
(2500, '72', 440, '2016-09-01', NULL, 'active'),
(2501, '83', 440, '2016-09-01', NULL, 'active'),
(2502, '90', 440, '2016-09-01', NULL, 'active'),
(2503, '92', 440, '2016-09-01', NULL, 'active'),
(2504, '95', 440, '2016-09-01', NULL, 'active'),
(2505, 'D2', 440, '2016-09-01', NULL, 'active'),
(2506, 'R1', 440, '2016-09-01', NULL, 'active'),
(2507, 'R3', 440, '2016-09-01', NULL, 'active'),
(2508, '94', 440, '2016-09-01', NULL, 'active'),
(2509, '97', 440, '2016-09-01', NULL, 'active'),
(2510, '98', 440, '2016-09-01', NULL, 'active'),
(2511, '38', 441, '2016-09-03', NULL, 'active'),
(2512, '72', 441, '2016-09-03', NULL, 'active'),
(2513, '75', 441, '2016-09-03', NULL, 'active'),
(2514, '87', 441, '2016-09-03', NULL, 'active'),
(2515, '88', 441, '2016-09-03', NULL, 'active'),
(2516, '98', 441, '2016-09-03', NULL, 'active'),
(2517, 'D1', 441, '2016-09-03', NULL, 'active'),
(2518, 'D2', 441, '2016-09-03', NULL, 'active'),
(2519, 'R2', 441, '2016-09-03', NULL, 'active'),
(2520, 'R3', 441, '2016-09-03', NULL, 'active'),
(2521, '62', 441, '2016-09-03', NULL, 'active'),
(2522, '18', 441, '2016-09-03', NULL, 'active'),
(2523, '97', 441, '2016-09-03', NULL, 'active'),
(2524, '29', 443, '2016-09-11', NULL, 'active'),
(2525, '72', 443, '2016-09-11', NULL, 'active'),
(2526, '75', 443, '2016-09-11', NULL, 'active'),
(2527, '80', 443, '2016-09-11', NULL, 'active'),
(2528, '88', 443, '2016-09-11', NULL, 'active'),
(2529, '90', 443, '2016-09-11', NULL, 'active'),
(2530, '92', 443, '2016-09-11', NULL, 'active'),
(2531, '98', 443, '2016-09-11', NULL, 'active'),
(2532, 'D2', 443, '2016-09-11', NULL, 'active'),
(2533, 'R3', 443, '2016-09-11', NULL, 'active'),
(2534, '93', 443, '2016-09-11', NULL, 'active'),
(2535, '22', 443, '2016-09-11', NULL, 'active'),
(2536, '27', 443, '2016-09-11', NULL, 'active'),
(2537, '75', 446, '2016-09-13', NULL, 'active'),
(2538, '90', 446, '2016-09-13', NULL, 'active'),
(2539, '94', 446, '2016-09-13', NULL, 'active'),
(2540, 'R1', 446, '2016-09-13', NULL, 'active'),
(2542, 'D1', 446, '2016-09-13', NULL, 'active'),
(2543, 'D2', 446, '2016-09-13', NULL, 'active'),
(2544, '22', 446, '2016-09-13', NULL, 'active'),
(2545, '72', 446, '2016-09-13', NULL, 'active'),
(2546, '29', 446, '2016-09-13', NULL, 'active'),
(2547, '09', 446, '2016-09-13', NULL, 'active'),
(2548, '48', 446, '2016-09-13', NULL, 'active'),
(2549, '43', 446, '2016-09-13', NULL, 'active'),
(2550, 'R2', 446, '2016-09-13', NULL, 'active'),
(2551, '09', 447, '2016-09-16', NULL, 'active'),
(2552, '18', 447, '2016-09-16', NULL, 'active'),
(2553, '22', 447, '2016-09-16', NULL, 'active'),
(2554, '27', 447, '2016-09-16', NULL, 'active'),
(2555, '40', 447, '2016-09-16', NULL, 'active'),
(2556, '56', 447, '2016-09-16', NULL, 'active'),
(2557, '72', 447, '2016-09-16', NULL, 'active'),
(2558, '80', 447, '2016-09-16', NULL, 'active'),
(2559, '82', 447, '2016-09-16', NULL, 'active'),
(2560, '90', 447, '2016-09-16', NULL, 'active'),
(2561, '94', 447, '2016-09-16', NULL, 'active'),
(2562, 'R2', 447, '2016-09-16', NULL, 'active'),
(2563, 'R3', 447, '2016-09-16', NULL, 'active'),
(2564, 'D1', 447, '2016-09-16', NULL, 'active'),
(2565, 'D2', 447, '2016-09-16', NULL, 'active'),
(2566, '30', 447, '2016-09-16', NULL, 'active'),
(2567, '48', 447, '2016-09-16', NULL, 'active'),
(2568, '96', 447, '2016-09-16', NULL, 'active'),
(2569, '09', 448, '2016-09-18', NULL, 'active'),
(2570, '22', 448, '2016-09-18', NULL, 'active'),
(2571, '27', 448, '2016-09-18', NULL, 'active'),
(2572, '40', 448, '2016-09-18', NULL, 'active'),
(2573, '50', 448, '2016-09-18', NULL, 'active'),
(2574, '63', 448, '2016-09-18', NULL, 'active'),
(2575, '72', 448, '2016-09-18', NULL, 'active'),
(2576, '87', 448, '2016-09-18', NULL, 'active'),
(2577, '88', 448, '2016-09-18', NULL, 'active'),
(2578, '89', 448, '2016-09-18', NULL, 'active'),
(2579, '90', 448, '2016-09-18', NULL, 'active'),
(2580, '93', 448, '2016-09-18', NULL, 'active'),
(2581, '94', 448, '2016-09-18', NULL, 'active'),
(2582, '95', 448, '2016-09-18', NULL, 'active'),
(2583, '96', 448, '2016-09-18', NULL, 'active'),
(2584, '97', 448, '2016-09-18', NULL, 'active'),
(2585, '98', 448, '2016-09-18', NULL, 'active'),
(2586, 'R3', 448, '2016-09-18', NULL, 'active'),
(2587, 'D1', 448, '2016-09-18', NULL, 'active'),
(2588, '22', 449, '2016-09-18', NULL, 'active'),
(2589, '27', 449, '2016-09-18', NULL, 'active'),
(2590, '48', 449, '2016-09-18', NULL, 'active'),
(2591, '63', 449, '2016-09-18', NULL, 'active'),
(2592, '75', 449, '2016-09-18', NULL, 'active'),
(2593, '87', 449, '2016-09-18', NULL, 'active'),
(2594, '88', 449, '2016-09-18', NULL, 'active'),
(2595, '90', 449, '2016-09-18', NULL, 'active'),
(2596, '92', 449, '2016-09-18', NULL, 'active'),
(2597, '98', 449, '2016-09-18', NULL, 'active'),
(2598, 'D1', 449, '2016-09-18', NULL, 'active'),
(2599, 'R3', 449, '2016-09-18', NULL, 'active'),
(2600, '88', 451, '2016-09-28', NULL, 'active'),
(2601, '90', 451, '2016-09-28', NULL, 'active'),
(2602, '94', 451, '2016-09-28', NULL, 'active'),
(2603, 'D2', 451, '2016-09-28', NULL, 'active'),
(2604, 'R3', 451, '2016-09-28', NULL, 'active'),
(2605, 'R1', 451, '2016-09-28', NULL, 'active'),
(2606, '63', 451, '2016-09-28', NULL, 'active'),
(2607, '22', 451, '2016-09-28', NULL, 'active'),
(2608, '27', 451, '2016-09-28', NULL, 'active'),
(2609, '72', 451, '2016-09-28', NULL, 'active'),
(2610, '98', 451, '2016-09-28', NULL, 'active'),
(2611, '29', 452, '2016-09-28', NULL, 'active'),
(2612, '75', 452, '2016-09-28', NULL, 'active'),
(2613, '90', 452, '2016-09-28', NULL, 'active'),
(2614, '94', 452, '2016-09-28', NULL, 'active'),
(2615, 'R1', 452, '2016-09-28', NULL, 'active'),
(2616, 'D1', 452, '2016-09-28', NULL, 'active'),
(2617, 'R2', 452, '2016-09-28', NULL, 'active'),
(2618, 'R3', 452, '2016-09-28', NULL, 'active'),
(2619, 'D2', 452, '2016-09-28', NULL, 'active'),
(2620, '18', 453, '2016-09-28', NULL, 'active'),
(2621, '27', 453, '2016-09-28', NULL, 'active'),
(2622, '29', 453, '2016-09-28', NULL, 'active'),
(2623, '40', 453, '2016-09-28', NULL, 'active'),
(2624, '62', 453, '2016-09-28', NULL, 'active'),
(2625, '63', 453, '2016-09-28', NULL, 'active'),
(2626, '72', 453, '2016-09-28', NULL, 'active'),
(2627, '75', 453, '2016-09-28', NULL, 'active'),
(2628, '82', 453, '2016-09-28', NULL, 'active'),
(2629, '90', 453, '2016-09-28', NULL, 'active'),
(2630, '94', 453, '2016-09-28', NULL, 'active'),
(2631, '98', 453, '2016-09-28', NULL, 'active'),
(2632, 'R1', 453, '2016-09-28', NULL, 'active'),
(2633, 'D1', 453, '2016-09-28', NULL, 'active'),
(2634, 'D2', 453, '2016-09-28', NULL, 'active'),
(2635, '27', 454, '2016-09-29', NULL, 'active'),
(2636, '29', 454, '2016-09-29', NULL, 'active'),
(2637, '80', 454, '2016-09-29', NULL, 'active'),
(2638, '87', 454, '2016-09-29', NULL, 'active'),
(2639, '90', 454, '2016-09-29', NULL, 'active'),
(2640, '94', 454, '2016-09-29', NULL, 'active'),
(2641, '98', 454, '2016-09-29', NULL, 'active'),
(2642, 'D1', 454, '2016-09-29', NULL, 'active'),
(2643, 'D2', 454, '2016-09-29', NULL, 'active'),
(2644, 'R1', 454, '2016-09-29', NULL, 'active'),
(2645, 'R3', 454, '2016-09-29', NULL, 'active'),
(2646, '72', 454, '2016-09-29', NULL, 'active'),
(2647, '75', 454, '2016-09-29', NULL, 'active'),
(2648, 'R2', 454, '2016-09-29', NULL, 'active'),
(2649, '18', 455, '2016-09-30', NULL, 'active'),
(2650, '29', 455, '2016-09-30', NULL, 'active'),
(2651, '62', 455, '2016-09-30', NULL, 'active'),
(2652, '75', 455, '2016-09-30', NULL, 'active'),
(2653, '83', 455, '2016-09-30', NULL, 'active'),
(2654, '87', 455, '2016-09-30', NULL, 'active'),
(2655, '90', 455, '2016-09-30', NULL, 'active'),
(2656, '94', 455, '2016-09-30', NULL, 'active'),
(2657, 'D1', 455, '2016-09-30', NULL, 'active'),
(2658, 'D2', 455, '2016-09-30', NULL, 'active'),
(2659, 'R1', 455, '2016-09-30', NULL, 'active'),
(2660, 'R2', 455, '2016-09-30', NULL, 'active'),
(2661, 'R3', 455, '2016-09-30', NULL, 'active'),
(2662, '42', 455, '2016-09-30', NULL, 'active'),
(2663, '22', 456, '2016-10-01', NULL, 'active'),
(2664, '27', 456, '2016-10-01', NULL, 'active'),
(2665, '29', 456, '2016-10-01', NULL, 'active'),
(2666, '62', 456, '2016-10-01', NULL, 'active'),
(2667, '63', 456, '2016-10-01', NULL, 'active'),
(2668, '72', 456, '2016-10-01', NULL, 'active'),
(2669, '75', 456, '2016-10-01', NULL, 'active'),
(2670, '88', 456, '2016-10-01', NULL, 'active'),
(2671, '90', 456, '2016-10-01', NULL, 'active'),
(2672, 'R1', 456, '2016-10-01', NULL, 'active'),
(2673, 'R2', 456, '2016-10-01', NULL, 'active'),
(2674, 'R3', 456, '2016-10-01', NULL, 'active'),
(2675, 'D1', 456, '2016-10-01', NULL, 'active'),
(2676, 'D2', 456, '2016-10-01', NULL, 'active'),
(2677, '95', 456, '2016-10-01', NULL, 'active'),
(2678, '22', 460, '2016-10-16', NULL, 'active'),
(2679, '48', 460, '2016-10-16', NULL, 'active'),
(2680, '63', 460, '2016-10-16', NULL, 'active'),
(2681, '72', 460, '2016-10-16', NULL, 'active'),
(2682, '75', 460, '2016-10-16', NULL, 'active'),
(2683, '83', 460, '2016-10-16', NULL, 'active'),
(2684, '87', 460, '2016-10-16', NULL, 'active'),
(2685, '90', 460, '2016-10-16', NULL, 'active'),
(2686, '92', 460, '2016-10-16', NULL, 'active'),
(2687, '95', 460, '2016-10-16', NULL, 'active'),
(2688, 'R3', 460, '2016-10-16', NULL, 'active'),
(2689, '98', 460, '2016-10-16', NULL, 'active'),
(2690, '80', 460, '2016-10-16', NULL, 'active'),
(2691, '86', 460, '2016-10-16', NULL, 'active'),
(2692, '86', 461, '2016-10-20', NULL, 'active'),
(2693, '98', 461, '2016-10-20', NULL, 'active'),
(2694, '75', 461, '2016-10-20', NULL, 'active'),
(2695, '27', 461, '2016-10-20', NULL, 'active'),
(2696, '94', 461, '2016-10-20', NULL, 'active'),
(2697, 'R1', 461, '2016-10-20', NULL, 'active'),
(2698, 'R2', 461, '2016-10-20', NULL, 'active'),
(2699, 'R3', 461, '2016-10-20', NULL, 'active'),
(2700, 'D1', 461, '2016-10-20', NULL, 'active'),
(2701, 'D2', 461, '2016-10-20', NULL, 'active'),
(2702, '18', 463, '2016-10-25', NULL, 'active'),
(2703, '22', 463, '2016-10-25', NULL, 'active'),
(2704, '40', 463, '2016-10-25', NULL, 'active'),
(2705, '62', 463, '2016-10-25', NULL, 'active'),
(2706, '63', 463, '2016-10-25', NULL, 'active'),
(2707, '75', 463, '2016-10-25', NULL, 'active'),
(2708, '77', 463, '2016-10-25', NULL, 'active'),
(2709, '79', 463, '2016-10-25', NULL, 'active'),
(2710, '83', 463, '2016-10-25', NULL, 'active'),
(2711, '86', 463, '2016-10-25', NULL, 'active'),
(2712, '87', 463, '2016-10-25', NULL, 'active'),
(2713, '90', 463, '2016-10-25', NULL, 'active'),
(2714, '92', 463, '2016-10-25', NULL, 'active'),
(2715, '94', 463, '2016-10-25', NULL, 'active'),
(2716, 'D2', 463, '2016-10-25', NULL, 'active'),
(2717, 'R3', 463, '2016-10-25', NULL, 'active'),
(2718, 'R1', 463, '2016-10-25', NULL, 'active'),
(2719, '97', 463, '2016-10-25', NULL, 'active'),
(2720, '09', 465, '2016-10-27', NULL, 'active'),
(2721, '22', 465, '2016-10-27', NULL, 'active'),
(2722, '30', 465, '2016-10-27', NULL, 'active'),
(2723, '13', 465, '2016-10-27', NULL, 'active'),
(2724, '43', 465, '2016-10-27', NULL, 'active'),
(2725, '45', 465, '2016-10-27', NULL, 'active'),
(2726, '50', 465, '2016-10-27', NULL, 'active'),
(2727, '63', 465, '2016-10-27', NULL, 'active'),
(2728, '68', 465, '2016-10-27', NULL, 'active'),
(2729, '72', 465, '2016-10-27', NULL, 'active'),
(2730, '75', 465, '2016-10-27', NULL, 'active'),
(2731, '77', 465, '2016-10-27', NULL, 'active'),
(2732, '79', 465, '2016-10-27', NULL, 'active'),
(2733, '80', 465, '2016-10-27', NULL, 'active'),
(2734, '83', 465, '2016-10-27', NULL, 'active'),
(2735, '87', 465, '2016-10-27', NULL, 'active'),
(2736, '90', 465, '2016-10-27', NULL, 'active'),
(2737, '92', 465, '2016-10-27', NULL, 'active'),
(2738, '94', 465, '2016-10-27', NULL, 'active'),
(2739, '97', 465, '2016-10-27', NULL, 'active'),
(2740, 'D2', 465, '2016-10-27', NULL, 'active'),
(2741, '88', 465, '2016-10-27', NULL, 'active'),
(2742, '86', 465, '2016-10-27', NULL, 'active'),
(2743, '62', 466, '2016-10-29', NULL, 'active'),
(2744, '63', 466, '2016-10-29', NULL, 'active'),
(2745, '75', 466, '2016-10-29', NULL, 'active'),
(2746, '83', 466, '2016-10-29', NULL, 'active'),
(2747, '90', 466, '2016-10-29', NULL, 'active'),
(2748, '92', 466, '2016-10-29', NULL, 'active'),
(2749, '97', 466, '2016-10-29', NULL, 'active'),
(2750, '22', 466, '2016-10-29', NULL, 'active'),
(2751, 'D2', 466, '2016-10-29', NULL, 'active'),
(2752, '27', 88, '2016-11-01', NULL, 'active'),
(2753, '98', 88, '2016-11-01', NULL, 'active'),
(2754, '97', 88, '2016-11-01', NULL, 'active'),
(2755, 'D2', 90, '2016-11-04', NULL, 'active'),
(2756, '22', 90, '2016-11-04', NULL, 'active'),
(2757, '88', 90, '2016-11-04', NULL, 'active'),
(2758, '98', 90, '2016-11-04', NULL, 'active'),
(2759, '45', 91, '2016-11-04', NULL, 'active'),
(2760, 'D2', 91, '2016-11-04', NULL, 'active'),
(2761, 'R3', 91, '2016-11-04', NULL, 'active'),
(2762, 'R1', 91, '2016-11-04', NULL, 'active'),
(2763, '09', 92, '2016-11-05', NULL, 'active'),
(2764, '22', 92, '2016-11-05', NULL, 'active'),
(2765, '72', 92, '2016-11-05', NULL, 'active'),
(2766, '87', 92, '2016-11-05', NULL, 'active'),
(2767, '89', 92, '2016-11-05', NULL, 'active'),
(2768, '90', 92, '2016-11-05', NULL, 'active'),
(2769, '94', 92, '2016-11-05', NULL, 'active'),
(2770, '98', 92, '2016-11-05', NULL, 'active'),
(2771, '22', 95, '2016-11-10', NULL, 'active'),
(2772, '98', 95, '2016-11-10', NULL, 'active'),
(2773, '63', 95, '2016-11-10', NULL, 'active'),
(2774, '40', 96, '2016-11-10', NULL, 'active'),
(2775, '75', 96, '2016-11-10', NULL, 'active'),
(2776, '09', 96, '2016-11-10', NULL, 'active'),
(2777, '72', 98, '2016-11-15', NULL, 'active'),
(2778, '75', 98, '2016-11-15', NULL, 'active'),
(2779, '27', 98, '2016-11-15', NULL, 'active'),
(2780, '62', 98, '2016-11-15', NULL, 'active'),
(2781, '90', 98, '2016-11-15', NULL, 'active'),
(2782, 'D1', 99, '2016-11-21', NULL, 'active'),
(2783, 'D2', 99, '2016-11-21', NULL, 'active'),
(2784, '82', 99, '2016-11-21', NULL, 'active'),
(2785, '42', 99, '2016-11-21', NULL, 'active'),
(2786, '09', 99, '2016-11-21', NULL, 'active'),
(2787, '88', 470, '2016-11-24', NULL, 'active'),
(2788, '90', 470, '2016-11-24', NULL, 'active'),
(2789, '92', 470, '2016-11-24', NULL, 'active'),
(2790, '87', 470, '2016-11-24', NULL, 'active'),
(2791, '09', 470, '2016-11-24', NULL, 'active'),
(2792, '96', 470, '2016-11-24', NULL, 'active'),
(2793, '09', 471, '2016-11-25', NULL, 'active'),
(2794, '22', 471, '2016-11-25', NULL, 'active'),
(2795, '27', 471, '2016-11-25', NULL, 'active'),
(2796, '40', 471, '2016-11-25', NULL, 'active'),
(2797, '62', 471, '2016-11-25', NULL, 'active'),
(2798, '72', 471, '2016-11-25', NULL, 'active'),
(2799, '83', 471, '2016-11-25', NULL, 'active'),
(2800, '89', 471, '2016-11-25', NULL, 'active'),
(2801, '90', 471, '2016-11-25', NULL, 'active'),
(2802, '92', 471, '2016-11-25', NULL, 'active'),
(2803, 'D2', 471, '2016-11-25', NULL, 'active'),
(2804, 'R3', 471, '2016-11-25', NULL, 'active'),
(2805, '86', 471, '2016-11-25', NULL, 'active'),
(2806, '87', 471, '2016-11-25', NULL, 'active'),
(2807, '98', 471, '2016-11-25', NULL, 'active'),
(2808, '50', 472, '2016-11-28', NULL, 'active'),
(2809, '63', 472, '2016-11-28', NULL, 'active'),
(2810, '68', 472, '2016-11-28', NULL, 'active'),
(2811, '22', 472, '2016-11-28', NULL, 'active'),
(2812, '86', 472, '2016-11-28', NULL, 'active'),
(2813, '90', 472, '2016-11-28', NULL, 'active'),
(2814, '92', 472, '2016-11-28', NULL, 'active'),
(2815, '80', 472, '2016-11-28', NULL, 'active'),
(2816, 'R3', 472, '2016-11-28', NULL, 'active'),
(2817, 'D2', 472, '2016-11-28', NULL, 'active'),
(2818, '45', 472, '2016-11-28', NULL, 'active'),
(2819, '18', 473, '2016-11-28', NULL, 'active'),
(2820, '22', 473, '2016-11-28', NULL, 'active'),
(2821, '27', 473, '2016-11-28', NULL, 'active'),
(2822, '29', 473, '2016-11-28', NULL, 'active'),
(2823, '30', 473, '2016-11-28', NULL, 'active'),
(2824, '43', 473, '2016-11-28', NULL, 'active'),
(2825, '50', 473, '2016-11-28', NULL, 'active'),
(2826, '62', 473, '2016-11-28', NULL, 'active'),
(2827, '63', 473, '2016-11-28', NULL, 'active'),
(2828, '72', 473, '2016-11-28', NULL, 'active'),
(2829, '77', 473, '2016-11-28', NULL, 'active'),
(2830, '80', 473, '2016-11-28', NULL, 'active'),
(2831, '86', 473, '2016-11-28', NULL, 'active'),
(2832, '88', 473, '2016-11-28', NULL, 'active'),
(2833, '90', 473, '2016-11-28', NULL, 'active'),
(2834, '92', 473, '2016-11-28', NULL, 'active'),
(2835, '95', 473, '2016-11-28', NULL, 'active'),
(2836, '97', 473, '2016-11-28', NULL, 'active'),
(2837, '87', 473, '2016-11-28', NULL, 'active'),
(2838, '68', 473, '2016-11-28', NULL, 'active'),
(2839, 'D1', 473, '2016-11-28', NULL, 'active'),
(2840, 'D2', 473, '2016-11-28', NULL, 'active'),
(2841, 'R2', 473, '2016-11-28', NULL, 'active'),
(2842, 'R3', 473, '2016-11-28', NULL, 'active'),
(2843, '98', 473, '2016-11-28', NULL, 'active'),
(2844, '48', 473, '2016-11-28', NULL, 'active'),
(2845, '09', 474, '2016-12-01', NULL, 'active'),
(2846, '22', 474, '2016-12-01', NULL, 'active'),
(2847, '27', 474, '2016-12-01', NULL, 'active'),
(2848, '29', 474, '2016-12-01', NULL, 'active'),
(2849, '40', 474, '2016-12-01', NULL, 'active'),
(2850, '62', 474, '2016-12-01', NULL, 'active'),
(2851, '83', 474, '2016-12-01', NULL, 'active'),
(2852, '75', 474, '2016-12-01', NULL, 'active'),
(2853, '72', 474, '2016-12-01', NULL, 'active'),
(2854, '87', 474, '2016-12-01', NULL, 'active'),
(2855, '88', 474, '2016-12-01', NULL, 'active'),
(2856, '89', 474, '2016-12-01', NULL, 'active'),
(2857, '90', 474, '2016-12-01', NULL, 'active'),
(2858, '92', 474, '2016-12-01', NULL, 'active'),
(2859, '95', 474, '2016-12-01', NULL, 'active'),
(2860, '98', 474, '2016-12-01', NULL, 'active'),
(2861, 'D2', 474, '2016-12-01', NULL, 'active'),
(2862, 'R3', 474, '2016-12-01', NULL, 'active'),
(2863, '86', 474, '2016-12-01', NULL, 'active'),
(2864, '30', 474, '2016-12-01', NULL, 'active'),
(2865, '72', 476, '2016-12-05', NULL, 'active'),
(2866, '18', 476, '2016-12-05', NULL, 'active'),
(2867, '63', 476, '2016-12-05', NULL, 'active'),
(2868, '09', 476, '2016-12-05', NULL, 'active'),
(2869, '75', 476, '2016-12-05', NULL, 'active'),
(2870, '30', 476, '2016-12-05', NULL, 'active'),
(2871, '91', 476, '2016-12-05', NULL, 'active'),
(2872, '92', 476, '2016-12-05', NULL, 'active'),
(2873, '79', 476, '2016-12-05', NULL, 'active'),
(2874, '27', 476, '2016-12-05', NULL, 'active'),
(2875, '62', 476, '2016-12-05', NULL, 'active'),
(2876, '22', 476, '2016-12-05', NULL, 'active'),
(2877, '87', 476, '2016-12-05', NULL, 'active'),
(2878, '83', 476, '2016-12-05', NULL, 'active'),
(2879, '84', 476, '2016-12-05', NULL, 'active'),
(2880, '86', 476, '2016-12-05', NULL, 'active'),
(2881, 'D1', 476, '2016-12-05', NULL, 'active'),
(2882, '90', 476, '2016-12-05', NULL, 'active'),
(2883, 'R3', 476, '2016-12-05', NULL, 'active'),
(2884, '45', 476, '2016-12-05', NULL, 'active'),
(2885, '09', 477, '2016-12-05', NULL, 'active'),
(2886, '18', 477, '2016-12-05', NULL, 'active'),
(2887, '22', 477, '2016-12-05', NULL, 'active'),
(2888, '27', 477, '2016-12-05', NULL, 'active'),
(2889, '29', 477, '2016-12-05', NULL, 'active'),
(2890, '30', 477, '2016-12-05', NULL, 'active'),
(2891, '40', 477, '2016-12-05', NULL, 'active'),
(2892, '43', 477, '2016-12-05', NULL, 'active'),
(2893, '50', 477, '2016-12-05', NULL, 'active'),
(2894, '55', 477, '2016-12-05', NULL, 'active'),
(2895, '62', 477, '2016-12-05', NULL, 'active'),
(2896, '63', 477, '2016-12-05', NULL, 'active'),
(2897, '68', 477, '2016-12-05', NULL, 'active'),
(2898, '72', 477, '2016-12-05', NULL, 'active'),
(2899, '80', 477, '2016-12-05', NULL, 'active'),
(2900, '86', 477, '2016-12-05', NULL, 'active'),
(2901, '87', 477, '2016-12-05', NULL, 'active'),
(2902, '94', 477, '2016-12-05', NULL, 'active'),
(2903, 'D1', 477, '2016-12-05', NULL, 'active'),
(2904, 'D2', 477, '2016-12-05', NULL, 'active'),
(2905, 'R2', 477, '2016-12-05', NULL, 'active'),
(2906, 'R3', 477, '2016-12-05', NULL, 'active'),
(2907, '82', 477, '2016-12-05', NULL, 'active'),
(2908, '48', 477, '2016-12-05', NULL, 'active'),
(2909, '94', 478, '2016-12-06', NULL, 'active'),
(2910, '18', 478, '2016-12-06', NULL, 'active'),
(2911, 'R2', 478, '2016-12-06', NULL, 'active'),
(2912, 'R3', 478, '2016-12-06', NULL, 'active'),
(2913, 'D1', 478, '2016-12-06', NULL, 'active'),
(2914, 'D2', 478, '2016-12-06', NULL, 'active'),
(2915, '77', 478, '2016-12-06', NULL, 'active'),
(2916, '68', 478, '2016-12-06', NULL, 'active'),
(2917, '43', 478, '2016-12-06', NULL, 'active'),
(2919, '30', 478, '2016-12-06', NULL, 'active'),
(2920, '22', 478, '2016-12-06', NULL, 'active'),
(2921, '62', 478, '2016-12-06', NULL, 'active'),
(2922, '93', 479, '2016-12-11', NULL, 'active'),
(2923, '94', 479, '2016-12-11', NULL, 'active'),
(2924, '98', 479, '2016-12-11', NULL, 'active'),
(2925, 'D2', 479, '2016-12-11', NULL, 'active'),
(2926, '97', 479, '2016-12-11', NULL, 'active'),
(2927, '75', 481, '2016-12-12', NULL, 'active'),
(2928, '80', 481, '2016-12-12', NULL, 'active'),
(2929, '92', 481, '2016-12-12', NULL, 'active'),
(2930, 'R3', 481, '2016-12-12', NULL, 'active'),
(2931, 'D2', 481, '2016-12-12', NULL, 'active'),
(2932, '94', 481, '2016-12-12', NULL, 'active'),
(2933, '09', 484, '2016-12-20', NULL, 'active'),
(2934, '22', 484, '2016-12-20', NULL, 'active'),
(2935, '27', 484, '2016-12-20', NULL, 'active'),
(2936, '62', 484, '2016-12-20', NULL, 'active'),
(2937, '86', 484, '2016-12-20', NULL, 'active'),
(2938, '87', 484, '2016-12-20', NULL, 'active'),
(2939, '88', 484, '2016-12-20', NULL, 'active'),
(2940, '90', 484, '2016-12-20', NULL, 'active'),
(2941, '95', 484, '2016-12-20', NULL, 'active'),
(2942, 'D2', 484, '2016-12-20', NULL, 'active'),
(2943, 'R1', 484, '2016-12-20', NULL, 'active'),
(2944, 'R3', 484, '2016-12-20', NULL, 'active'),
(2945, '89', 484, '2016-12-20', NULL, 'active'),
(2946, '92', 484, '2016-12-20', NULL, 'active'),
(2947, '98', 484, '2016-12-20', NULL, 'active'),
(2948, '87', 486, '2016-12-27', NULL, 'active'),
(2949, '75', 486, '2016-12-27', NULL, 'active'),
(2950, '90', 486, '2016-12-27', NULL, 'active'),
(2951, '92', 486, '2016-12-27', NULL, 'active'),
(2952, '95', 486, '2016-12-27', NULL, 'active'),
(2953, '98', 486, '2016-12-27', NULL, 'active'),
(2954, '27', 486, '2016-12-27', NULL, 'active'),
(2955, '72', 124, '2017-01-27', NULL, 'active'),
(2956, '22', 124, '2017-01-27', NULL, 'active'),
(2957, '27', 124, '2017-01-27', NULL, 'active'),
(2958, '62', 124, '2017-01-27', NULL, 'active'),
(2959, '75', 124, '2017-01-27', NULL, 'active'),
(2960, '30', 124, '2017-01-27', NULL, 'active'),
(2961, '97', 120, '2017-01-30', NULL, 'active'),
(2962, '30', 120, '2017-01-30', NULL, 'active'),
(2963, '84', 120, '2017-01-30', NULL, 'active'),
(2964, '91', 120, '2017-01-30', NULL, 'active'),
(2965, '22', 107, '2017-02-20', NULL, 'active'),
(2966, '95', 107, '2017-02-20', NULL, 'active'),
(2967, '96', 107, '2017-02-20', NULL, 'active'),
(2968, '55', 107, '2017-02-20', NULL, 'active'),
(2969, '45', 107, '2017-02-20', NULL, 'active'),
(2970, '86', 107, '2017-02-20', NULL, 'active'),
(2971, '09', 106, '2017-02-21', NULL, 'active'),
(2972, '62', 106, '2017-02-21', NULL, 'active'),
(2973, '45', 106, '2017-02-21', NULL, 'active'),
(2974, '18', 105, '2017-02-23', NULL, 'active'),
(2975, '30', 105, '2017-02-23', NULL, 'active'),
(2976, '62', 105, '2017-02-23', NULL, 'active'),
(2977, '77', 105, '2017-02-23', NULL, 'active'),
(2978, '87', 105, '2017-02-23', NULL, 'active'),
(2979, '22', 105, '2017-02-23', NULL, 'active'),
(2980, '09', 105, '2017-02-23', NULL, 'active'),
(2981, '75', 100, '2017-03-03', NULL, 'active'),
(2982, '97', 100, '2017-03-03', NULL, 'active'),
(2983, '98', 100, '2017-03-03', NULL, 'active'),
(2984, '94', 78, '2017-03-22', NULL, 'active'),
(2985, '09', 78, '2017-03-22', NULL, 'active'),
(2986, '30', 78, '2017-03-22', NULL, 'active'),
(2987, '84', 78, '2017-03-22', NULL, 'active'),
(2988, '22', 78, '2017-03-22', NULL, 'active'),
(2989, '50', 78, '2017-03-22', NULL, 'active'),
(2990, '83', 78, '2017-03-22', NULL, 'active'),
(2991, '92', 78, '2017-03-22', NULL, 'active'),
(2992, '96', 78, '2017-03-22', NULL, 'active'),
(2993, '75', 74, '2017-03-26', NULL, 'active'),
(2994, '89', 74, '2017-03-26', NULL, 'active'),
(2995, '72', 67, '2017-04-03', NULL, 'active'),
(2996, '63', 67, '2017-04-03', NULL, 'active'),
(2997, '09', 66, '2017-04-04', NULL, 'active'),
(2998, '90', 66, '2017-04-04', NULL, 'active'),
(2999, '72', 66, '2017-04-04', NULL, 'active'),
(3000, '22', 66, '2017-04-04', NULL, 'active'),
(3001, '72', 63, '2017-04-05', NULL, 'active'),
(3002, '82', 63, '2017-04-05', NULL, 'active'),
(3003, '95', 63, '2017-04-05', NULL, 'active'),
(3004, '88', 63, '2017-04-05', NULL, 'active'),
(3005, '22', 63, '2017-04-05', NULL, 'active'),
(3006, '50', 63, '2017-04-05', NULL, 'active'),
(3007, '09', 63, '2017-04-05', NULL, 'active'),
(3008, '87', 61, '2017-04-10', NULL, 'active'),
(3009, '91', 61, '2017-04-10', NULL, 'active'),
(3010, '95', 61, '2017-04-10', NULL, 'active'),
(3011, '09', 59, '2017-04-14', NULL, 'active'),
(3012, '63', 59, '2017-04-14', NULL, 'active'),
(3013, 'D1', 59, '2017-04-14', NULL, 'active'),
(3014, '22', 58, '2017-04-15', NULL, 'active'),
(3015, '84', 58, '2017-04-15', NULL, 'active'),
(3016, '91', 58, '2017-04-15', NULL, 'active'),
(3017, '30', 58, '2017-04-15', NULL, 'active'),
(3018, '83', 58, '2017-04-15', NULL, 'active'),
(3019, '90', 56, '2017-04-16', NULL, 'active'),
(3020, '83', 56, '2017-04-16', NULL, 'active'),
(3021, '90', 53, '2017-04-20', NULL, 'active'),
(3022, '92', 53, '2017-04-20', NULL, 'active'),
(3023, '94', 53, '2017-04-20', NULL, 'active'),
(3024, '72', 51, '2017-04-20', NULL, 'active'),
(3025, '22', 51, '2017-04-20', NULL, 'active'),
(3026, '43', 51, '2017-04-20', NULL, 'active'),
(3027, '87', 51, '2017-04-20', NULL, 'active'),
(3028, '94', 51, '2017-04-20', NULL, 'active'),
(3029, '09', 43, '2017-05-02', NULL, 'active'),
(3030, '22', 43, '2017-05-02', NULL, 'active'),
(3031, '56', 43, '2017-05-02', NULL, 'active'),
(3032, '87', 43, '2017-05-02', NULL, 'active'),
(3033, '94', 43, '2017-05-02', NULL, 'active'),
(3034, '88', 43, '2017-05-02', NULL, 'active'),
(3035, '96', 43, '2017-05-02', NULL, 'active'),
(3036, '38', 42, '2017-05-03', NULL, 'active'),
(3037, '75', 42, '2017-05-03', NULL, 'active'),
(3038, 'R1', 42, '2017-05-03', NULL, 'active'),
(3039, 'R2', 42, '2017-05-03', NULL, 'active'),
(3040, 'D1', 42, '2017-05-03', NULL, 'active'),
(3041, '22', 41, '2017-05-03', NULL, 'active'),
(3042, '86', 41, '2017-05-03', NULL, 'active'),
(3043, '83', 41, '2017-05-03', NULL, 'active'),
(3044, '88', 41, '2017-05-03', NULL, 'active'),
(3045, '18', 40, '2017-05-04', NULL, 'active'),
(3046, '27', 40, '2017-05-04', NULL, 'active'),
(3047, '62', 40, '2017-05-04', NULL, 'active'),
(3048, '77', 40, '2017-05-04', NULL, 'active'),
(3049, '22', 37, '2017-05-15', NULL, 'active'),
(3051, '63', 36, '2017-05-15', NULL, 'active'),
(3052, '22', 36, '2017-05-15', NULL, 'active'),
(3053, '80', 36, '2017-05-15', NULL, 'active'),
(3054, '88', 36, '2017-05-15', NULL, 'active'),
(3055, '92', 36, '2017-05-15', NULL, 'active'),
(3056, '27', 34, '2017-05-18', NULL, 'active'),
(3057, '22', 34, '2017-05-18', NULL, 'active'),
(3058, '43', 31, '2017-05-21', NULL, 'active'),
(3059, '82', 30, '2017-05-21', NULL, 'active'),
(3060, '18', 144, '2017-06-02', NULL, 'active'),
(3061, '22', 144, '2017-06-02', NULL, 'active'),
(3062, '27', 145, '2017-06-02', NULL, 'active'),
(3063, '72', 145, '2017-06-02', NULL, 'active'),
(3064, '22', 145, '2017-06-02', NULL, 'active'),
(3065, '80', 147, '2017-06-05', NULL, 'active'),
(3066, '27', 147, '2017-06-05', NULL, 'active'),
(3067, '29', 147, '2017-06-05', NULL, 'active'),
(3068, '63', 147, '2017-06-05', NULL, 'active'),
(3069, '43', 147, '2017-06-05', NULL, 'active'),
(3070, '90', 490, '2017-06-28', NULL, 'active'),
(3071, '92', 490, '2017-06-28', NULL, 'active'),
(3072, 'D1', 490, '2017-06-28', NULL, 'active'),
(3073, 'D2', 490, '2017-06-28', NULL, 'active'),
(3074, 'R3', 490, '2017-06-28', NULL, 'active'),
(3075, '27', 490, '2017-06-28', NULL, 'active'),
(3076, '62', 490, '2017-06-28', NULL, 'active'),
(3077, '80', 490, '2017-06-28', NULL, 'active'),
(3078, '98', 490, '2017-06-28', NULL, 'active'),
(3079, '94', 490, '2017-06-28', NULL, 'active'),
(3080, '09', 497, '2017-07-10', NULL, 'active'),
(3081, '22', 497, '2017-07-10', NULL, 'active'),
(3082, '27', 497, '2017-07-10', NULL, 'active'),
(3083, '62', 497, '2017-07-10', NULL, 'active'),
(3084, '55', 497, '2017-07-10', NULL, 'active'),
(3085, 'D2', 497, '2017-07-10', NULL, 'active'),
(3086, '90', 497, '2017-07-10', NULL, 'active'),
(3087, '91', 497, '2017-07-10', NULL, 'active'),
(3088, '92', 497, '2017-07-10', NULL, 'active'),
(3089, '72', 497, '2017-07-10', NULL, 'active'),
(3090, '40', 497, '2017-07-10', NULL, 'active'),
(3091, '83', 497, '2017-07-10', NULL, 'active'),
(3092, '84', 497, '2017-07-10', NULL, 'active'),
(3093, '94', 497, '2017-07-10', NULL, 'active'),
(3094, '89', 497, '2017-07-10', NULL, 'active'),
(3095, '68', 497, '2017-07-10', NULL, 'active'),
(3096, '29', 497, '2017-07-10', NULL, 'active'),
(3097, '30', 497, '2017-07-10', NULL, 'active'),
(3098, '45', 497, '2017-07-10', NULL, 'active'),
(3099, '18', 500, '2015-03-27', NULL, 'active'),
(3100, '22', 500, '2015-03-27', NULL, 'active'),
(3101, '30', 500, '2015-03-27', NULL, 'active'),
(3102, '48', 500, '2015-03-27', NULL, 'active'),
(3103, '55', 500, '2015-03-27', NULL, 'active'),
(3104, '56', 500, '2015-03-27', NULL, 'active'),
(3105, '68', 500, '2015-03-27', NULL, 'active'),
(3106, '79', 500, '2015-03-27', NULL, 'active'),
(3107, '75', 500, '2015-03-27', NULL, 'active'),
(3108, '77', 500, '2015-03-27', NULL, 'active'),
(3109, '80', 500, '2015-03-27', NULL, 'active'),
(3110, '82', 500, '2015-03-27', NULL, 'active'),
(3111, '85', 500, '2015-03-27', NULL, 'active'),
(3112, '88', 500, '2015-03-27', NULL, 'active'),
(3113, '90', 500, '2015-03-27', NULL, 'active'),
(3114, '95', 500, '2015-03-27', NULL, 'active'),
(3115, '96', 500, '2015-03-27', NULL, 'active'),
(3116, 'D1', 500, '2015-03-27', NULL, 'active'),
(3117, 'D2', 500, '2015-03-27', NULL, 'active'),
(3118, 'R3', 500, '2015-03-27', NULL, 'active'),
(3119, 'R2', 500, '2015-03-27', NULL, 'active'),
(3120, 'R1', 500, '2015-03-27', NULL, 'active'),
(3121, '50', 500, '2015-03-27', NULL, 'active'),
(3122, '62', 500, '2015-03-27', NULL, 'active'),
(3123, '92', 500, '2015-03-27', NULL, 'active'),
(3124, '83', 502, '2015-01-01', NULL, 'active'),
(3125, '85', 502, '2015-01-01', NULL, 'active'),
(3126, 'D2', 502, '2015-01-01', NULL, 'active'),
(3127, '80', 502, '2015-01-01', NULL, 'active'),
(3128, '18', 503, '2015-01-05', NULL, 'active'),
(3129, '22', 503, '2015-01-05', NULL, 'active'),
(3130, '27', 503, '2015-01-05', NULL, 'active'),
(3131, '29', 503, '2015-01-05', NULL, 'active'),
(3132, '30', 503, '2015-01-05', NULL, 'active'),
(3133, '40', 503, '2015-01-05', NULL, 'active'),
(3134, '45', 503, '2015-01-05', NULL, 'active'),
(3135, '48', 503, '2015-01-05', NULL, 'active'),
(3136, '55', 503, '2015-01-05', NULL, 'active'),
(3137, '62', 503, '2015-01-05', NULL, 'active'),
(3138, '64', 503, '2015-01-05', NULL, 'active'),
(3139, '68', 503, '2015-01-05', NULL, 'active'),
(3140, '72', 503, '2015-01-05', NULL, 'active'),
(3141, '85', 503, '2015-01-05', NULL, 'active'),
(3142, '87', 503, '2015-01-05', NULL, 'active'),
(3143, '88', 503, '2015-01-05', NULL, 'active'),
(3144, '94', 503, '2015-01-05', NULL, 'active'),
(3145, '96', 503, '2015-01-05', NULL, 'active'),
(3146, 'R1', 503, '2015-01-05', NULL, 'active'),
(3147, 'R2', 503, '2015-01-05', NULL, 'active'),
(3148, 'D1', 503, '2015-01-05', NULL, 'active'),
(3149, 'D2', 503, '2015-01-05', NULL, 'active'),
(3150, '29', 504, '2015-01-08', NULL, 'active'),
(3151, '30', 504, '2015-01-08', NULL, 'active'),
(3152, '48', 504, '2015-01-08', NULL, 'active'),
(3153, '64', 504, '2015-01-08', NULL, 'active'),
(3154, '68', 504, '2015-01-08', NULL, 'active'),
(3155, '72', 504, '2015-01-08', NULL, 'active'),
(3156, '75', 504, '2015-01-08', NULL, 'active'),
(3157, '77', 504, '2015-01-08', NULL, 'active'),
(3158, '80', 504, '2015-01-08', NULL, 'active'),
(3159, '85', 504, '2015-01-08', NULL, 'active'),
(3160, '86', 504, '2015-01-08', NULL, 'active'),
(3161, '88', 504, '2015-01-08', NULL, 'active'),
(3162, 'R1', 504, '2015-01-08', NULL, 'active'),
(3163, 'R2', 504, '2015-01-08', NULL, 'active'),
(3164, 'D1', 504, '2015-01-08', NULL, 'active'),
(3165, 'D2', 504, '2015-01-08', NULL, 'active'),
(3166, 'R3', 504, '2015-01-08', NULL, 'active'),
(3167, '22', 504, '2015-01-08', NULL, 'active'),
(3168, '62', 504, '2015-01-08', NULL, 'active'),
(3169, '89', 504, '2015-01-08', NULL, 'active'),
(3170, '70', 504, '2015-01-08', NULL, 'active'),
(3171, '94', 504, '2015-01-08', NULL, 'active'),
(3172, '93', 504, '2015-01-08', NULL, 'active'),
(3173, '96', 506, '2015-01-11', NULL, 'active'),
(3174, '95', 506, '2015-01-11', NULL, 'active'),
(3175, '18', 506, '2015-01-11', NULL, 'active'),
(3176, '48', 506, '2015-01-11', NULL, 'active'),
(3177, '45', 506, '2015-01-11', NULL, 'active'),
(3178, '63', 506, '2015-01-11', NULL, 'active'),
(3179, '88', 506, '2015-01-11', NULL, 'active'),
(3180, '30', 506, '2015-01-11', NULL, 'active'),
(3181, '70', 506, '2015-01-11', NULL, 'active'),
(3182, '64', 506, '2015-01-11', NULL, 'active'),
(3183, '83', 506, '2015-01-11', NULL, 'active'),
(3184, '35', 506, '2015-01-11', NULL, 'active'),
(3185, '22', 506, '2015-01-11', NULL, 'active'),
(3186, '89', 506, '2015-01-11', NULL, 'active'),
(3187, '72', 506, '2015-01-11', NULL, 'active'),
(3188, '80', 506, '2015-01-11', NULL, 'active'),
(3189, '84', 506, '2015-01-11', NULL, 'active'),
(3190, '90', 506, '2015-01-11', NULL, 'active'),
(3191, '87', 506, '2015-01-11', NULL, 'active'),
(3192, '91', 506, '2015-01-11', NULL, 'active'),
(3193, '92', 506, '2015-01-11', NULL, 'active'),
(3194, '29', 506, '2015-01-11', NULL, 'active'),
(3195, '68', 506, '2015-01-11', NULL, 'active'),
(3196, 'D1', 506, '2015-01-11', NULL, 'active'),
(3197, 'D2', 506, '2015-01-11', NULL, 'active'),
(3198, '85', 506, '2015-01-11', NULL, 'active'),
(3199, '94', 506, '2015-01-11', NULL, 'active'),
(3200, '72', 508, '2015-01-13', NULL, 'active'),
(3201, '40', 508, '2015-01-13', NULL, 'active'),
(3202, '83', 508, '2015-01-13', NULL, 'active'),
(3203, '85', 508, '2015-01-13', NULL, 'active'),
(3204, '86', 508, '2015-01-13', NULL, 'active'),
(3205, '55', 508, '2015-01-13', NULL, 'active'),
(3206, '30', 508, '2015-01-13', NULL, 'active'),
(3207, '22', 508, '2015-01-13', NULL, 'active'),
(3208, '88', 508, '2015-01-13', NULL, 'active'),
(3209, '90', 508, '2015-01-13', NULL, 'active'),
(3210, '92', 508, '2015-01-13', NULL, 'active'),
(3211, '93', 508, '2015-01-13', NULL, 'active'),
(3212, '94', 508, '2015-01-13', NULL, 'active'),
(3213, '45', 508, '2015-01-13', NULL, 'active'),
(3214, '43', 509, '2015-01-14', NULL, 'active'),
(3215, '48', 509, '2015-01-14', NULL, 'active'),
(3216, '83', 509, '2015-01-14', NULL, 'active'),
(3217, 'D2', 509, '2015-01-14', NULL, 'active'),
(3218, 'D1', 508, '2015-01-13', NULL, 'active'),
(3219, '48', 510, '2015-01-15', NULL, 'active'),
(3220, '30', 510, '2015-01-15', NULL, 'active'),
(3221, '84', 510, '2015-01-15', NULL, 'active'),
(3222, '86', 510, '2015-01-15', NULL, 'active'),
(3223, '22', 510, '2015-01-15', NULL, 'active'),
(3224, '88', 510, '2015-01-15', NULL, 'active'),
(3225, '40', 510, '2015-01-15', NULL, 'active'),
(3226, '13', 510, '2015-01-15', NULL, 'active'),
(3227, '85', 510, '2015-01-15', NULL, 'active'),
(3228, '94', 510, '2015-01-15', NULL, 'active'),
(3229, '95', 510, '2015-01-15', NULL, 'active'),
(3230, '18', 510, '2015-01-15', NULL, 'active'),
(3231, '64', 510, '2015-01-15', NULL, 'active');
INSERT INTO `fire_attendance` (`id`, `unit`, `fire_data_id`, `attendance_date`, `remarks`, `status`) VALUES
(3232, '72', 510, '2015-01-15', NULL, 'active'),
(3233, '89', 510, '2015-01-15', NULL, 'active'),
(3234, '92', 510, '2015-01-15', NULL, 'active'),
(3235, '45', 510, '2015-01-15', NULL, 'active'),
(3236, 'R3', 510, '2015-01-15', NULL, 'active'),
(3237, 'D1', 510, '2015-01-15', NULL, 'active'),
(3238, 'D2', 510, '2015-01-15', NULL, 'active'),
(3239, '45', 515, '2017-07-16', NULL, 'active'),
(3240, '83', 515, '2017-07-16', NULL, 'active'),
(3241, '84', 515, '2017-07-16', NULL, 'active'),
(3242, '91', 515, '2017-07-16', NULL, 'active'),
(3243, '29', 515, '2017-07-16', NULL, 'active'),
(3244, '63', 515, '2017-07-16', NULL, 'active'),
(3245, '97', 515, '2017-07-16', NULL, 'active'),
(3246, '62', 515, '2017-07-16', NULL, 'active'),
(3247, '87', 515, '2017-07-16', NULL, 'active'),
(3248, '90', 515, '2017-07-16', NULL, 'active'),
(3249, '92', 515, '2017-07-16', NULL, 'active'),
(3250, '98', 515, '2017-07-16', NULL, 'active'),
(3251, '94', 515, '2017-07-16', NULL, 'active'),
(3252, 'D1', 515, '2017-07-16', NULL, 'active'),
(3253, '72', 515, '2017-07-16', NULL, 'active'),
(3254, '72', 516, '2015-01-22', NULL, 'active'),
(3255, '89', 516, '2015-01-22', NULL, 'active'),
(3256, '40', 516, '2015-01-22', NULL, 'active'),
(3257, '18', 516, '2015-01-22', NULL, 'active'),
(3258, '48', 516, '2015-01-22', NULL, 'active'),
(3259, '55', 516, '2015-01-22', NULL, 'active'),
(3260, '83', 516, '2015-01-22', NULL, 'active'),
(3261, '85', 516, '2015-01-22', NULL, 'active'),
(3262, '86', 516, '2015-01-22', NULL, 'active'),
(3263, '22', 516, '2015-01-22', NULL, 'active'),
(3264, '27', 516, '2015-01-22', NULL, 'active'),
(3265, 'D1', 516, '2015-01-22', NULL, 'active'),
(3266, 'D2', 516, '2015-01-22', NULL, 'active'),
(3267, 'R3', 516, '2015-01-22', NULL, 'active'),
(3268, '75', 516, '2015-01-22', NULL, 'active'),
(3269, '90', 516, '2015-01-22', NULL, 'active'),
(3270, '92', 516, '2015-01-22', NULL, 'active'),
(3271, '93', 516, '2015-01-22', NULL, 'active'),
(3272, '94', 516, '2015-01-22', NULL, 'active'),
(3273, '95', 516, '2015-01-22', NULL, 'active'),
(3274, '88', 516, '2015-01-22', NULL, 'active'),
(3275, '45', 516, '2015-01-22', NULL, 'active'),
(3276, '48', 518, '2015-01-25', NULL, 'active'),
(3277, '75', 518, '2015-01-25', NULL, 'active'),
(3278, '83', 518, '2015-01-25', NULL, 'active'),
(3279, '85', 518, '2015-01-25', NULL, 'active'),
(3280, '92', 518, '2015-01-25', NULL, 'active'),
(3281, 'D1', 518, '2015-01-25', NULL, 'active'),
(3282, 'R3', 518, '2015-01-25', NULL, 'active'),
(3283, '80', 518, '2015-01-25', NULL, 'active'),
(3284, '90', 518, '2015-01-25', NULL, 'active'),
(3285, '27', 518, '2015-01-25', NULL, 'active'),
(3286, '70', 518, '2015-01-25', NULL, 'active'),
(3287, '22', 518, '2015-01-25', NULL, 'active'),
(3288, '88', 518, '2015-01-25', NULL, 'active'),
(3289, '63', 518, '2015-01-25', NULL, 'active'),
(3290, '94', 518, '2015-01-25', NULL, 'active'),
(3291, '18', 519, '2015-01-26', NULL, 'active'),
(3292, '22', 519, '2015-01-26', NULL, 'active'),
(3293, '30', 519, '2015-01-26', NULL, 'active'),
(3294, '38', 519, '2015-01-26', NULL, 'active'),
(3295, '40', 519, '2015-01-26', NULL, 'active'),
(3296, '48', 519, '2015-01-26', NULL, 'active'),
(3297, '55', 519, '2015-01-26', NULL, 'active'),
(3298, '62', 519, '2015-01-26', NULL, 'active'),
(3299, '64', 519, '2015-01-26', NULL, 'active'),
(3300, '68', 519, '2015-01-26', NULL, 'active'),
(3301, '70', 519, '2015-01-26', NULL, 'active'),
(3302, '72', 519, '2015-01-26', NULL, 'active'),
(3303, '75', 519, '2015-01-26', NULL, 'active'),
(3304, '79', 519, '2015-01-26', NULL, 'active'),
(3305, '80', 519, '2015-01-26', NULL, 'active'),
(3306, '82', 519, '2015-01-26', NULL, 'active'),
(3307, '83', 519, '2015-01-26', NULL, 'active'),
(3308, '85', 519, '2015-01-26', NULL, 'active'),
(3309, '86', 519, '2015-01-26', NULL, 'active'),
(3310, '87', 519, '2015-01-26', NULL, 'active'),
(3311, '88', 519, '2015-01-26', NULL, 'active'),
(3312, '89', 519, '2015-01-26', NULL, 'active'),
(3313, '90', 519, '2015-01-26', NULL, 'active'),
(3314, '92', 519, '2015-01-26', NULL, 'active'),
(3315, '94', 519, '2015-01-26', NULL, 'active'),
(3316, '96', 519, '2015-01-26', NULL, 'active'),
(3317, 'D1', 519, '2015-01-26', NULL, 'active'),
(3318, 'D2', 519, '2015-01-26', NULL, 'active'),
(3319, 'R1', 519, '2015-01-26', NULL, 'active'),
(3320, 'R2', 519, '2015-01-26', NULL, 'active'),
(3321, 'R3', 519, '2015-01-26', NULL, 'active'),
(3322, '42', 519, '2015-01-26', NULL, 'active'),
(3323, '50', 519, '2015-01-26', NULL, 'active'),
(3324, '83', 520, '2015-01-27', NULL, 'active'),
(3325, '85', 520, '2015-01-27', NULL, 'active'),
(3326, '86', 520, '2015-01-27', NULL, 'active'),
(3327, '90', 520, '2015-01-27', NULL, 'active'),
(3328, '92', 520, '2015-01-27', NULL, 'active'),
(3329, '94', 520, '2015-01-27', NULL, 'active'),
(3330, 'D1', 520, '2015-01-27', NULL, 'active'),
(3331, 'D2', 520, '2015-01-27', NULL, 'active'),
(3332, '45', 520, '2015-01-27', NULL, 'active'),
(3333, '85', 521, '2015-01-31', NULL, 'active'),
(3334, '86', 521, '2015-01-31', NULL, 'active'),
(3335, '95', 521, '2015-01-31', NULL, 'active'),
(3336, '83', 521, '2015-01-31', NULL, 'active'),
(3337, '88', 521, '2015-01-31', NULL, 'active'),
(3338, '93', 521, '2015-01-31', NULL, 'active'),
(3339, 'D1', 521, '2015-01-31', NULL, 'active'),
(3340, 'D2', 521, '2015-01-31', NULL, 'active'),
(3341, '45', 521, '2015-01-31', NULL, 'active'),
(3342, '92', 521, '2015-01-31', NULL, 'active'),
(3343, '27', 522, '2015-02-02', NULL, 'active'),
(3344, '64', 522, '2015-02-02', NULL, 'active'),
(3345, '68', 522, '2015-02-02', NULL, 'active'),
(3346, '70', 522, '2015-02-02', NULL, 'active'),
(3347, '83', 522, '2015-02-02', NULL, 'active'),
(3348, '87', 522, '2015-02-02', NULL, 'active'),
(3349, '92', 522, '2015-02-02', NULL, 'active'),
(3350, '95', 522, '2015-02-02', NULL, 'active'),
(3351, 'D1', 522, '2015-02-02', NULL, 'active'),
(3352, 'D2', 522, '2015-02-02', NULL, 'active'),
(3353, 'R3', 522, '2015-02-02', NULL, 'active'),
(3354, '22', 522, '2015-02-02', NULL, 'active'),
(3355, '30', 522, '2015-02-02', NULL, 'active'),
(3356, '45', 522, '2015-02-02', NULL, 'active'),
(3357, '48', 522, '2015-02-02', NULL, 'active'),
(3358, '56', 522, '2015-02-02', NULL, 'active'),
(3359, '88', 522, '2015-02-02', NULL, 'active'),
(3360, '90', 522, '2015-02-02', NULL, 'active'),
(3361, '72', 522, '2015-02-02', NULL, 'active'),
(3362, '82', 522, '2015-02-02', NULL, 'active'),
(3363, '94', 522, '2015-02-02', NULL, 'active'),
(3364, '22', 524, '2015-02-03', NULL, 'active'),
(3365, '30', 524, '2015-02-03', NULL, 'active'),
(3366, '40', 524, '2015-02-03', NULL, 'active'),
(3367, '45', 524, '2015-02-03', NULL, 'active'),
(3368, '55', 524, '2015-02-03', NULL, 'active'),
(3369, '62', 524, '2015-02-03', NULL, 'active'),
(3370, '63', 524, '2015-02-03', NULL, 'active'),
(3371, '64', 524, '2015-02-03', NULL, 'active'),
(3372, '68', 524, '2015-02-03', NULL, 'active'),
(3373, '72', 524, '2015-02-03', NULL, 'active'),
(3374, '80', 524, '2015-02-03', NULL, 'active'),
(3375, '83', 524, '2015-02-03', NULL, 'active'),
(3376, '85', 524, '2015-02-03', NULL, 'active'),
(3377, '90', 524, '2015-02-03', NULL, 'active'),
(3378, '91', 524, '2015-02-03', NULL, 'active'),
(3379, '92', 524, '2015-02-03', NULL, 'active'),
(3380, '93', 524, '2015-02-03', NULL, 'active'),
(3381, '94', 524, '2015-02-03', NULL, 'active'),
(3382, '95', 524, '2015-02-03', NULL, 'active'),
(3383, '96', 524, '2015-02-03', NULL, 'active'),
(3384, 'D1', 524, '2015-02-03', NULL, 'active'),
(3385, 'D2', 524, '2015-02-03', NULL, 'active'),
(3386, 'R3', 524, '2015-02-03', NULL, 'active'),
(3387, 'R1', 524, '2015-02-03', NULL, 'active'),
(3388, '88', 524, '2015-02-03', NULL, 'active'),
(3389, '27', 524, '2015-02-03', NULL, 'active'),
(3390, '87', 524, '2015-02-03', NULL, 'active'),
(3391, '22', 525, '2015-02-03', NULL, 'active'),
(3392, '79', 525, '2015-02-03', NULL, 'active'),
(3393, '88', 525, '2015-02-03', NULL, 'active'),
(3394, '90', 525, '2015-02-03', NULL, 'active'),
(3395, '93', 525, '2015-02-03', NULL, 'active'),
(3396, '95', 525, '2015-02-03', NULL, 'active'),
(3397, '96', 525, '2015-02-03', NULL, 'active'),
(3398, '30', 525, '2015-02-03', NULL, 'active'),
(3399, '29', 525, '2015-02-03', NULL, 'active'),
(3400, '40', 525, '2015-02-03', NULL, 'active'),
(3401, '72', 525, '2015-02-03', NULL, 'active'),
(3402, '80', 525, '2015-02-03', NULL, 'active'),
(3403, '82', 525, '2015-02-03', NULL, 'active'),
(3404, '85', 525, '2015-02-03', NULL, 'active'),
(3405, '92', 525, '2015-02-03', NULL, 'active'),
(3406, 'D1', 525, '2015-02-03', NULL, 'active'),
(3407, 'D2', 525, '2015-02-03', NULL, 'active'),
(3408, 'R3', 525, '2015-02-03', NULL, 'active'),
(3409, 'R2', 525, '2015-02-03', NULL, 'active'),
(3410, '83', 526, '2015-02-04', NULL, 'active'),
(3411, '90', 526, '2015-02-04', NULL, 'active'),
(3412, 'D1', 526, '2015-02-04', NULL, 'active'),
(3413, 'D2', 526, '2015-02-04', NULL, 'active'),
(3414, 'R3', 526, '2015-02-04', NULL, 'active'),
(3415, '22', 526, '2015-02-04', NULL, 'active'),
(3416, '27', 526, '2015-02-04', NULL, 'active'),
(3417, '30', 526, '2015-02-04', NULL, 'active'),
(3418, '48', 526, '2015-02-04', NULL, 'active'),
(3419, '93', 526, '2015-02-04', NULL, 'active'),
(3420, '68', 527, '2015-02-05', NULL, 'active'),
(3421, '83', 527, '2015-02-05', NULL, 'active'),
(3422, '85', 527, '2015-02-05', NULL, 'active'),
(3423, '90', 527, '2015-02-05', NULL, 'active'),
(3424, '94', 527, '2015-02-05', NULL, 'active'),
(3425, 'D1', 527, '2015-02-05', NULL, 'active'),
(3426, 'D2', 527, '2015-02-05', NULL, 'active'),
(3427, 'R3', 527, '2015-02-05', NULL, 'active'),
(3428, '27', 527, '2015-02-05', NULL, 'active'),
(3429, '63', 527, '2015-02-05', NULL, 'active'),
(3430, '82', 527, '2015-02-05', NULL, 'active'),
(3431, '87', 527, '2015-02-05', NULL, 'active'),
(3432, '92', 527, '2015-02-05', NULL, 'active'),
(3433, '95', 527, '2015-02-05', NULL, 'active'),
(3434, '40', 527, '2015-02-05', NULL, 'active'),
(3435, '72', 527, '2015-02-05', NULL, 'active'),
(3436, '89', 527, '2015-02-05', NULL, 'active'),
(3437, '27', 528, '2015-02-08', NULL, 'active'),
(3438, '83', 528, '2015-02-08', NULL, 'active'),
(3439, '85', 528, '2015-02-08', NULL, 'active'),
(3440, 'D1', 528, '2015-02-08', NULL, 'active'),
(3441, '77', 528, '2015-02-08', NULL, 'active'),
(3442, '90', 528, '2015-02-08', NULL, 'active'),
(3443, '63', 528, '2015-02-08', NULL, 'active'),
(3444, '75', 528, '2015-02-08', NULL, 'active'),
(3445, '22', 528, '2015-02-08', NULL, 'active'),
(3446, '89', 528, '2015-02-08', NULL, 'active'),
(3447, '30', 529, '2015-02-10', NULL, 'active'),
(3448, '29', 529, '2015-02-10', NULL, 'active'),
(3449, '72', 529, '2015-02-10', NULL, 'active'),
(3450, '87', 529, '2015-02-10', NULL, 'active'),
(3451, '42', 529, '2015-02-10', NULL, 'active'),
(3452, '85', 529, '2015-02-10', NULL, 'active'),
(3453, '83', 529, '2015-02-10', NULL, 'active'),
(3454, '94', 529, '2015-02-10', NULL, 'active'),
(3455, 'D1', 529, '2015-02-10', NULL, 'active'),
(3456, 'D2', 529, '2015-02-10', NULL, 'active'),
(3457, 'R2', 529, '2015-02-10', NULL, 'active'),
(3458, 'R3', 529, '2015-02-10', NULL, 'active'),
(3459, '45', 529, '2015-02-10', NULL, 'active'),
(3460, '22', 531, '2015-02-13', NULL, 'active'),
(3461, '38', 531, '2015-02-13', NULL, 'active'),
(3462, '68', 531, '2015-02-13', NULL, 'active'),
(3463, '75', 531, '2015-02-13', NULL, 'active'),
(3464, '77', 531, '2015-02-13', NULL, 'active'),
(3465, '85', 531, '2015-02-13', NULL, 'active'),
(3466, 'D1', 531, '2015-02-13', NULL, 'active'),
(3467, 'R2', 531, '2015-02-13', NULL, 'active'),
(3468, 'R3', 531, '2015-02-13', NULL, 'active'),
(3469, 'R1', 531, '2015-02-13', NULL, 'active'),
(3470, '27', 531, '2015-02-13', NULL, 'active'),
(3471, '72', 531, '2015-02-13', NULL, 'active'),
(3472, '48', 531, '2015-02-13', NULL, 'active'),
(3473, '22', 537, '2015-02-18', NULL, 'active'),
(3474, '27', 537, '2015-02-18', NULL, 'active'),
(3475, '55', 537, '2015-02-18', NULL, 'active'),
(3476, '88', 537, '2015-02-18', NULL, 'active'),
(3477, '89', 537, '2015-02-18', NULL, 'active'),
(3478, '90', 537, '2015-02-18', NULL, 'active'),
(3479, 'R3', 537, '2015-02-18', NULL, 'active'),
(3480, 'R1', 537, '2015-02-18', NULL, 'active'),
(3481, 'R2', 537, '2015-02-18', NULL, 'active'),
(3482, 'D1', 537, '2015-02-18', NULL, 'active'),
(3483, '38', 537, '2015-02-18', NULL, 'active'),
(3484, '70', 537, '2015-02-18', NULL, 'active'),
(3485, '68', 537, '2015-02-18', NULL, 'active'),
(3486, '77', 537, '2015-02-18', NULL, 'active'),
(3487, '18', 537, '2015-02-18', NULL, 'active'),
(3488, '35', 537, '2015-02-18', NULL, 'active'),
(3489, '62', 537, '2015-02-18', NULL, 'active'),
(3490, '85', 537, '2015-02-18', NULL, 'active'),
(3491, '92', 537, '2015-02-18', NULL, 'active'),
(3492, '72', 539, '2015-02-25', NULL, 'active'),
(3493, '75', 539, '2015-02-25', NULL, 'active'),
(3494, '90', 539, '2015-02-25', NULL, 'active'),
(3495, '92', 539, '2015-02-25', NULL, 'active'),
(3496, 'D1', 539, '2015-02-25', NULL, 'active'),
(3497, 'D2', 539, '2015-02-25', NULL, 'active'),
(3498, 'R1', 539, '2015-02-25', NULL, 'active'),
(3499, 'R2', 539, '2015-02-25', NULL, 'active'),
(3500, 'R3', 539, '2015-02-25', NULL, 'active'),
(3501, '48', 539, '2015-02-25', NULL, 'active'),
(3502, '22', 539, '2015-02-25', NULL, 'active'),
(3503, '80', 539, '2015-02-25', NULL, 'active'),
(3504, '85', 539, '2015-02-25', NULL, 'active');

-- --------------------------------------------------------

--
-- Table structure for table `fire_data`
--

DROP TABLE IF EXISTS `fire_data`;
CREATE TABLE IF NOT EXISTS `fire_data` (
  `id` bigint(10) NOT NULL AUTO_INCREMENT,
  `date_of_fire` date NOT NULL,
  `location` text NOT NULL,
  `classification` text NOT NULL,
  `caller` varchar(100) DEFAULT NULL,
  `contact_number` varchar(15) DEFAULT NULL,
  `time_received` varchar(10) NOT NULL,
  `time_controlled` varchar(10) NOT NULL,
  `unit` varchar(10) NOT NULL,
  `oic` int(11) NOT NULL,
  `water_used` float(11,1) NOT NULL,
  `dispatch` varchar(15) NOT NULL,
  `proceeding` text NOT NULL,
  `at_base` text NOT NULL,
  PRIMARY KEY (`id`),
  KEY `unit` (`unit`),
  KEY `date_of_fire` (`date_of_fire`)
) ENGINE=InnoDB  DEFAULT CHARSET=utf8 AUTO_INCREMENT=544 ;

--
-- Dumping data for table `fire_data`
--

INSERT INTO `fire_data` (`id`, `date_of_fire`, `location`, `classification`, `caller`, `contact_number`, `time_received`, `time_controlled`, `unit`, `oic`, `water_used`, `dispatch`, `proceeding`, `at_base`) VALUES
(28, '2017-05-23', 'CROWN REGENCY Basement 2', 'smoke alarm', 'OC', '160', '03:59 AM', '04:04 AM', '83', 94, 0.0, 'Yes', '', ''),
(29, '2017-05-22', 'AT THE BACK OF ALPINE ICE PLANT, OPAO MANDAUE', 'DAUB', 'JANET DAMAO', '3432124', '10:56 AM', '10:57 AM', 'DONNA', 0, 0.0, 'No', '', ''),
(30, '2017-05-21', 'MATUMBO PUSOK, LAPU-LAPU CITY', 'RESIDENTIAL, GENERAL ALARM', 'FRANZEL CODILLA', '', '03:15 AM', '04:28 AM', '92', 13, 49.0, 'Yes', '', ''),
(31, '2017-05-21', 'LABANGON NEAR DSWD', 'RESIDENTIAL, WORKING FIRE', 'OC', '160', '01:30 AM', '02:06 AM', '92', 13, 40.0, 'Yes', '', '43'),
(32, '2017-05-20', 'JAKOSALEM ST. NEAR SACRED HEART CHURCH', 'ELECTRICAL FIRE', 'DIRECT CALLER', '2533360', '08:18 AM', '08:29 AM', '86', 92, 0.0, 'Yes', '', ''),
(33, '2017-05-18', 'UPPER LINAO, MINGLANILLA', 'RESIDENTIAL', 'OC', '160', '06:56 PM', '07:19 PM', 'MICHELLE', 92, 0.0, 'No', '', ''),
(34, '2017-05-18', 'NEAR ALLIANCE OF TWO HEARTS, BANAWA', '1 SHOP, WORKING FIRE', 'OC', '160', '01:02 PM', '01:10 PM', 'MICHELLE', 55, 0.0, 'Yes', '', '22, 27'),
(35, '2017-05-18', 'AYALA PARK TOWER 1 CONDO BESIDE CHINA BANK', 'NON-WORKING FIRE', 'OC', '160', '06:58 AM', '07:01 AM', '90', 0, 0.0, 'No', '', ''),
(36, '2017-05-15', 'GOLDEN VALLEY, LAHUG', '2 STOREY / RESIDENTIAL', 'OC', '160', '09:03 PM', '09:21 PM', 'MICHELLE', 94, 0.0, 'Yes', '', '22, 63, 80, 88, 92'),
(37, '2017-05-15', 'SITIO UPPER PAILUB, URGELLO CEBU CITY', '3 STOREY / RESIDENTIAL', 'OC', '160', '11:54 PM', '12:25 PM', '45', 75, 16.0, 'Yes', '', '22'),
(38, '2017-05-10', 'MAGUIKAY, MANDAUE INFRONT OF NISSAN CORP.', 'DAUB', 'OC', '160', '02:56 PM', '03:02 PM', 'MICHELLE', 0, 0.0, 'No', '', ''),
(39, '2017-05-10', 'BUHISAN CEBU CITY', 'NON-WORKING FIRE', 'OC', '160', '04:14 AM', '04:35 AM', '95', 88, 0.0, 'No', '', '90, 83'),
(40, '2017-05-04', 'BLESSED BRGY. IBABAO RD. CORDOVA, LAPU-LAPU CITY', 'RESIDENTIAL', '75', '', '05:46 PM', '06:11 PM', 'MICHELLE', 86, 0.0, 'Yes', '', '18, 27, 62, 77'),
(41, '2017-05-03', 'KASAMBAGAN RD., CATARMAN, CORDOVA', 'RESIDENTIAL / TASK FORCE ALFA', 'ISMIRALDA / 75', '09235171641', '05:32 PM', '06:37 PM', 'MICHELLE', 90, 0.0, 'Yes', '', '22, 83, 86, 88'),
(42, '2017-05-03', 'PERPETUAL VALLEY SUBD., KATIPUNAN LABANGON', '3 STOREY / RESIDENTIAL & 1 LIGHT MATERIAL HOUSE', 'HINONGON', '09176338583', '09:21 AM', '09:39 AM', 'DONNA', 75, 0.0, 'Yes', '', '38'),
(43, '2017-05-02', 'LAWAAN 3, TALISAY CITY INFRONT OF WILCON DEPOT', 'RESIDENTIAL', 'JORGE', '09434428448', '07:17 PM', '07:42 PM', 'MICHELLE', 86, 0.0, 'Yes', '96 AT BASE', '09, 22, 56, 87, 88, 94'),
(44, '2017-05-02', 'BRGY. KINALUMSAN, SITIO. KANHURAW, LAPU-LAPU CITY', 'RESIDENTIAL / WORKING FIRE', '93', '', '02:20 PM', '02:47 PM', 'MICHELLE', 86, 0.0, 'Yes', '', ''),
(45, '2017-05-01', 'ESPINA COMPOUND INFRONT ESPINA VILLAGE, B. RODRIQUEZ', 'GARBAGE FIRE', 'RODA TANHAY', '09083061211', '07:13 PM', '07:28 PM', 'DONNA', 94, 0.0, 'Yes', '', ''),
(46, '2017-05-01', 'BASAK, LAPU-LAPU CITY, BACK OF BROOKSHIELD VILLAGE', 'RESIDENTIAL / LIGHT MATERIALS', 'OC', '160', '10:28 AM', '11:05 AM', 'DONNA', 45, 26.0, 'Yes', '', ''),
(47, '2017-05-01', 'BONIFACIO ST., CEBU CITY', 'NON-WORKING FIRE', 'OC', '160', '02:23 AM', '02:27 AM', '84', 91, 0.0, 'No', '', '30, 45, 83, 84, 91, D2'),
(48, '2017-04-25', 'MABOLO CEBU CITY', 'NON-WORKING FIRE', 'OC', '160', '03:55 PM', '04:02 PM', 'MICHELLE', 0, 0.0, 'No', '', ''),
(49, '2017-04-21', 'INFRONT MARIA LINA CATERING, PUNTA PRINCESA', 'NON-WORKING FIRE', 'OC', '160', '09:59 AM', '10:05 AM', 'DONNA', 0, 0.0, 'No', '', '83, 86, 94'),
(50, '2017-04-20', 'GOLDEN PEAK HOTEL', 'ELECTRICAL FIRE', 'OC', '160', '08:30 PM', '08:41 PM', 'MICHELLE', 0, 0.0, 'No', 'FS: 95', '09, 30, 13, 18, 22, 90, 94; @ FS: 43, 72, 75, 96'),
(51, '2017-04-20', 'PULPUGAN, CONSOLACION', 'LIGHT MATERIALS', 'RACHELLE BIHAG', '09177929754', '03:48 PM', '04:19 PM', 'MICHELLE', 13, 0.0, 'Yes', 'FS: 72', '22, 43, 87, 94'),
(52, '2017-05-20', 'UMAPAD MANDAUE CITY', 'LANDFILL', '22', '', '04:19 PM', '04:24 PM', 'MICHELLE', 0, 0.0, 'No', '', ''),
(53, '2017-04-20', 'BULACAO, PARDO', '3RD ALARM', 'OC', '160', '05:57 AM', '06:23 AM', '83', 93, 26.0, 'Yes', '', '90, 92, 94'),
(54, '2017-04-19', 'BRGY. INAYAWAN', 'RESIDENTIAL / NON- WORKING FIRE', 'OC', '160', '04:19 PM', '04:28 PM', 'MICHELLE', 0, 0.0, 'No', '', '09, 91'),
(55, '2017-04-17', '4TH ST., HAPPY VALLEY, UPPER TUDINA ENGLIS, V.RAMA', 'POST FIRE', 'OC', '160', '02:09 AM', '02:22 AM', '91', 0, 0.0, 'No', '', ''),
(56, '2017-04-16', 'GREEN VILLAGE, GUADALUPE', 'WORKING FIRE', 'OC', '160', '12:30 AM', '12:54 AM', '83', 84, 26.0, 'Yes', '', '90'),
(57, '2017-04-15', 'TABOK, MANDAUE NEAR TOYOTA MANDAUE', 'WORKING FIRE / 2ND ALARM', 'OC MANDAUE', '4173513', '11:06 PM', '11:16 PM', '84', 0, 0.0, 'No', '', ''),
(58, '2017-04-15', 'SITIO KADULLAY, TISA', 'RESIDENTIAL / WORKING FIRE', 'OC', '160', '10:04 PM', '10:20 PM', '83', 93, 0.0, 'Yes', '', '22, 30, 84, 91'),
(59, '2017-04-14', 'LOWER JAPPER, QUIOT PARDO', 'WORKING FIRE', 'OC', '160', '02:18 AM', '02:26 AM', '83', 13, 0.0, 'Yes', '09, 63, D1 AT BASE', ''),
(60, '2017-04-11', 'T. PADILLA INFRONT OF JULIES BAKESHOP', 'SMOKE ALARM', 'OC', '160', '10:22 AM', '10:30 AM', 'DONNA', 0, 0.0, 'No', '', ''),
(61, '2017-04-10', 'SITIO SHANGRILA 2, BRGY. LABANGON CEBU CITY', 'LIGHT MATERIALS / 2 STOREY HOUSES', '09', '', '12:33 PM', '01:17 PM', 'MICHELLE', 48, 24.0, 'Yes', '95 AT BASE', '87, 91'),
(62, '2017-04-09', 'V.RAMA CORNER B. RODRIQUEZ CEBU CITY', 'RUBBISH FIRE', 'UNCLE OF X VOL.', '5141244', '03:45 PM', '03:48 PM', 'MICHELLE', 0, 0.0, 'No', '', ''),
(63, '2017-04-05', 'DULJO FATIMA, CEBU CITY', '2 STOREY', '27', '', '08:30 PM', '08:45 PM', 'MICHELLE', 90, 0.0, 'Yes', '22 AT BASE; 09, 50 AT FS', '72, 82, 88, 95'),
(64, '2017-04-05', 'TABOK MANDAUE CITY', 'NON-WORKING FIRE / 1 APARTMENT', '75', '', '01:10 PM', '01:15 PM', 'MICHELLE', 0, 0.0, 'No', '', ''),
(65, '2017-04-04', 'ALASKA MAMBALING, YBAEZ CMPD.', 'NON-WORKING FIRE', 'OC', '160', '03:50 PM', '04:07 PM', 'DONNA', 30, 0.0, 'No', '', '30, 77, 80, 87, 91, D1, D2, R1, R2, R3, FS; 75'),
(66, '2017-04-04', 'NEAR FOODA GUADALUPE CITY', 'RESIDENTIAL', 'FLOR', '2600956', '01:01 PM', '01:14 PM', 'DONNA', 91, 16.0, 'Yes', '22 AT BASE; 72 AT FS', '09, 90'),
(67, '2017-04-03', 'CALAMBA CEMETERY, V. RAMA AVE. CEBU CITY', 'LIGHT MATERIALS', 'LUAN KABATINGAN', '2543346', '07:47 PM', '07:58 PM', 'MICHELLE', 86, 0.0, 'Yes', '63 AT BASE; 72 AT FS', '27, 80'),
(68, '2017-04-02', 'OSAKA ST. PARDO ', 'NON-WORKING FIRE', 'OC', '', '01:14 PM', '01:23 PM', 'MICHELLE', 0, 0.0, 'No', '27, 90, 95 AT BASE', '92  AT FS; 63, 72, 75'),
(69, '2017-04-01', 'SUNBURST LEGAZPI ST. CEBU CITY', 'NON-WORKING FIRE', 'OC', '160', '07:07 PM', '07:24 PM', '84', 0, 0.0, 'No', '92 AT BASE', ''),
(70, '2017-03-31', 'PONCE 1 BACK OF LUDO CEMETERY, INFRONT OF QUEENSLAND', 'NON-WORKING FIRE', 'OC', '160', '05:48 PM', '05:50 PM', 'MICHELLE', 0, 0.0, 'No', '', '91'),
(71, '2017-03-30', 'METAVILLE, TALAMBAN', 'NON-WORKING FIRE / DUST COLLECTOR', 'OC', '160', '03:29 PM', '03:36 PM', 'MICHELLE', 0, 0.0, 'No', '', ''),
(72, '2017-03-28', 'LABOGON MANDAUE CITY', 'NON-WORKING FIRE', '75', '', '03:30 PM', '03:40 PM', 'MICHELLE', 0, 0.0, 'No', '', ''),
(73, '2017-03-27', 'NIVEL HILLS, LAHUG NEAR OLD CASINO', '1 APARTMENT / RESIDENTIAL', 'WILKIN JOHN TABUNITA', '4203719', '10:28 AM', '10:42 AM', 'DONNA', 0, 0.0, 'No', '', ''),
(74, '2017-03-26', 'TANGKE, TALISAY CITY', 'LIGHT MATERIALS / RESIDENTIAL', 'ZENAYDA ACOSTA', '2735484', '02:17 PM', '03:01 PM', 'DONNA', 38, 27.0, 'Yes', '75 AT FS', '89'),
(75, '2017-03-26', 'NEAR CIS,PIT-OS, TALAMBAN', 'DAOB', 'OC', '160', '12:52 PM', '12:58 PM', 'DONNA', 0, 0.0, 'No', '', ''),
(76, '2017-03-24', 'BACK OF COUNTRY MALL, APAS CEBU CITY', 'NON-WORKING FIRE', 'OC', '160', '03:48 AM', '03:55 AM', '83', 94, 0.0, 'No', '', ''),
(77, '2017-03-23', 'LABUGON, MANDAUE CITY', 'DAUB', '75 ', '', '11:51 AM', '12:01 PM', 'DONNA', 0, 0.0, 'No', '', ''),
(78, '2017-03-22', 'BACARAYAN APART., NEAR DON BOSCO BUHISAN RD.', 'WORKING FIRE', 'OC', '160', '06:50 AM', '07:23 AM', '94', 90, 0.0, 'Yes', '', '09, 22, 30, 50, 83, 84, 92, 96'),
(79, '2017-03-20', 'BRGY. TISA, FILTER PLANT MCWD', 'NON-WORKING FIRE / ELECTRICAL FIRE', 'OC', '160', '01:15 PM', '01:22 PM', 'MICHELLE', 0, 0.0, 'No', '', ''),
(80, '2017-03-19', 'CHINA BANK, BANILAD MANDAUE', 'NON-WORKING FIRE', 'OC', '160', '03:14 PM', '03:20 PM', 'DONNA', 0, 0.0, 'No', '', ''),
(81, '2017-03-17', 'SOUTH PLAIN CORNER GUADALUPE', 'GRASSFIRE', 'OC', '160', '06:33 PM', '06:44 PM', 'MICHELLE', 0, 0.0, 'No', '', '56'),
(82, '2017-03-17', 'MINGLANILLA, POBLACION WARD II, NEAR PRINCE WAREHOUSE', 'NON-WORKING FIRE / LETCHON MANOK GRILLER', 'OC', '160', '12:29 PM', '12:40 PM', 'MICHELLE', 0, 0.0, 'No', '', '94'),
(83, '2017-03-13', 'DENR OLD BLDG., BANILAD', '2 STOREY BLDG. / LIGHT MATERIALS (BUILT)', '09', '', '03:36 AM', '04:05 AM', '45', 83, 24.0, 'Yes', '', ''),
(84, '2017-03-12', 'CONSOLACION LOWER CASILI, STO. NIO 2', 'RESIDENTIAL', 'GENEVIEVE SANYO', '4150091', '12:12 PM', '12:37 PM', 'DONNA', 0, 0.0, 'No', '', '90, 92'),
(85, '2017-03-11', 'SAMBAG 2, V. RAMA', 'NON-WORKING FIRE / SHELLANE', 'OC', '160', '02:08 PM', '02:12 PM', 'MICHELLE', 0, 0.0, 'No', '', ''),
(86, '2017-03-07', 'BRGY. HALL CARRETA', 'RESIDENTIAL / NON WORKING FIRE', 'OC', '160', '02:04 PM', '02:14 PM', 'MICHELLE', 0, 0.0, 'No', '', '09, 48, 30, 43'),
(87, '2017-03-04', 'NASIPIT, TALAMBAN', 'BAMBOO FIRE', 'OC', '160', '01:05 PM', '01:13 PM', 'MICHELLE', 0, 0.0, 'No', '', ''),
(88, '2016-11-01', 'BODEGA BETWEEN WHITE GOLD AND TRAVELLER''S INN', 'SMOKE ALARM', 'OC', '160', '04:05 AM', '04:59 AM', '97', 90, 0.0, 'Yes', '', '27, 98'),
(89, '2016-11-01', 'SITIO LOWER SAN ROQUE, BULACAO', '-', 'OC', '160', '09:30 PM', '09:35 PM', '88', 0, 0.0, 'No', '', ''),
(90, '2016-11-04', 'ACACIA PLACE, SALVADOR EXT.', 'RESIDENTIAL', 'OC', '160', '02:57 AM', '03:17 AM', '98', 83, 0.0, 'Yes', '', '22, 88'),
(91, '2016-11-04', 'SITIO PANGUTANA, LAHUG (NEAR CAMP LAPU2X)', 'WORKING FIRE, LIGHT MATERIALS', 'OC', '160', '10:33 PM', '10:50 PM', '45', 9, 10.0, 'Yes', '', ''),
(92, '2016-11-05', 'SUNRISE VILLAGE, PARDO', 'RESIDENTIAL', 'THRU RDO 75', '', '11:40 AM', '12:11 PM', 'DONNA', 75, 0.0, 'Yes', '', '09, 22, 72, 87, 89, 90, 94, 98'),
(93, '2016-11-06', 'PIT-OS', 'RESIDENTIAL', 'OC', '160', '08:00 AM', '08:15 AM', '98', 90, 0.0, 'No', '', ''),
(94, '2016-11-07', 'INAYAWAN, PARDO', '1 HOUSE ONLY', 'OC', '160', '05:05 PM', '05:10 PM', '94', 90, 0.0, 'No', '', ''),
(95, '2016-11-10', 'EL FILIBUSTERISMO, ERMITA', 'WORKING FIRE', 'DIRECT CALLER', '', '12:10 AM', '12:20 AM', '97', 90, 0.0, 'Yes', '63', '22, 98'),
(96, '2016-11-10', 'HERNAN CORTES, MANDAUE CITY', 'RESIDENTIAL /  1 HOUSE INVOLVED', 'THRU RDO 27', '', '09:13 AM', '09:18 AM', 'DONNA', 94, 0.0, 'Yes', '40, 75, 09', ''),
(97, '2016-11-11', 'SM SEASIDE, IN FRONT PEDRO CALUNGSOD CHAPEL', 'BUNK HOUSE', 'OC', '', '04:05 PM', '04:17 PM', 'DONNA', 0, 0.0, 'No', '', ''),
(98, '2016-11-15', 'KALUNASAN, OPRA', 'RESIDENTIAL /  1 HOUSE INVOLVED', 'FELIX', '5139132', '12:30 PM', '12:45 PM', 'DONNA', 94, 0.0, 'Yes', '72, 75, 27', '90, 62'),
(99, '2016-11-21', 'SAWANG - FISH PORT, PASIL', 'GENERAL ALARM / RESIDENTIAL', 'OC', '160', '11:27 AM', '12:04 PM', 'DONNA', 48, 23.5, 'Yes', '82, 42', '09'),
(100, '2017-03-03', 'HOUSING CANDUMAN, MANDAUE CITY', 'RESIDENTIAL', 'JENNIFER ALFAR', '', '09:28 AM', '09:54 AM', 'DONNA', 77, 16.0, 'Yes', '75, 97 AT FS', '98'),
(101, '2017-03-02', 'VILLA VILL SUBD. LABANGON', 'SMOKE ALARM / APARTMENT ', 'OC', '160', '02:00 PM', '02:12 PM', 'MICHELLE', 0, 0.0, 'No', '', ''),
(102, '2017-03-02', 'BELGIUM ST., SAN NICOLAS CEBU CITY', 'NON-WORKING FIRE', 'OC', '160', '08:25 AM', '08:27 AM', 'DONNA', 0, 0.0, 'No', '', ''),
(103, '2017-03-01', 'A. LOPEZ ST., LABANGON', 'NON-WORKING FIRE', 'OC', '160', '10:00 AM', '10:05 AM', 'DONNA', 72, 0.0, 'Yes', '', ''),
(104, '2017-02-25', 'ACT INFRONT EMALL', 'NON-WORKING FIRE', 'OC', '160', '12:24 PM', '12:35 PM', 'MICHELLE', 0, 0.0, 'No', '', ''),
(105, '2017-02-23', 'ALCANTARA PRIVATE, SAMBAG I (SAN CARLOS GIRLS HIGH)', '1 APARTMENT ', 'ALEXANDER', '', '02:28 PM', '03:00 PM', 'MICHELLE', 48, 16.0, 'Yes', '09, 22 AT BASE', '18, 30, 62, 77, 87'),
(106, '2017-02-21', 'NICHOL''S HEIGHT, GUADALUPE CEBU CITY', 'RESIDENTIAL / WORKING FIRE', 'CELIA MODENAD', '2385237', '12:03 PM', '12:17 PM', 'DONNA & 45', 94, 11.5, 'Yes', '62 AT BASE', '09'),
(107, '2017-02-20', 'SISON TAGUNOL, PARDO FRONT WTG', 'RESIDENTIAL / WORKING FIRE', 'OC', '160', '07:53 PM', '08:13 PM', 'MICHELLE', 30, 0.0, 'Yes', '', '22, 95, 96, 55, 45, 86'),
(108, '2017-02-20', 'TISA LABANGON, SITIO SANTO ROSARIO BANAWA', 'WORKING FIRE / 3RD ALARM', 'OC', '160', '12:37 AM', '02:40 AM', '86', 45, 58.0, 'Yes', '', ''),
(109, '2017-01-15', 'HIGHWAY CORTES, MANDAUE', 'DAUB', 'JELY BARIDA', '5170756', '05:23 PM', '05:31 PM', 'MICHELLE', 0, 0.0, 'No', '', '90, 97'),
(110, '2017-01-13', 'BABAG 2 LAPU-LAPU CITY, PUROK BEAUTY IN THE SKY', 'RESIDENTIAL', 'OC', '160', '08:19 PM', '08:24 PM', 'MICHELLE', 0, 0.0, 'No', '', '30, 83, 84, 94'),
(111, '2017-02-13', 'GREEN FIELDS SUBD. MANDAUE HERNAN CORTES', 'RESIDENTIAL', 'OC', '160', '03:59 PM', '04:13 PM', 'MICHELLE', 0, 0.0, 'No', '22, 95, 97, 98 AT BASE; 40, 72, 75 AT FS', '86'),
(112, '2017-02-11', 'SITIO MORAN, HILLSVIEW VILLAGE, TISA LABANGON', 'WORKING FIRE', 'OC', '160', '02:42 AM', '03:01 AM', '94', 92, 0.0, 'Yes', '', ''),
(113, '2017-02-10', 'UMAPAD MANDAUE CITY', 'RUBBISH FIRE', 'OC', '160', '10:00 AM', '10:10 AM', 'DONNA', 0, 0.0, 'No', '', '91'),
(114, '2017-02-07', 'CITY TIMES SQUARE, MANDAUE CITY', 'NON-WORKING FIRE / KONCHING KITCHEN', 'D1', '', '05:40 PM', '05:45 PM', 'MICHELLE', 0, 0.0, 'No', '', ''),
(115, '2017-02-08', 'SUSANA CMPD., BANAWA', 'RESIDENTIAL / NON WORKING FIRE', 'OC', '160', '08:28 PM', '08:34 PM', 'MICHELLE', 0, 0.0, 'No', '', ''),
(116, '2017-05-05', 'A. LOPEZ ST., LABANGON', 'NON-WORKING FIRE', 'OC', '160', '04:48 PM', '04:53 PM', 'DONNA', 0, 0.0, 'No', '', ''),
(117, '2017-02-04', 'DULJO FATIMA, CEBU CITY', 'NON-WORKING FIRE', 'OC', '160', '07:28 PM', '07:31 PM', 'MICHELLE', 0, 0.0, 'No', '', ''),
(118, '2017-02-02', 'CARRIETA VILLAGE, BRGY. PUNTA PRINCESA BUHISAN RD.', 'RESIDENTIAL ', 'OC', '160', '07:16 PM', '07:20 PM', 'MICHELLE', 0, 0.0, 'No', '', ''),
(119, '2017-01-31', 'FATIMA C. PADILLA FRONT OF SALAZAR', 'BUILDING ', 'OC', '160', '06:05 PM', '06:13 PM', 'MCHELLE', 0, 0.0, 'No', '', ''),
(120, '2017-01-30', 'GONZALES CMPD., KAMPUTHAW CEBU CITY', 'RESIDENTIAL', 'OC', '160', '10:55 PM', '11:15 PM', '97', 83, 40.0, 'Yes', '30, 84, 91 AT BASE', ''),
(121, '2017-01-30', 'TANKE TALISAY', 'NON-WORKING FIRE', 'OC', '160', '06:24 PM', '06:31 PM', 'MICHELLE', 0, 0.0, 'No', '', ''),
(122, '2017-01-30', 'KAMAGONG ST., PARKLANE AREA, LAPU-LAPU', '2 STOREY', 'OC', '160', '02:54 PM', '03:00 PM', 'MICHELLE', 0, 0.0, 'No', '', ''),
(123, '2017-01-28', 'F. GONZALES, CARBON', 'SMOKE ALARM / RUBBISH FIRE', 'OC', '160', '02:54 PM', '02:57 PM', 'MICHELLE', 0, 0.0, 'No', '', ''),
(124, '2017-01-27', 'ESKINA HOUSING CANDUMAN, MANDAUE CITY', 'JUNKSHOP', 'DAISYREY', '2349999', '02:25 PM', '02:44 PM', 'MICHELLE', 94, 0.0, 'Yes', '72 AT FS', '22, 27, 30, 62, 75'),
(125, '2017-01-26', 'SITIO BLACKPOT, DULJO FATIMA CEBU CITY', 'NON-WORKING FIRE', 'OC', '160', '07:12 PM', '07:13 PM', 'MICHELLE', 0, 0.0, 'No', '', ''),
(126, '2017-01-25', 'PIER 1', 'TIRE OF TUGBOAT', 'OC', '160', '05:40 PM', '05:44 PM', 'MICHELLE', 0, 0.0, 'No', '', '83, 92, 94'),
(127, '2017-01-25', 'KPE FOODLAND, BANILAD', 'AIRCON ', 'JOJO YAP', '5137700', '02:24 PM', '02:33 PM', 'MICHELLE', 0, 0.0, 'No', '', '94'),
(128, '2017-01-17', 'BRGY. KALUNASAN CEBU CITY', 'I HOUSE', 'OC', '160', '08:45 AM', '09:01 AM', 'DONNA', 0, 0.0, 'No', '', ''),
(129, '2017-01-16', 'INFRONT OF SAN NICOLAS SCHOOL, CARLOCK', 'WORKING FIRE', 'OC', '160', '09:05 PM', '09:15 PM', 'MICHELLE', 0, 0.0, 'No', '80 AT BASE', '83, 86, 90, 92, '),
(130, '2017-01-15', 'MABOLO CEBU CITY', 'NON-WORKING FIRE', 'OC', '160', '10:59 AM', '11:05 AM', 'MICHELLE', 0, 0.0, 'No', '', ''),
(131, '2017-01-08', 'S. CABAHUG CORNER ST. SENO, MABOLO', '1 HOUSE', 'OC', '160', '04:39 PM', '04:45 PM', 'DONNA', 0, 0.0, 'No', '', ''),
(132, '2017-01-06', 'CALAMBA V. RAMA', 'SMOKE ALARM', 'OC', '160', '09:32 PM', '09:40 PM', 'DONNA', 0, 0.0, 'No', '', ''),
(133, '2017-01-06', 'JUANA OSMEA ST., EXTN. AVILA CMPD.', 'NON-WORKING FIRE', 'OC', '160', '04:52 PM', '04:57 PM', 'DONNA', 0, 0.0, 'No', '', ''),
(134, '2017-01-06', 'PASEO SAN RAMON, BANAWA', 'DAUB', '75', '', '03:09 PM', '03:13 PM', 'DONNA', 0, 0.0, 'No', '75 AT FS', ''),
(135, '2017-01-04', 'KOBAKO PACIFIC MALL, MANDAUE CITY', 'NON-WORKING FIRE', '09', '', '02:53 AM', '02:56 AM', 'R1', 0, 0.0, 'No', '', ''),
(136, '2017-01-01', 'GUIZO MANDAUE CITY', 'GENERAL ALARM ', 'DIRECT CALLER', '', '12:45 AM', '02:02 AM', '86', 9, 60.0, 'Yes', '', ''),
(137, '2017-01-01', 'KOBAKO PACIFIC MALL, MANDAUE CITY', 'NON-WORKING FIRE', '09', '', '02:53 AM', '02:56 AM', 'R1', 0, 0.0, 'No', '', ''),
(138, '2017-01-01', 'LOOC MANDAUE CITY', 'WORKING FIRE', 'DIRECT CALLER', '', '12:45 AM', '02:20 AM', 'R1', 9, 2.0, 'Yes', '', ''),
(139, '2017-05-25', 'SAMBAG 1 ', 'NON-WORKING FIRE', 'OC', '160', '07:36 PM', '07:41 PM', '42', 0, 0.0, 'No', '', ''),
(140, '2017-05-31', 'TISA HILLS, TISA', 'NON-WORKING FIRE / STOCK FILE, WOOD', 'OC', '160', '03:56 PM', '04:00 PM', 'DONNA', 0, 0.0, 'No', '', ''),
(141, '2017-06-01', 'TRES BORCES, MABOLO', 'WORKING FIRE', 'OC', '160', '12:20 AM', '12:24 AM', '92', 90, 0.0, 'No', '', '72, 88, 90, 92, 94, D2, '),
(142, '2017-06-01', 'HOLY FAMILY ROAD, BUSAY', 'WORKING FIRE / 1 HOUSE', 'OC', '160', '11:08 PM', '11:21 PM', '83', 89, 0.0, 'Yes', '', ' '),
(143, '2017-06-01', 'PARKLANE', 'SMOKE ALARM / FIREDRILL', 'OC', '160', '12:20 AM', '12:24 AM', 'MICHELLE', 0, 0.0, 'No', '', ''),
(144, '2017-06-02', 'BASAK, LAPU-LAPU CITY', 'RESIDENTIAL', 'KRIS AQUINO', '09223260720', '10:35 AM', '11:09 AM', 'DONNA', 40, 14.0, 'Yes', '', '18, 22'),
(145, '2017-06-02', 'ROSALINA VILLAGE BANAWA', '2 STOREY COMMERCIAL BUILDING', '86', '09323513310', '06:17 PM', '06:50 PM', 'MICHELLE', 55, 0.0, 'Yes', 'FS: 72', '22, 27'),
(146, '2017-06-05', 'PAKNAAN, MANDAUE (BESIDE SUN PRIDE)', 'RESIDENTIAL / LIGHT MATERIALS/ WORKING FIRE', 'BERNADETTE ABANALI', '09173049329', '10:16 AM', '10:56 AM', 'DONNA', 43, 3.0, 'Yes', '', ''),
(147, '2017-06-05', 'DON GIL GARCIA ST., CAPITOL SITE, CEBU CITY', 'COMMERCIAL BLDG./ 2ND FLOOR', 'JULIE', '', '05:24 PM', '05:34 PM', 'DONNA', 75, 0.0, 'Yes', 'FS; 29, BRAVO; 43, 63', '27, 80'),
(148, '2017-06-05', 'REKINDLE @ DON GIL GARCIA ST., CAPITOL SITE, CC', '2 STOREY/BUILDING', 'OC', '160', '06:35 PM', '06:43 PM', 'MICHELLE', 90, 0.0, 'Yes', '', ''),
(149, '2017-06-05', 'TOPA2X, GARFIELD', 'NON-WORKING FIRE', 'OC', '160', '10:45 PM', '10:49 PM', '92', 0, 0.0, 'No', '', ''),
(150, '2017-06-12', 'SITIO MALIBO, WIRELESS SUBANGDAKO MANDAUE CITY', '3RD ALARM/ RESIDENTIAL', 'DIRECT CALLER', '', '04:23 AM', '05:34 AM', '94', 45, 36.0, 'Yes', '', ''),
(151, '2017-06-12', 'C.PADILLA', '2 STOREY/ APARTMENT', 'OC', '160', '05:58 AM', '06:09 AM', '94', 45, 0.0, 'Yes', '', ''),
(152, '2017-06-15', 'SITIO ITOM YUTA, BRGY. LOREGA SAN MIGUEL CEBU CITY', 'NON-WORKING FIRE', 'OC', '160', '12:20 PM', '12:24 PM', 'MICHELLE', 0, 0.0, 'No', '', '09'),
(153, '2016-04-24', 'Pacific Heights, Phase 2 Vista Grande, Talisay', 'Grass fire', 'Rosel Tecson', '', '02:30 PM', '04:05 PM', '83', 92, 0.0, 'Yes', '', ''),
(154, '2016-04-26', 'Spianada Condominium, Sepuiveda St.', 'Electrical Fire (Aircon)', 'OC', '160', '06:15 AM', '06:29 AM', '45', 85, 0.0, 'Yes', '', '83, 86, 43, R1'),
(155, '2016-04-28', 'Wetland, Barangay Tagunol Pardo', 'Working Fire/ Light Materials', 'OC', '160', '02:30 AM', '02:46 AM', '45', 86, 0.0, 'Yes', '72, 63', '22'),
(156, '2016-04-28', 'English V. Rama', 'Laundry Shop', 'OC', '160', '06:49 PM', '07:00 PM', 'donna', 48, 0.0, 'Yes', '', ''),
(157, '2016-04-29', 'Bacayan, Talamban', 'Electrical Fire', 'Malou reguina', '4145277', '12:10 PM', '12:17 PM', 'Mayette', 0, 0.0, 'No', '', ''),
(158, '2016-04-29', 'Tingub, Mandaue', 'Electrical Fire', '75', '', '03:59 PM', '04:09 PM', 'Mayette', 75, 0.0, 'No', '', ''),
(159, '2016-04-30', 'Sto. Nino Village Banilad', 'Grass Fire', 'OC', '', '02:26 PM', '02:27 PM', 'Mayette', 0, 0.0, 'No', '', ''),
(160, '2016-04-30', 'Inayawan near Arbee''s (duol sa Market)', 'Prank Call ', '2687983', '2687983', '11:19 PM', '11:19 PM', '91', 93, 0.0, 'No', '', ''),
(161, '2015-04-09', 'N. Bacalso, Atbang Shell near Dr. Uy''s Clinic', 'Working Fire', 'Ritchie Lauron', '2611122', '04:28 PM', '04:40 PM', 'donna', 77, 0.0, 'Yes', '', '48, 35, 80'),
(162, '2015-04-10', 'COGON, CORDOVA', 'WORKING FIRE, RESIDENTIAL', '75', '', '06:22 PM', '07:02 PM', 'MELISSA', 85, 14.0, 'Yes', '40', '09'),
(163, '2015-04-11', 'MYLOX FACTORY, HOLY FAMILY MAGUIKAY MANDAUE', 'GAS LEAK', '75', '', '10:35 PM', '10:35 PM', '45', 85, 0.0, 'Yes', '', '63, 89, 93, 95'),
(164, '2015-04-18', 'IPATA ST. NEAR UPPERTORY PARDO', 'WORKING FIRE', 'OC', '160', '09:17 AM', '09:28 AM', 'DONNA', 45, 0.0, 'Yes', '75', '93'),
(165, '2015-04-20', 'BRGY. ERMITA', 'WORKING FIRE', 'OC', '160', '07:49 AM', '07:55 AM', 'DONNA', 45, 0.0, 'Yes', '95', '90, 80, 92'),
(166, '2015-04-24', 'PARDO, INAYAWAN LANDFILL', 'GARBAGE FIRE', 'OC', '160', '07:28 AM', '01:40 PM', 'MELISSA', 0, 14.0, 'Yes', '', ''),
(167, '2015-04-24', 'PARDO, INAYAWAN LANDFILL (AFTERNOON)', 'GARBAGE FIRE', '48', '', '02:19 AM', '04:04 AM', 'MELISSA', 0, 14.0, 'Yes', '', ''),
(168, '2015-04-24', 'B. ARANAS TRES DE ABRIL TABOAN, NEAR ATLANTIC HARDWARE', 'SMOKE ALARM', 'OC', '160', '04:10 PM', '04:18 PM', 'MELISSA', 43, 0.0, 'No', '', '43, 56, 80, 85'),
(169, '2015-04-25', 'UNAHAN SM CONSOLACION (JUNK SHOP)', 'TASK FORCE ALPHA BY O.C.', 'OC', '', '07:00 AM', '07:25 AM', '45', 88, 26.0, 'Yes', '09', '48'),
(170, '2015-04-29', 'MARIA TERESSA VILLAGE 2, GUADALUPE', 'GRASS FIRE', 'JUN TAN', '4168803', '04:18 PM', '04:18 PM', 'DONNA', 85, 0.0, 'No', '', ''),
(171, '2015-04-29', 'BRGY. POLPOGAN CONSOLACION', 'WOKRING FIRE', 'LOLITA PELICANO', '09202026556', '04:44 PM', '05:15 PM', 'MELISSA', 85, 0.0, 'No', '13', '85, 90, 92'),
(172, '2015-05-01', 'SAMBAG I, NEAR GDC BLDG.', 'SMOKE ALARM', 'GLAZE OROT', '2553255', '10:35 PM', '10:42 PM', '94', 88, 0.0, 'No', '', '95'),
(173, '2015-05-06', 'SALINAS DRIVE LAHUG (BODEGA CEBU BAZAAR)', 'WOKRING FIRE', '22', '', '03:57 PM', '05:54 PM', 'MELISSA', 48, 74.0, 'Yes', '', ''),
(174, '2015-05-09', 'COGON, PARDO', 'RESIDENTIAL, LIGHT MATERIALS', 'OC', '160', '06:10 PM', '06:31 PM', '94', 45, 10.0, 'Yes', '22', '09, 55'),
(175, '2015-05-09', 'BUAYA, LAPU-LAPU CITY', 'WORKING FIRE', 'OC', '', '01:26 PM', '01:37 PM', 'MELISSA', 85, 0.0, 'Yes', '72, 75', '90, 95'),
(176, '2015-05-10', 'PIT-OS, NEAR BRGY. HALL', 'WORKING FIRE (2 SARI-SARI STORE, 1 HOUSE)', 'OC', '', '05:31 AM', '06:09 AM', '91', 92, 0.0, 'No', '', '92'),
(177, '2015-05-11', 'BANGKAL ROAD, LAPU-LAPU CITY', 'RESIDENTIAL', 'DOUGLAS VEREDO', '5166170', '09:40 AM', '09:54 AM', 'DONNA', 85, 0.0, 'No', '', ''),
(178, '2015-05-12', 'LA ALDIA SUBD. BABAG 2 LAPU-LAPU CITY', 'GRASS FIRE', 'ANAFE PADEN', '2368313', '11:53 AM', '12:00 PM', 'DONNA', 83, 0.0, 'No', '', '86'),
(179, '2015-05-13', 'LAGUERTA LAHUG', 'GRASS FIRE', 'OC', '', '11:10 AM', '11:17 AM', 'MELISSA', 18, 0.0, 'No', '', '35, 91'),
(180, '2015-05-15', 'TABOAN MARKET', '?', 'OC', '', '06:37 AM', '06:40 AM', '94', 22, 0.0, 'No', '', '22, 27, 63, 75, 96, 95'),
(181, '2015-05-19', 'BRGY. INAYAWAN SITIO MERKADO', 'WORKING FIRE, GENERAL ALARM', '75', '', '11:07 AM', '11:36 AM', 'DONNA', 77, 7.0, 'Yes', '09, 50', '22, 48, 30, 64, 80, 86'),
(182, '2015-05-20', 'YLAYA MARIGONDON, LAPU-LAPU CITY', 'WORKING FIRE, RESIDENTIAL', '79', '', '02:46 PM', '03:01 PM', 'MELISSA', 0, 0.0, 'No', '', ''),
(183, '2015-05-20', 'MAXILOM AVENUE', 'WORKING FIRE', 'KAKING SY', '2332218', '04:26 PM', '04:39 PM', 'MELISSA', 9, 7.0, 'Yes', '', '62, 22, 88'),
(184, '2015-05-21', 'SIKATUNA ST. BRGY. DAY-AS NEAR BRGY. HALL', 'WORKING FIRE', 'OC', '160', '12:43 PM', '12:49 PM', 'DONNA', 86, 0.0, 'No', '', '43, 86, 84'),
(185, '2015-05-22', 'BEVERLY HILLS, LAHUG', 'RESIDENTIAL', '43', '', '11:48 AM', '11:59 AM', 'DONNA', 75, 0.0, 'No', '40, 72', '80, 22, 88, 90, 96'),
(186, '2015-05-23', 'BRGY. TISA, STA. TERESITA, LABANGON', 'RESIDENTIAL', 'OC', '160', '03:56 PM', '04:07 PM', 'DONNA', 79, 0.0, 'Yes', '72, 80, 87', ''),
(187, '2015-05-24', 'SITIO MANO, BRGY. TISA LUYO TISA PUBLIC MARKET', 'RESIDENTIAL', 'OC', '160', '06:13 PM', '06:29 PM', 'DONNA', 80, 0.0, 'Yes', '75, 22, 88, 94', '87, 92'),
(188, '2015-05-25', 'CABANCALAN, MANDAUE', 'RESIDENTIAL, 1 HOUSE', '75', '', '12:00 PM', '12:29 PM', 'DONNA', 0, 0.0, 'No', '', ''),
(189, '2015-05-29', 'SAINT ANTONIO VILLAGE, CADAHU-AN TALAMBAN', 'WORKING FIRE, 1 HOUSE', 'OC', '160', '01:01 PM', '01:13 PM', 'MELISSA', 85, 0.0, 'Yes', '75', ''),
(190, '2015-05-29', 'DUTERTE ST. BANAWA', 'RUBBISH FIRE', 'OC', '160', '02:31 PM', '02:35 PM', 'MELISSA', 85, 0.0, 'No', '', ''),
(191, '2015-05-29', 'SITIO MOHON, TISA LABANGON', 'NON-WORKING FIRE', 'OC', '160', '08:44 PM', '09:00 PM', 'MELISSA', 88, 0.0, 'No', '', ''),
(192, '2015-05-30', 'CANDUMAN RIVERSIDE NEAR PAGSABUNGAN', 'NON-WORKING FIRE', 'OC', '160', '02:29 PM', '02:31 PM', 'MELISSA', 0, 0.0, 'No', '', ''),
(193, '2015-06-01', 'VILLA SAN JOSE, TALAMBAN', 'GRASS FIRE', 'OC', '160', '06:59 PM', '07:13 PM', 'ERIC', 77, 0.0, 'No', '', '77'),
(194, '2015-06-02', 'ANZANI RESTO, PC HILLS BUSAY LAHUG', 'NON-WORKING FIRE (GENSET NI BUTO)', 'OC', '160', '02:11 PM', '02:17 PM', 'MELISSA', 48, 0.0, 'No', '', '30'),
(195, '2015-06-03', 'R. LANDON', 'APARTMENT, RESIDENTIAL', '72', '', '04:12 PM', '04:20 PM', 'DONNA', 85, 0.0, 'No', '', ''),
(196, '2015-06-04', 'HAPPY VALLEY, V. RAMA', 'GRASS FIRE', 'OC', '160', '09:00 PM', '10:01 PM', 'ERIC', 85, 6.0, 'Yes', '', '09, 48, 55, 89, 92'),
(197, '2015-06-05', 'BRGY. LINAO MINGLANILLA', 'WORKING FIRE', '77', '', '01:34 PM', '01:44 PM', 'MELISSA', 92, 0.0, 'No', '', ''),
(198, '2015-06-05', 'RAMON DUTERTE, GUADALUPE', 'NON-WORKING FIRE', 'OC', '160', '04:56 PM', '04:59 PM', 'MELISSA', 18, 0.0, 'No', '', '96'),
(199, '2015-06-08', 'RT TRADING WAREHOUSE, ENTRANCE TUNNEL TO PIER 1', 'NON-WORKING FIRE', 'OC', '160', '06:14 PM', '06:21 PM', 'MELISSA', 92, 0.0, 'No', '', ''),
(200, '2015-06-09', 'BASAK SAN NICOLAS, SITIO GINABSAN', 'WORKING FIRE', 'OC', '160', '12:57 PM', '01:09 PM', 'MELISSA', 0, 0.0, 'No', '', ''),
(201, '2015-06-09', 'MT. ARAYAT SINGSON VILLAGE, MANDAUE', 'WORKING FIRE, 2 STOREY HOUSE', 'OC', '160', '07:42 PM', '07:51 PM', 'MELISSA', 29, 0.0, 'Yes', '29', '22, 92'),
(202, '2015-06-12', 'SAN MIGUEL ST. BRYG. LOREGA', 'WORKING FIRE', 'OC', '160', '06:32 AM', '06:56 AM', '92', 45, 36.0, 'Yes', '', ''),
(203, '2015-06-16', 'SOUTH WESTERN UNIVERSITY', 'NON-WORKING FIRE', 'OC', '160', '10:26 AM', '10:34 AM', 'DONNA', 0, 0.0, 'No', '', ''),
(204, '2015-06-17', 'BEYONG MARCO POLO AND BEHIND CASINO FILIPINO', 'WORKING FIRE', 'OC', '160', '03:50 AM', '04:13 AM', '45', 88, 0.0, 'Yes', '', '93'),
(205, '2015-06-18', 'LUYO OLD PDEA BLDG. R. LANDON', 'RESIDENTIAL', 'OC', '160', '02:18 PM', '02:21 PM', 'ERIC', 92, 0.0, 'No', '', '92'),
(206, '2015-06-19', 'SUBANGDAKU, MANDAUE', 'BUNK HOUSE', 'OC', '', '03:12 AM', '03:03 AM', 'ERIC', 0, 0.0, 'No', '', ''),
(207, '2015-06-25', 'HAPPY MART, COLON', 'WORKING FIRE', 'OC', '160', '10:17 AM', '10:28 AM', 'ERIC', 77, 0.0, 'Yes', '42, 72, 87', '55'),
(208, '2015-06-25', 'J. ABAYAN JUNKSHOP, BASAK MANDAUE', 'JUNK SHOP', 'OC', '', '11:30 PM', '12:32 AM', '89', 90, 24.0, 'Yes', '', ''),
(209, '2015-06-26', 'SITIO TUGAS, MAMBALING (BACK OF U.C.)', 'WORKING FIRE, GENERAL ALARM', 'OC', '160', '05:26 PM', '05:37 PM', 'MELISSA', 90, 51.0, 'Yes', '', '48, 40, 79'),
(210, '2015-06-27', 'SITIO BAJADA, TABUNOK TALISAY CITY', 'GENERAL ALARM, LIGHT MATERIALS', 'LEONARDO CAGUMPANG JR', '2723437', '03:35 PM', '04:20 PM', 'MELISSA', 38, 40.0, 'Yes', '', '56, 63'),
(211, '2015-06-29', 'PARDO NEAR PRINCE WAREHOSE', 'POST FIRE', 'OC', '160', '07:27 PM', '07:31 PM', 'MELISSA', 30, 0.0, 'No', '', '94'),
(212, '2015-06-30', 'ZAPATERA, DAY-AS', 'WORKING FIRE, LIGHT MATERIALS', 'OC', '160', '03:47 PM', '03:56 PM', 'MELISSA', 75, 0.0, 'No', '68, 75', '22, 80'),
(213, '2015-06-30', 'DONA RITA VILLAGE, NASIPIT TALAMBAN', 'WORKING FIRE', 'GENEBY BLANCERO', '4122465', '07:48 PM', '07:59 PM', 'MELISSA', 94, 0.0, 'No', '', '30'),
(214, '2017-06-16', 'SITIO BATO, ERMITA', 'NON-WORKING FIRE', 'OC', '160', '11:57 AM', '12:12 AM', 'DONNA', 0, 0.0, 'No', '', ''),
(215, '2017-06-16', 'NEAR PRINCE WAREHOUSE , BULACAO', 'DAUB', 'OC', '160', '01:39 PM', '01:45 PM', 'MICHELLE', 0, 0.0, 'No', '', ''),
(216, '2015-07-01', 'Purok 1, BRGY. SAN JOSE, CEBU CITY', 'WOKRING FIRE, RESIDENTIAL', 'OC', '160', '09:55 PM', '10:29 PM', '85', 94, 6.0, 'Yes', '', '43, 79, 87, D1'),
(217, '2017-06-16', 'DOA MARIA 1, PUNTA PRINCESA', 'RESIDENTIAL / 3RD ALARM', 'DOLOR', '09128912586', '03:10 PM', '03:33 PM', 'MICHELLE', 75, 0.0, 'Yes', 'FB: 97; FS: 48, 72', '22, 43, 55, 63, 80, 87 '),
(218, '2015-07-02', 'VILLA LEYSON, BACAYAN PIT-OS TALAMBAN', 'WORKING FIRE, RESIDENTIAL', 'OC', '160', '12:40 PM', '12:51 PM', 'DONNA', 90, 0.0, 'No', '', '90'),
(219, '2015-07-05', 'PANGANIBAN CORNER BACALSO', 'NON-WORKING FIRE', 'OC', '160', '09:57 AM', '10:02 AM', 'DONNA', 0, 0.0, 'No', '', ''),
(220, '2017-06-17', 'BRGY. SAN ROQUE, ARELLANO NEAR PIER 1', 'NON-WORKING FIRE', 'OC', '160', '06:52 PM', '06:55 PM', 'MICHELLE', 0, 0.0, 'No', '', ''),
(221, '2015-07-07', 'PAKNAAN MANDAUE (NEAR VELEZ HOSPITAL)', 'WORKING FIRE', 'WING VALAZANTE', '09228367938', '12:24 PM', '12:52 PM', 'MELISSA', 9, 0.0, 'Yes', '75, 72', ''),
(222, '2017-06-18', 'BRGY. LUZ CEBU CITY', 'RESIDENTIAL / KISAME 1 HOUSE INVOLVED', 'OC', '160', '12:40 AM', '12:12 AM', '91', 0, 0.0, 'No', '', '91, 93, 97'),
(223, '2015-07-07', '3RD ST. SAN ANTONIO VILLAGE, BRGY. APAS', 'WORKING FIRE, RESIDENTIAL', 'OC', '160', '07:14 PM', '07:36 PM', 'MELISSA', 30, 0.0, 'Yes', '', '22,27,62,63,88,55'),
(224, '2015-07-11', 'BRGY. KAMPUTHAW NEAR WINDLAND TOWER', 'NON-WORKING FIRE', 'OC', '160', '02:39 PM', '02:41 PM', 'MELISSA', 85, 0.0, 'No', '', '35, 43, 83, 85, 86'),
(225, '2015-07-14', 'OFFICE OF THE VICE MAYOR, CITY HALL ', 'SMOKE ALARM', 'OC', '160', '05:43 PM', '05:50 PM', 'MELISSA', 75, 0.0, 'No', '', '35'),
(226, '2015-07-17', 'OPRA UNIT 2 NEAR BASKETBALL COURT', 'WORKING FIRE', 'OC', '160', '04:24 AM', '04:36 AM', '83', 94, 0.0, 'Yes', '', '22, 63, 90, 88, 77, 85, 86'),
(227, '2015-07-17', 'TRES DE ABRIL, DAKLAN COMPOUND AT THE BACK OF CIT', 'GARBAGE FIRE', 'OC', '160', '04:20 PM', '04:29 PM', 'ERIC', 9, 0.0, 'No', '', '09, 22, 29, 35, 38, 40, 56, 70, 75, 80, 82, 88, 90, D1'),
(228, '2015-07-18', 'APAS NATIONAL HIGH SCHOOL', 'NON-WORKING FIRE, SCHOOL BLDG.', 'OC', '160', '10:13 AM', '10:18 AM', 'DONNA', 48, 0.0, 'No', '', '48, 43, D1, D2, R1, R2'),
(229, '2015-07-21', 'SITIO ROCK HILLS, BRGY. TISA, CEBU CITY', 'WORKING FIRE, RESIDENTIAL', 'OC', '160', '10:35 AM', '10:56 AM', 'DONNA', 70, 0.0, 'Yes', '72', '85, 22, 79'),
(230, '2015-07-21', 'PAKNAAN MANDAUE, ANDAYA COMPND NEAR CANSAGA BRIGDE', 'NON-WORKING FIRE', 'OC', '160', '08:39 PM', '08:42 PM', 'MELISSA', 88, 0.0, 'No', '', '88, 93, 94'),
(231, '2015-07-26', 'SAMBAG I NEAR BRGY. HALL', 'NON-WORKING FIRE', 'OC', '160', '05:25 PM', '05:31 PM', 'ERIC', 94, 0.0, 'No', '', ''),
(232, '2015-07-27', 'SITIO KALYIHUN, LABANGON, UNIVELLE, KASAMBAGAN', 'Electrical Fire', 'OC', '160', '03:21 PM', '03:32 PM', 'DONNA', 75, 0.0, 'No', '', '55, 43'),
(233, '2015-07-28', 'TABOAN, TRES DE ABRIL', 'WORKING FIRE', 'OC', '160', '06:39 AM', '06:53 AM', '92', 45, 12.0, 'Yes', '', '22, 55, 88'),
(234, '2015-07-29', 'GENERAL SERVICE OFFICE (GSO) NEAR SRP', 'Electrical Fire', 'OC', '160', '04:47 PM', '04:57 PM', 'DANIEL', 85, 0.0, 'No', '', '70'),
(235, '2015-08-02', 'SALINAS DRIVE LAHUG, CEBU CITY', '1 HOUSE BEHIND METROBANK SUNFLOWER SIDE', 'OC', '160', '04:58 AM', '05:13 AM', '91', 84, 0.0, 'Yes', '', '92, 55, 63, 22, 88'),
(236, '2015-08-02', 'PRIVATE ROAD, ATBANG MATERNITY CLINIC, BRGY. SAMBAG I', 'WORKING FIRE, LIGHT MATERIALS', 'OC', '160', '11:30 PM', '12:44 AM', '84', 48, 70.0, 'Yes', '', ''),
(237, '2015-08-11', 'SITIO DATAG KABATUAN, BRGY. MARIBAGO', 'NON-WORKING FIRE', '87', '', '10:46 AM', '10:54 AM', 'DANIEL', 87, 0.0, 'No', '', ''),
(238, '2015-08-11', 'SAN CARLOS GIRLS HIGH (NEAR BRIDGE)', 'NON-WORKING FIRE', 'OC', '160', '11:31 AM', '11:36 AM', 'DONNA', 0, 0.0, 'No', '', ''),
(239, '2015-08-14', 'SAMBAG 2, SITIO LOWER MAHILOM', 'NON-WORKING FIRE', 'OC', '160', '01:12 PM', '01:19 PM', 'ERIC', 85, 0.0, 'No', '', '48'),
(240, '2015-08-17', 'INGLIS, V. RAMA (ATBANG SEC)', 'NON-WORKING FIRE', 'OC', '160', '03:17 PM', '03:27 PM', 'DONNA', 0, 0.0, 'No', '', ''),
(241, '2015-08-20', 'MARCAS, LAHUG', 'SMOKE ALARM', 'HENRY EGER', '09169010208', '11:35 AM', '11:44 AM', 'DONNA', 0, 0.0, 'No', '', ''),
(242, '2015-08-23', 'PAKNAAN MANDAUE (UNAHAN URATEX)', 'RESIDENTIAL', 'MICHELLE', '09228367938', '12:25 PM', '12:31 PM', 'DONNA', 0, 0.0, 'No', '', ''),
(243, '2015-08-27', 'SUNDULAN ST., MABOLO CEBU CITY', 'WORKING FIRE, LIGHT MATERIALS', 'OC', '160', '10:40 AM', '10:56 AM', 'DONNA', 88, 17.0, 'Yes', '40', '48, 95, 79'),
(244, '2015-09-02', '11-2 BRGY. CARRETA', 'NON-WORKING FIRE', 'OC', '160', '02:33 PM', '02:35 PM', 'DONNA', 0, 0.0, 'No', '', ''),
(245, '2015-09-02', 'ALBERTOS BANILAD, A.S. FORTUNA', 'Electrical Fire', 'OC', '160', '09:29 PM', '09:35 PM', '98', 90, 0.0, 'No', '', ''),
(246, '2015-09-03', 'UN AVENUE, MANDAUE (315 AUTOPARTS)', 'SMOKE ALARM', 'OC', '160', '07:16 PM', '07:34 PM', 'DANIEL', 85, 0.0, 'No', '', '30'),
(247, '2015-09-05', 'QUIOT, PARDO', 'WORKING FIRE', 'OC', '160', '04:03 AM', '04:27 AM', '83', 88, 0.0, 'Yes', '', '22, 90'),
(248, '2015-09-08', 'IBABAO MANDAUE NEAR PACIFIC MALL / CHEVROLET', 'WORKING FIRE, APARTMENT', '77', '', '09:48 PM', '10:10 PM', '94', 85, 0.0, 'Yes', '', '22, 62, 79, 82'),
(249, '2015-09-09', 'JULIES BAKESHOP, COGON PARDO', 'WOKRING FIRE', 'OC', '160', '03:53 AM', '04:00 AM', '94', 83, 0.0, 'No', '', '85, 88, 89, 93, 95, 96'),
(250, '2015-09-09', 'KAMANSI, PAKNAAN MANDAUE', 'GARBAGE FIRE', 'HAPPY BACARO', '3163061', '02:14 PM', '02:34 PM', 'DONNA', 48, 0.0, 'No', '', '22,88,27,80,96,35'),
(251, '2015-09-09', 'ECOTECH LAHUG', 'OFFICE FIRE', 'OC', '160', '10:02 PM', '10:28 PM', '83', 90, 0.0, 'Yes', '', '22, 55, 62, 63, 95'),
(252, '2015-09-11', 'NEAR PERPETUAL SUCCOUR  HOSPITAL', 'WORKING FIRE, 1 HOUSE', 'OC', '160', '11:46 PM', '11:54 PM', '96', 88, 0.0, 'Yes', '22, 72, 75, 80, 87, 90, 94, 95, 63', '40, 27'),
(253, '2015-09-12', 'QUIOT, PARDO', 'WORKING FIRE', 'OC', '160', '04:20 AM', '04:42 AM', '92', 88, 0.0, 'Yes', '', ''),
(254, '2015-09-18', 'LABOGON, MANDAUE', 'WORKING FIRE', '75', '', '10:31 PM', '11:13 PM', '88', 92, 24.0, 'Yes', '', '22, 55, 80, 89'),
(255, '2015-09-23', 'RICHMOND HOTEL, GORORDO', 'Electrical Fire', 'OC', '160', '08:22 AM', '08:27 AM', 'DONNA', 94, 0.0, 'No', '', ''),
(256, '2015-09-23', 'NEAR SUNGOLD TRADING, COLON BORROMEO', 'NON-WORKING FIRE', 'OC', '160', '09:13 AM', '09:18 AM', 'DONNA', 85, 0.0, 'No', '', ''),
(257, '2015-10-02', 'SAINT ANTHONY VILLAGE, CADAHU-AN TALAMBAN', 'WOKRING FIRE', 'OC', '160', '04:07 PM', '04:50 PM', 'DANIEL', 72, 0.0, 'Yes', '', '82, 83, 42, 48'),
(258, '2015-10-04', 'MANALILI ST. NEAR FREEMAN', 'RESIDENTIAL, 2 STOREY BLDG BETWEEN LIGHT MATERIALS', 'OC', '160', '12:35 AM', '01:02 AM', '94', 90, 12.0, 'Yes', '', '98, 97, 22'),
(259, '2015-10-05', 'MOLAVE EXTENSION, TALISAY', 'NON-WORKING FIRE', '77', '', '03:32 PM', '03:36 PM', 'DONNA', 77, 0.0, 'No', '', ''),
(260, '2015-10-08', 'CEBU BAZAAR', 'SMOKE ALARM', 'OC', '160', '10:39 PM', '11:00 PM', '83', 89, 0.0, 'Yes', '', ''),
(261, '2015-10-12', 'BUHISAN NEAR BF HOMES', 'RESIDENTIAL', 'OC', '160', '01:59 AM', '02:08 AM', '85', 85, 0.0, 'No', '', ''),
(262, '2015-10-12', 'UMAPAD ST. BRGY. KASAMAHAN', 'WORKING FIRE', 'OC', '160', '10:52 AM', '10:55 AM', 'DONNA', 85, 0.0, 'No', '', '45'),
(263, '2015-10-12', 'LOOC, MANDAUE', 'SMOKE ALARM', 'OC', '', '11:13 AM', '11:24 AM', 'donna', 85, 0.0, 'No', '', '45'),
(264, '2015-10-13', 'ANDRES ABELLANA, LIM KAKING SUBDIVISION', 'Electrical Fire', 'OC', '160', '11:23 AM', '11:27 AM', 'DONNA', 85, 0.0, 'No', '', '86'),
(265, '2015-10-16', '711 SANSIANGKO PANGANIBAN', 'FOR VERIFICATION', 'OC', '160', '10:25 PM', '10:32 PM', '95', 88, 0.0, 'Yes', '', ''),
(266, '2015-10-18', 'WEST CITY HOME, BANAWA', 'WORKING FIRE', 'CALLER', '3160112', '01:22 PM', '01:35 PM', 'DANIEL', 90, 0.0, 'No', '', '92'),
(267, '2015-10-18', 'GABI, CORDOVA', 'NON-WORKING FIRE', '55', '', '04:07 PM', '04:13 PM', 'DANIEL', 0, 0.0, 'No', '', ''),
(268, '2015-10-18', 'CANSOJONG TALISAY, FORTUNE PLAIN VILLAGE', 'WORKING FIRE', 'MARJORIE CARDINAS', '09272850334', '04:42 PM', '05:15 PM', 'DANIEL', 92, 0.0, 'Yes', '', '42, 88, 22'),
(269, '2015-10-24', 'PAGSABONGAN LUYO DEDON, MANDAUE', 'WORKING FIRE, LIGHT MATERIALS', '50', '', '06:06 PM', '06:36 PM', 'ERIC', 77, 0.0, 'Yes', '72', '27, 42, 95, 97, 22'),
(270, '2015-10-26', 'BRGY. CARRETA', 'WORKING FIRE', 'OC', '160', '07:46 PM', '07:51 PM', 'ERIC', 85, 0.0, 'Yes', '72, 68, 27', '92, 97, 98'),
(271, '2015-10-28', 'BRGY. INAYAWAN', 'WORKING FIRE, 1 HOUSE', 'OC', '160', '08:27 AM', '08:46 AM', 'DONNA', 94, 0.0, 'Yes', '77', '48, 22, 88, 95, 83, 85, 80'),
(272, '2015-10-28', 'MEPZ 1, GATE 4 LEAR COMPANY', 'WORKING FIRE', 'ELISIO DINGKONG', '27725', '09:39 PM', '09:46 PM', '88', 90, 0.0, 'Yes', '', '80, 92'),
(273, '2015-10-30', 'TALAMBAN CEMETERY', 'SMOKE ALARM', 'OC', '160', '04:06 PM', '04:18 PM', 'ERIC', 85, 0.0, 'No', '', '95'),
(274, '2015-10-31', 'FLAMINGO ST. STO. NINO VILLAGE, BANILAD', 'WORKING FIRE, 1 HOUSE', 'RANILO BAGUIO', '4166327', '11:35 AM', '11:55 AM', 'DONNA', 85, 0.0, 'Yes', '80', '75, 90, 27'),
(275, '2015-11-01', 'SITIO BACA, BANILAD CEBU CITY', 'RESIDENTIAL', 'OC', '160', '02:06 AM', '02:46 AM', '95', 30, 15.0, 'Yes', '', '97'),
(276, '2015-11-01', 'KALUBIHAN 2, BACANTON MANDAUE', 'NON-WORKING FIRE', 'LOREN', '2394969', '08:15 PM', '08:27 PM', 'ERIC', 0, 0.0, 'No', '', ''),
(277, '2015-11-03', 'KINASANG-AN, PARDO', 'NON-WORKING FIRE', 'OC', '160', '02:35 PM', '02:36 PM', 'DONNA', 0, 0.0, 'No', '', ''),
(278, '2015-11-03', 'BONBONAN, A. LOPEZ', 'RESIDENTIAL', '75', '', '06:32 PM', '06:36 PM', 'DANIEL', 91, 0.0, 'No', '75', '85, 86, 77, 80'),
(279, '2015-11-05', 'SITIO CAYPA, INGLISH V. RAMA', 'NON-WORKING FIRE', 'GENEVIEVE RIVERA', '09223777881', '12:17 PM', '12:26 PM', 'DANIEL', 85, 0.0, 'Yes', '', ''),
(280, '2015-11-05', 'CITILINK', 'NON-WORKING FIRE', 'OC', '160', '06:03 PM', '06:07 PM', 'DANIEL', 92, 0.0, 'No', '', ''),
(281, '2015-11-06', 'CHINESE TEMPLE (DINING HALL)', 'Electrical Fire', 'TYRON YAP', '5166626', '05:47 PM', '05:56 PM', 'DANIEL', 92, 0.0, 'Yes', '', ''),
(282, '2015-11-06', 'MG ARCADE, MANDAUE', 'NON-WORKING FIRE', 'OC', '', '07:27 PM', '07:37 PM', 'DANIEL', 83, 0.0, 'No', '', '22'),
(283, '2015-11-09', 'V.G. SHIPPINGS, NEAR CTU', 'NON-WORKING FIRE', 'OC', '160', '04:37 PM', '04:39 PM', 'DANIEL', 0, 0.0, 'No', '', ''),
(284, '2015-11-10', 'BUHISAN, SITIO TAYTAYAN', 'RESIDENTIAL', 'OC', '160', '09:21 AM', '09:32 AM', 'DONNA', 0, 0.0, 'No', '', ''),
(285, '2015-11-17', 'ALASKA, MAMBALING', 'WORKING FIRE, LIGHT MATERIALS', '75', '', '09:21 AM', '10:02 AM', 'DONNA', 30, 40.0, 'Yes', '', '42'),
(286, '2015-11-19', 'CANTON BEACH, CANSOJONG TALISAY', 'WORKING FIRE', 'SWEETHEART TAYONG', '5117867', '06:13 PM', '06:15 PM', 'DANIEL', 30, 0.0, 'No', '', ''),
(287, '2015-11-20', 'S. BINABAG, CONSOLACION', 'VISIBLE SMOKE', 'ERUF', '', '02:13 PM', '02:22 PM', 'DANIEL', 92, 0.0, 'No', '', ''),
(288, '2015-11-20', 'AA''S BBQ, AS FORTUNA BANILAD', 'WORKING FIRE', 'ERUF', '161', '04:27 PM', '04:38 PM', 'DANIEL', 85, 0.0, 'No', '72, 75', '35, 43, 83, 27, 85, 88'),
(289, '2015-11-23', 'WHITE ROAD, PARDO INAYAWAN', 'NON-WORKING FIRE', 'OC', '160', '06:55 PM', '07:00 PM', 'ERIC', 90, 0.0, 'No', '', '97'),
(290, '2015-11-24', 'FERNAN BRIGDE, MACTAN', 'SHIP FIRE', 'OC', '', '04:28 PM', '04:39 PM', 'ERIC', 35, 0.0, 'No', '', '88, 75'),
(291, '2015-11-29', 'BRGY. APAS, PUSOK SAIS', 'WORKING FIRE', 'OC', '160', '07:54 AM', '08:06 AM', 'DANIEL', 45, 0.0, 'No', '', '90,84,91,82,98,95'),
(292, '2015-11-29', 'PAKNAAN, MANDAUE CITY', 'RESIDENTIAL, 3RD ALARM', 'MICHELLE', '4203632', '02:15 PM', '03:02 PM', 'DANIEL', 77, 14.0, 'Yes', '29, 30, 80, 84, 68', '35'),
(293, '2015-11-29', 'URGELLO, TANGKONAN', 'NON-WORKING FIRE', 'OC', '160', '04:33 PM', '05:02 PM', 'ERIC', 0, 0.0, 'No', '', ''),
(294, '2015-11-30', 'SITIO SALVADOR, TANKE TALISAY', 'WORKING FIRE, RESIDENTIAL', 'MARY ANN NULINGIN', '2721697', '02:50 PM', '03:11 PM', 'DONNA', 85, 0.0, 'Yes', '75', '22, 88, 83'),
(295, '2015-12-01', 'STANDILOS PIZZA, OPAO, MANDAUE', 'WAREHOUSE, LIGHT MATERIALS', 'LOLIE OUANO', '09177200002', '07:20 AM', '08:00 AM', 'DONNA', 83, 40.0, 'Yes', '', '42'),
(296, '2015-12-02', 'DONA MARIA VILLAGE EXT. PUNTA PRINCESA, CEBU CITY', 'LIGHT MATERIALS', 'OC', '160', '11:07 PM', '11:53 PM', '95', 63, 10.0, 'Yes', '', '89, 90'),
(297, '2015-12-07', 'CANSOJONG CEMETERY, TANKE TALISAY', 'WORKING FIRE, RESIDENTIAL', 'OC', '160', '07:06 PM', '07:53 PM', 'DANIEL', 85, 9.0, 'Yes', '', '97, 30, 92'),
(298, '2015-12-14', 'P. LOPEZ, IN FRONT OF USJR', 'Electrical Fire', 'CAROLINE', '2554451', '03:10 PM', '03:31 PM', 'DONNA', 85, 0.0, 'Yes', '', ''),
(299, '2015-12-15', 'INAYAWAN TREAMENT BEHIND LANDFILL', 'WORKING FIRE', 'OC', '160', '10:10 PM', '10:30 PM', '98', 85, 0.0, 'Yes', '', ''),
(300, '2015-12-18', 'HERNAN CORTES, MANDAUE CITY', 'WORKING FIRE', '80', '', '08:53 PM', '09:05 PM', 'ERIC', 80, 0.0, 'Yes', '27, 72, 63, 22, 90, 92', '45'),
(301, '2015-12-21', 'TINABANGAY 2, ALASKA MAMBALING', 'WORKING FIRE, LIGHT MATERIALS', 'OC', '160', '03:04 PM', '03:26 PM', 'DANIEL', 80, 4.0, 'Yes', '', '88,96'),
(302, '2015-12-25', 'TALAMBAN PROPER', 'WORKING FIRE, 2 STOREY BLDG.', 'OC', '160', '11:15 AM', '11:28 AM', 'ERIC', 83, 0.0, 'Yes', '29,27', '75,92'),
(303, '2015-12-26', 'SITIO AVOCADO, BRGY. LAHUG', 'WORKING FIRE, RESIDENTIAL', 'OC', '160', '06:10 PM', '07:49 PM', 'DANIEL', 90, 30.0, 'Yes', '', '98,97,48'),
(304, '2015-12-30', 'JUANA OSMENA EXT, AT THE BACK OF WINLAND TOWER', 'RESIDENTIAL, HALF PART OF THE HOUSE', 'JAM DOSDOS', '4123524', '07:34 AM', '07:40 AM', 'DONNA', 85, 9.0, 'Yes', '75, 22, 88', '43,92'),
(305, '2015-12-31', 'ERMITA NEAR BRGY. ERMITA HALL', 'NON-WORKING FIRE', 'OC', '160', '09:35 PM', '09:43 PM', 'DONNA', 0, 0.0, 'No', '', ''),
(306, '2015-12-31', 'INAYAWAN NEAR SCHOOL', 'WORKING FIRE', 'OC', '160', '11:58 PM', '12:02 AM', 'DONNA', 0, 0.0, 'No', '', ''),
(307, '2016-01-02', 'PIER 1, IN FRONT OF BFAR MADRIGAL WAREHOUSE', 'WAREHOUSE OCCUPIED BY EMBC & DU EK SAM INC.', 'NIDA DABAJAO', '2530224', '12:59 PM', '01:36 PM', 'DANIEL', 30, 23.0, 'Yes', '', ''),
(308, '2016-01-03', 'SALINAS DRIVE EXTENSION, LAHUG', 'RESIDENTIAL', 'OC', '160', '02:22 AM', '03:18 AM', '98', 91, 11.0, 'Yes', '', '97, 22, 63, 88'),
(309, '2016-01-05', 'CROWN REGENCY, FUENTE', 'CAR FIRE', 'OC', '160', '12:19 PM', '12:22 PM', '97', 83, 0.0, 'Yes', '', '86'),
(310, '2016-01-10', 'BLUE PLANET INC. & INTER-CASE DESIGN, GUADALUPE', 'RESIDENTIAL', '55', '', '07:38 PM', '08:10 PM', 'DANIEL', 48, 21.0, 'Yes', '', ''),
(311, '2016-01-12', 'AMADORA APARTMENT, M.VELEZ EXT. CAPITOL SITE CEBU CITY', 'WORKING FIRE, RESIDENTIAL', 'OC', '160', '08:34 AM', '09:35 AM', 'DONNA', 30, 30.0, 'Yes', '', '27'),
(312, '2016-01-12', 'GAISANO CAPITAL SOUTH, KALUBIHAN CEBU CITY', 'SMOKE ALARM, MANG INASAL', 'OC', '160', '10:29 AM', '10:40 AM', 'DONNA', 9, 0.0, 'Yes', '', ''),
(313, '2016-01-13', 'SITIO CACTUS, BRGY. INAYAWAN', 'RESIDENTIAL', 'OC', '160', '02:24 PM', '02:32 PM', 'DONNA', 96, 0.0, 'Yes', '80,75,09', '85,22,88'),
(314, '2016-01-13', 'SITIO SAN ISIDRO LABRADOR, QUIOT PARDO', 'RESIDENTIAL, GENERAL ALARM', 'EVANGELINE CO', '5201233', '06:10 PM', '07:33 PM', 'DANIEL', 85, 50.0, 'Yes', '', '97, 48, 79, 84, 91'),
(315, '2016-01-19', 'AT THE BACK OF FOODA GUADALUPE', 'WORKING FIRE', 'OC', '160', '04:37 PM', '04:55 PM', 'DANIEL', 9, 0.0, 'Yes', '72,75', '30,35,27,80'),
(316, '2016-01-20', 'SITIO FATIMA, UBOS GMA, BRGY. APAS', 'WORKING FIRE', 'LOLO CARDANO', '2316640', '07:27 PM', '08:04 PM', 'DONNA', 48, 0.0, 'Yes', '72,75,29', '86,30,83,97'),
(317, '2016-01-21', 'SITIO 1, BRGY. NANGKA, CONSOLACION', 'RESIDENTIAL', '68', '', '11:54 AM', '12:33 PM', 'DONNA', 30, 0.0, 'Yes', '', ''),
(318, '2016-01-21', 'SOUTH HILLS, TISA', 'GRASS FIRE', 'MYRA RENTUZA', '4068658', '12:34 PM', '01:10 PM', 'DONNA', 88, 0.0, 'Yes', '', ''),
(319, '2016-01-24', 'DULJO FATIMA, C. PADILLA', 'RESIDENTIAL', 'OC', '160', '05:02 PM', '05:42 PM', 'DANIEL', 48, 30.0, 'Yes', '', '86'),
(320, '2016-01-29', 'BRGY. IBABAO, ESTANCIA OR BRGY. GUIZO', 'RESIDENTIAL, LIGHT MATERIALS', 'LINDA TAN', '3458842', '02:13 PM', '02:58 PM', 'DONNA', 79, 15.0, 'Yes', '', ''),
(321, '2016-02-06', 'SITIO UPPER PANGPANG, GUADALUPE', 'RESIDENTIAL', 'CATHERINE QUINADO', '3503688', '12:07 PM', '12:19 PM', 'DONNA', 92, 1.0, 'Yes', '75, 95', '90, 80'),
(322, '2016-02-07', 'BEVERLY HILLS LAHUG (AT THE BACK OF EDDIE GAISANO''S HOUSE', 'GRASS FIRE', 'JESS GO', '09228150900', '03:23 PM', '04:12 PM', 'DONNA', 75, 0.0, 'Yes', '', ''),
(323, '2016-02-08', 'SANCIANGKO ST. (BACK OF UV)', 'WORKING FIRE, RESIDENTIAL', 'OC', '160', '11:30 PM', '12:03 AM', '91', 84, 15.0, 'Yes', '', '30,85,89'),
(324, '2016-02-12', 'INFRONT COMPREHENSIVE NATIONAL HIGH SCHOOL', 'WORKING FIRE, 2 STOREY BLDG.', 'OC', '160', '10:14 PM', '10:25 PM', '90', 88, 0.0, 'Yes', '', ''),
(325, '2016-02-19', 'CORNER LABOGON, BASAK MANDAUE', 'WORKING FIRE, RESIDENTIAL', 'OC', '', '05:34 PM', '06:00 PM', 'DANIEL', 92, 0.0, 'Yes', '72, 95', ''),
(326, '2016-02-22', 'SITIO ALLIANCE AT TWO HEARTS, BASAK MANDAUE', 'RESIDENTIAL, LIGHT MATERIALS', 'MARICHU AMAYA', '3453058', '10:32 AM', '11:11 AM', 'DONNA', 80, 0.0, 'Yes', '', ''),
(327, '2016-03-01', 'TB PAVILION, SITIO KAWATAN, SAMBAG II CEBU CITY', 'RESIDENTIAL, LIGHT MATERIALS', 'OC', '160', '09:35 PM', '10:28 PM', '93', 9, 12.0, 'Yes', '', '93'),
(328, '2016-03-10', 'LEXMARK PLAZA TOWER 1, CEBU BUSINESS PARK', 'SMOKE ALARM', 'OC', '160', '09:03 AM', '10:35 AM', 'DONNA', 9, 0.0, 'Yes', '', '55, 95'),
(329, '2016-03-10', 'A.C. CORTEZ, MANDAUE CITY', 'RESIDENTIAL', 'BLAKE GO', '09173225162', '09:30 AM', '10:00 AM', 'DONNA', 86, 0.0, 'Yes', '', ''),
(330, '2016-03-12', 'MANTUYONG GUIZO, LUYO CICC, MANDAUE', 'GENERAL ALARM, LIGHT MATERIALS', 'OC', '160', '01:47 AM', '04:11 AM', '93', 9, 40.0, 'Yes', '', ''),
(331, '2016-03-19', 'BAYABAS, MAMBALING', 'RESIDENTIAL', 'oc', '160', '01:49 PM', '01:59 PM', 'donna', 90, 0.0, 'Yes', '75', '35, 48, 22'),
(332, '2016-03-19', 'PAKNAAN, MANDAUE', 'RESIDENTIAL', 'OC', '160', '03:55 PM', '04:01 PM', 'DONNA', 90, 0.0, 'Yes', '', ''),
(333, '2016-03-21', 'SITIO PUNGSOD, BRGY. LAWAAN TRES, TALISAY CITY', 'RESIDENTIAL, GENERAL ALARM', 'OC', '', '10:38 AM', '11:45 AM', 'DONNA', 48, 60.0, 'Yes', '', '30, 45, 50, 86, 55'),
(334, '2016-03-22', 'SITIO PANAGHIUSA, BRGY. DULJO FATIMA', 'RESIDENTIAL, GENERAL ALARM', 'OC', '160', '06:59 AM', '07:26 AM', 'DONNA', 85, 60.0, 'Yes', '', '97'),
(335, '2016-03-28', 'PAKNAAN, MANDAUE CITY', 'NON-WORKING FIRE', 'OC', '', '04:05 AM', '04:26 AM', '91', 92, 0.0, 'No', '', '45,83,84,85,86,91,92'),
(336, '2016-03-29', 'PIER 7 SULPICIO', 'RUBBISH FIRE', 'DIRECT', '', '05:38 AM', '06:30 AM', '90', 83, 4.0, 'Yes', '', '97'),
(337, '2016-03-29', 'ESPINA VILLA, B. RODRIGUEZ, GUADALUPE', 'NON-WORKING FIRE', 'OC', '160', '02:13 PM', '02:16 PM', 'JOANN', 0, 0.0, 'No', '', 'DONNA'),
(338, '2016-03-30', 'YAKSKIE BBQ, IT PARK CEBU CITY', 'NON-WORKING FIRE', 'JEFFREX', '4061186', '10:11 AM', '10:17 AM', 'JOANN', 0, 0.0, 'No', '', 'DONNA'),
(339, '2016-03-31', 'PERPETUAL SUCCOUR, NEAR GASOLINE STATION', 'Electrical Fire', 'OC', '160', '02:26 PM', '02:32 PM', 'JOANN', 0, 0.0, 'No', '', 'DONNA'),
(340, '2016-04-01', 'HERITAGE PARK', 'NON-WORKING FIRE', 'OC', '160', '12:42 PM', '12:43 PM', 'DONNA', 0, 0.0, 'No', '', ''),
(341, '2016-04-01', 'KAMPUTHAW ELEM. SCHOOL', 'NON-WORKING FIRE', 'OC', '160', '02:42 PM', '02:46 PM', 'DONNA', 0, 0.0, 'No', '', ''),
(342, '2016-04-01', 'LAGTANG, TALISAY', 'NON-WORKING FIRE', 'OC', '160', '03:30 PM', '03:50 PM', 'DONNA', 94, 0.0, 'No', '', ''),
(343, '2016-04-01', 'PAGSABONGAN, MANDAUE', 'NON-WORKING FIRE, BODEGA', 'VICKY', '5110298', '05:05 PM', '05:20 PM', 'DONNA', 9, 0.0, 'Yes', '22', '27'),
(344, '2016-04-02', 'KAMANGGAHAN, KATIPUNAN ST. BRGY. LABANGON', 'WORKING FIRE, RESIDENTIAL', 'OC', '160', '01:48 AM', '02:18 AM', '92', 83, 30.0, 'Yes', '', '40'),
(345, '2016-04-02', 'MINNIES KATE INTERNET CAFE, JUNQUERA ST. CEBU CITY', 'SMOKE ALARM', 'OC', '160', '04:15 PM', '04:17 PM', 'DONNA', 0, 0.0, 'No', '', 'JOANN'),
(346, '2016-04-06', 'TANGKE, TALISAY', 'GRASS FIRE', 'D1''S COUSIN', '0', '12:52 PM', '01:05 PM', 'DONNA', 0, 0.0, 'No', '', 'JOANN'),
(347, '2016-04-07', 'SITIO LARAY, BRGY SAN ROQUE, TALISAY CITY', 'WORKING FIRE, RESIDENTIAL', 'OC', '160', '09:38 AM', '10:10 AM', 'DONNA', 86, 0.0, 'Yes', '09, 72', ''),
(348, '2016-04-14', 'BARIO LUZ', 'Electrical Fire', 'OC', '160', '10:01 AM', '10:10 AM', 'DONNA', 0, 0.0, 'No', '', ''),
(349, '2016-04-14', 'DONA ESPERANZA VILLAGE, LABANGON CEBU CITY', 'LIGHT MATERIALS, 1 HOUSE BUNGALOO', 'OC', '160', '03:33 PM', '03:48 PM', 'DONNA', 75, 0.0, 'No', '75', '88, 95, 27, R1,R2,R3'),
(350, '2016-04-16', 'VILLALON DRIVE, CAPITOL SITE, CEBU CITY', 'LIGHT MATERIALS', 'OC', '160', '06:19 PM', '07:21 PM', 'DONNA', 48, 36.0, 'Yes', '', '30'),
(351, '2015-04-21', 'LA GUARDIA, LAHUG', 'WORKING FIRE', 'DORES COLENARES', '2344339', '11:03 AM', '11:07 AM', 'N/A', 0, 0.0, 'No', '', ''),
(352, '2015-07-18', 'SAMBAG 2', 'NON-WORKING FIRE', 'OC', '160', '12:29 PM', '12:39 PM', 'DONNA', 0, 0.0, 'No', '', 'DANIEL, ERIC'),
(353, '2015-08-02', 'VISITACION ST. CEBU CITY', 'Electrical Wiring @ Residence', 'OC', '160', '11:50 AM', '11:52 AM', 'DONNA', 0, 0.0, 'No', '', 'DANIEL'),
(354, '2015-08-26', 'NEAR MONTESSORI LITTLE ANGEL SCHOOL, KASUNTINGAN MANDAUE', 'NON-WORKING FIRE', 'OC', '', '11:49 AM', '11:54 AM', '0', 0, 0.0, 'No', '', ''),
(355, '2015-09-03', 'A.S. FORTUNA, MANDAUE', 'Electrical Wiring', 'OC', '', '05:10 PM', '05:23 PM', 'DANIEL', 0, 0.0, 'No', '', '');
INSERT INTO `fire_data` (`id`, `date_of_fire`, `location`, `classification`, `caller`, `contact_number`, `time_received`, `time_controlled`, `unit`, `oic`, `water_used`, `dispatch`, `proceeding`, `at_base`) VALUES
(356, '2015-11-27', 'AT THE BACK OF UP SCHOOL', 'NON-WORKING FIRE', 'OC', '160', '08:05 PM', '08:12 PM', 'ERIC', 0, 0.0, 'No', '', ''),
(357, '2015-12-08', 'ACCESS ROAD, AYALA CENTER CEBU', 'NON-WORKING FIRE', 'OC', '160', '12:16 PM', '12:24 PM', 'DONNA', 0, 0.0, 'No', '', 'ERIC'),
(358, '2015-12-19', 'DONA MARIA 1, PUNTA PRINCESA', 'Electrical Fire', 'FLORILYN LAMANTAO', '4123161', '07:29 PM', '07:42 PM', 'DONNA', 0, 0.0, 'No', '', ''),
(359, '2015-12-21', 'SITIO KABANGKALAN, ALUMNOS MAMBALING', 'NON-WORKING FIRE', 'OC', '160', '06:30 PM', '06:31 PM', 'DONNA', 90, 0.0, 'No', '', '94'),
(360, '2015-12-27', 'M. DELA CONCEPCION, PASIL', 'NON-WORKING FIRE', 'OC', '160', '04:33 PM', '04:46 PM', 'ERIC', 86, 0.0, 'No', '', ''),
(361, '2015-12-27', 'BASAK SAN NICOLAS, SITIO GINABSAN', 'NON-WORKING FIRE', 'OC', '160', '10:11 PM', '10:14 PM', 'ERIC', 83, 0.0, 'No', '', '84,86'),
(362, '2015-12-28', 'BORROMEO ST. LA FORTUNA 3RD FLOOR', 'SMOKE ALARM', 'OC', '160', '03:05 PM', '03:07 PM', 'DANIEL', 85, 0.0, 'No', '', '93,35,ERIC'),
(363, '2015-12-29', 'DAY-AS, ZAPATERA', 'NON-WORKING FIRE', 'OC', '160', '09:45 AM', '09:55 AM', 'DANIEL', 85, 0.0, 'No', '', '97, DONNA'),
(364, '2016-01-04', 'BRGY. UMAPAD, MANDAUE CITY', 'TIRE DAUB', 'JAM ALIVEO', '2686223', '07:51 AM', '07:54 AM', 'DONNA', 0, 0.0, 'No', '', ''),
(365, '2016-01-08', 'SUNNY HILLS, TALAMBAN', 'GRASS FIRE', 'OC', '160', '01:19 PM', '01:25 PM', 'DONNA', 83, 0.0, 'No', '', '86, ERIC'),
(366, '2016-01-08', 'PALAWAN PAWNSHOP, CIT', 'SMOKE ALARM', 'OC', '160', '02:38 PM', '02:46 PM', 'DONNA', 0, 0.0, 'No', '', 'ERIC'),
(367, '2016-01-10', 'JOLLIBEE, JUAN LUNA', 'Electrical Fire', 'OC', '160', '01:28 AM', '01:39 AM', '84', 93, 0.0, 'No', '', '85,86,91,95,96,97,98'),
(368, '2016-01-10', 'BACK OF CMALL, BANILAD', 'NON-WORKING FIRE', 'OC', '160', '04:21 PM', '04:38 PM', 'DANIEL', 90, 0.0, 'No', '', '91'),
(369, '2016-01-14', 'PLEASANT HOMES, DON BOSCO VILLAGE', 'SMOKE ALARM', 'OC', '160', '02:21 PM', '02:28 PM', 'DANIEL', 48, 0.0, 'No', '', 'DONNA, ERIC'),
(370, '2016-01-18', 'CABANCALAN, MANDAUE', 'WORKING FIRE', '40', '', '04:01 AM', '04:08 AM', '91', 84, 0.0, 'No', '', '91,95'),
(371, '2016-01-21', 'GYM, BRGY. GUADALUPE', 'NON-WORKING FIRE', 'OC', '160', '02:39 PM', '02:44 PM', 'DONNA', 30, 0.0, 'No', '', '84, ERIC'),
(372, '2016-01-26', 'SITIO APIR PANABANG, APAS LAHUG', 'NON-WORKING FIRE', 'OC', '160', '08:51 PM', '09:04 PM', 'ERIC', 83, 0.0, 'No', '', '85,86,94,88'),
(373, '2016-01-27', 'B. ARANAS EXTENSION', 'NON-WORKING FIRE', 'OC', '160', '06:12 PM', '06:18 PM', 'ERIC', 48, 0.0, 'No', '', '86,88,92,94'),
(374, '2016-01-29', 'DAAN MERCADO, MANDAUE', 'WORKING FIRE', 'ERUF', '161', '05:33 PM', '05:41 PM', 'DANIEL', 48, 0.0, 'No', '72,09', '85,35,22,88,83,80,79,55,D1,R1,62,R3,D2'),
(375, '2016-03-12', 'CABAHUG ROAD, OPAO MANDAUE CITY', 'NON-WORKING FIRE', 'OC', '', '05:07 PM', '05:15 PM', 'DONNA', 0, 0.0, 'No', '', ''),
(376, '2016-03-18', 'FREEDOM, CARBON', 'NON-WORKING FIRE', 'OC', '160', '10:56 AM', '11:03 AM', 'DONNA', 0, 0.0, 'No', '', ''),
(377, '2016-03-20', 'TUSCANIA TOWNHOUSE 4, GUADALUPE', 'Electrical Fire', 'DIRECT', '', '12:36 AM', '12:41 AM', '98', 84, 0.0, 'No', '', '91,97'),
(378, '2016-03-22', 'ST. MARTIN-UNIQUE NEAR CMAC', 'Electrical Fire', 'GUARD', '', '07:46 PM', '07:47 PM', 'DONNA', 85, 0.0, 'No', '', '86,R1,D2'),
(379, '2016-03-23', 'ATF ST. KATIPUNAN', 'RESIDENTIAL, LIGHT MATERIALS', 'ERUF', '161', '12:40 AM', '12:42 AM', '83', 85, 0.0, 'No', '', '86,88,94,98'),
(380, '2016-04-18', 'PIER 1, ARELLANO BLVD. BRGY. SAN ROQUE, CEBU CITY', 'WORKING FIRE, BODEGA DAPIT DU EK SAM', 'OC', '160', '04:51 AM', '05:06 AM', '91', 94, 0.0, 'No', '', '45,83,86,90'),
(381, '2016-05-01', 'THE NEW RAMOS CENTER, INFRONT DIPLOMAT, CEBU CITY', 'COMMERCIAL OFFICE', 'OC', '160', '03:19 PM', '03:31 PM', 'DONNA', 90, 0.0, 'Yes', '', ''),
(382, '2016-05-02', 'TAYUD, CONSOLACION', 'PAYAG', '75', '', '05:15 PM', '05:31 PM', 'DONNA', 9, 0.0, 'Yes', '13,', '92,27,22'),
(383, '2016-05-03', 'MARIA TERESSA VILLAGE 2, GUADALUPE', 'GRASS FIRE', 'MRS. ANG', '4168776', '04:04 PM', '04:29 PM', 'DONNA', 80, 0.0, 'Yes', '75', ''),
(384, '2016-05-06', 'BRGY. INAYAWAN', 'NON-WORKING FIRE', 'OC', '160', '11:14 AM', '11:20 AM', 'DONNA', 0, 0.0, 'No', '', ''),
(385, '2016-05-06', 'PUROK 1, TISA', 'NON-WORKING FIRE', 'OC', '160', '01:10 PM', '01:16 PM', 'DONNA', 0, 0.0, 'No', '', ''),
(386, '2016-05-07', 'SITIO TUMOY & RIVERSIDE, BRGY. PAHINA CENTRAL, CEBU CITY', 'WORKING FIRE, LIGHT MATERIALS', 'DIRECT', '', '04:47 AM', '05:49 AM', '91', 48, 52.0, 'Yes', '', ''),
(387, '2016-05-07', 'LUYO SA KAYES FLOWERSHOP, BARACKS GRAND CON', 'HOUSE', 'AILEEN TIU', '', '09:10 AM', '09:19 AM', 'MAYETTE', 0, 0.0, 'No', '', ''),
(388, '2016-05-08', 'ST. JUDE, MABOLO', 'LIGHT MATERIALS', 'OC', '160', '10:00 AM', '10:10 AM', '97', 92, 0.0, 'Yes', '', '13, 63'),
(389, '2016-05-10', 'KAMAGAYAN, JUNQUERA ATBANG ALLIANCE CHURCH', 'HOUSE', 'JANE EDILYO', '4163617', '11:30 AM', '11:31 AM', 'MAYETTE', 94, 0.0, 'No', '', ''),
(390, '2016-05-12', 'MONTERASAS, GUADALUPE', 'RUBBISH FIRE', 'OC', '160', '12:03 PM', '12:22 PM', 'DONNA', 0, 0.0, 'Yes', '', ''),
(391, '2016-05-13', 'OSMENA VILLAGE, CASUNTINGAN MANDAUE', 'RESIDENTIAL', '75', '', '06:47 PM', '07:03 PM', 'DONNA', 83, 0.0, 'Yes', '22, 88', ''),
(392, '2016-05-16', 'SITIO BAMBOO, USJR BASAK MAMBALING', 'NON-WORKING FIRE', 'OC', '160', '03:13 PM', '03:20 PM', 'DONNA', 83, 0.0, 'Yes', '75', '09,D2,MAYETTE'),
(393, '2016-05-18', 'SITIO KAWAYAN, SAMBAG 2', 'Electrical Fire', 'OC', '160', '05:09 PM', '05:14 PM', 'DONNA', 0, 0.0, 'No', '', ''),
(394, '2016-05-21', 'WORLDWIDE STEEL CORP. H. CORTES, MANDAUE', 'Electrical Fire', 'DIRECT', '', '07:24 PM', '07:31 PM', '91', 90, 0.0, 'No', '80', '43,92'),
(395, '2016-05-26', 'NEAR ARNOLD JANSEN CHURCH, BASAK SAN NICHOLAS', 'WORKING FIRE', 'OC', '160', '12:19 AM', '12:44 AM', '92', 90, 0.0, 'Yes', '', '22,63,96'),
(396, '2016-05-26', 'VICTOR VILLAGE, TRES DE ABRIL', 'WORKING FIRE', '-', '', '03:19 AM', '03:23 AM', '92', 88, 0.0, 'No', '', '90, 94, D2'),
(397, '2016-05-31', 'ECHAVEZ, LOREGA', 'STOCK ROOM', 'OC', '160', '12:48 PM', '12:52 PM', 'DONNA', 91, 0.0, 'No', '', 'MAYETTE'),
(398, '2016-05-31', 'METRO COLON JOLLIBEE', 'STOCK ROOM', 'OC', '160', '06:50 AM', '07:00 AM', '97', 90, 0.0, 'Yes', '', ''),
(399, '2016-06-04', 'A.S. FORTUNA, MANGO GREEN VILLAGE, MANDAUE CITY', 'WORKING FIRE, BODEGA', 'OC', '160', '02:10 AM', '02:30 AM', '93', 92, 0.0, 'Yes', '', '96'),
(400, '2016-06-08', 'SITIO BAKSAN, SAPANGDAKU, GUADALUPE', 'ABANDONED HOUSE', 'OC', '160', '01:03 PM', '01:27 PM', 'DONNA', 43, 0.0, 'No', '', 'MAYETTE'),
(401, '2016-06-09', 'DAWIS TABUNOK, TALISAY CITY', 'RESIDENTIAL', 'OC', '160', '03:12 PM', '03:41 PM', 'DONNA', 38, 0.0, 'Yes', '', 'MAYETTE'),
(402, '2016-06-15', 'DONA CRISTINA, BANAWA', 'NON-WORKING FIRE', 'OC', '160', '05:00 PM', '05:05 PM', 'donna', 9, 0.0, 'No', '', 'MAYETTE, 83,86,97'),
(403, '2016-06-19', 'MISSIONARY NEAR DAGAT, PASIL', 'LIGHT MATERIALS', '87', '160', '05:45 AM', '06:04 AM', '94', 75, 0.0, 'Yes', '30', '22,43,88'),
(404, '2016-06-20', 'UNIT 4, UNAHAN LYCEUM SCHOOL, OPRAH CEBU CITY', 'LIGHT MATERIALS, 2ND ALARM', 'DIRECT', '', '04:08 AM', '04:36 AM', '94', 91, 7.0, 'Yes', '', '22,55,87,92'),
(405, '2016-06-20', 'TABUNOK, TALISAY', 'WORKING FIRE, RESIDENTIAL', '38', '4060425', '04:52 PM', '05:16 PM', 'donna', 9, 15.5, 'Yes', '', 'MAYETTE'),
(406, '2016-06-22', 'RHAMAN STREET, ZAPATERA', 'BUNK HOUSE OF QUEENSLAND', 'OC', '160', '10:35 AM', '10:41 AM', 'DONNA', 0, 0.0, 'No', '', 'MAYETTE'),
(407, '2016-06-23', 'SENOR PEDRO, OPRA CEBU CITY', 'RESIDENTIAL', 'OC', '160', '09:04 PM', '09:12 PM', '98', 83, 0.0, 'Yes', '', ''),
(408, '2016-06-24', 'BACK OF FORD, NIVEL HILLS, LAHUG', 'RESIDENTIAL, 3RD ALARM', 'OC', '160', '12:02 PM', '12:46 PM', 'DONNA', 75, 20.5, 'Yes', '', 'MAYETTE,82,89,30'),
(409, '2016-06-26', 'SITIO LUMAR, BRGY. LOREGA-SAN MIGUEL, CEBU CITY', 'RESIDENTIAL', 'OC', '160', '01:54 AM', '03:01 AM', '98', 86, 39.0, 'Yes', '', ''),
(410, '2016-06-28', 'SANTA ANA, BANAWA', 'WORKING FIRE', 'OC', '160', '01:50 AM', '02:24 AM', '92', 94, 0.0, 'Yes', '', '90,22,62'),
(411, '2016-06-28', 'BLISS, LABANGON', 'WORKING FIRE, RESIDENTIAL', 'OC', '160', '09:43 AM', '10:15 AM', 'DONNA', 68, 16.5, 'Yes', '77', '94,13,40'),
(412, '2016-07-01', 'QUIOT, PARDO', 'RESIDENTIAL', 'PORSHA ROBUTAN', '2631859', '04:40 PM', '05:09 PM', 'DONNA', 86, 0.0, 'No', '', '22,27,43,D1,D2,R1,R2,R3'),
(413, '2016-07-01', 'B. RODRIGUEZ', 'VERIFICATION', 'OC', '160', '06:17 PM', '06:28 PM', 'DONNA', 0, 0.0, 'No', '', ''),
(414, '2016-07-01', 'GAISANO, MINGLANILLA', 'WORKING FIRE', 'OC', '', '09:50 PM', '10:10 PM', '86', 90, 0.0, 'Yes', '', '22,40,55,38,77,87,88,27,R3,R1,63'),
(415, '2016-07-02', 'BETHANY SCHOOL', 'WORKING FIRE', '22', '', '10:01 AM', '10:14 AM', 'DONNA', 9, 0.0, 'Yes', '', '86'),
(416, '2016-07-03', 'MANTOHONG POBLACION, LAPU-LAPU CITY', 'RESIDENTIAL', 'OC', '', '09:06 AM', '09:13 AM', 'MAYETTE', 0, 0.0, 'No', '', ''),
(417, '2016-07-06', 'SALINAS DRIVE EXTENSION, LAHUG', 'WORKING FIRE', 'OC', '160', '07:18 PM', '07:25 PM', '97', 90, 0.0, 'Yes', '', '80,88'),
(418, '2016-07-07', 'BAMBI COMPOUND, NEAR ST. JUDE SCHOOL', 'RESIDENTIAL', 'GLENNA TALO', '09238664953', '09:42 AM', '09:54 AM', 'MAYETTE', 0, 0.0, 'No', '', ''),
(419, '2016-07-10', 'P. REMEDIOS ST. A.S. FORTUNA, MANDAUE CITY', 'Electrical Fire', 'OC', '', '07:16 AM', '07:17 AM', 'DONNA', 0, 0.0, 'No', '', '86,83'),
(420, '2016-07-13', 'INSIDE OF CEBU LIGHT INDUSTRY, BASAK LAPU-LAPU CITY', 'WAREHOUSE OF HYDE-SEIL (FACTORY OF TRAPAL)', '75', '', '03:58 PM', '04:30 PM', 'DONNA', 0, 0.0, 'No', '', 'MAYETTE'),
(421, '2016-07-17', 'VILLA GONZALO 2, CEBU CITY', 'WORKING FIRE', 'OC', '160', '07:58 AM', '08:18 AM', 'DONNA', 9, 15.0, 'Yes', '', '45, 55'),
(422, '2016-07-18', 'VISITACION ST. CEBU CITY', 'NON-WORKING FIRE', 'OC', '160', '04:30 PM', '04:36 PM', 'DONNA', 77, 0.0, 'No', '', '93,97'),
(423, '2016-07-19', 'SITIO LOWER PONCE, CAPITOL SITE, CEBU CITY', 'WORKING FIRE, LIGHT MATERIALS', 'MARK BARDO', '4141502', '06:45 PM', '08:15 PM', 'MAYETTE', 85, 50.0, 'Yes', '', ''),
(424, '2016-07-21', 'INFRONT POLICE STATION, GOING PIER 1', 'KITCHEN FIRE', 'OC', '', '05:09 PM', '05:14 PM', 'DONNA', 9, 0.0, 'No', '', '13,86,94'),
(425, '2016-07-22', 'MAHOGANY SUBD., CANDUMAN', 'RESIDENTIAL', '80', '', '11:07 PM', '11:19 PM', '45', 92, 0.0, 'Yes', '', ''),
(426, '2016-07-30', 'ATBANG SAN CARLOS BOYS HIGH', 'RUBBISH FIRE', 'OC', '160', '08:07 PM', '08:12 PM', 'MAYETTE', 0, 0.0, 'No', '', ''),
(427, '2016-08-01', 'INFRONT LH PRIME, A.S. FORTUNA MANDAUE', 'RESIDENTIAL', 'LENI OF LH PRIME', '3453488', '04:54 PM', '05:18 PM', 'DONNA', 9, 11.5, 'Yes', '', 'MAYETTE'),
(428, '2016-08-08', 'ATBANG EAST VISAYAN ACADEMY, TALISAY CITY', 'WORKING FIRE, RESIDENTIAL', 'OC', '', '01:36 AM', '02:31 AM', '83', 91, 0.0, 'No', '', '27'),
(429, '2016-08-08', 'BIASONG, TALISAY', 'RESIDENTIAL', 'OC', '', '10:27 AM', '10:39 AM', 'DONNA', 0, 0.0, 'No', '', ''),
(430, '2016-08-10', 'SAN ISIDRO, SRP', 'NON-WORKING FIRE', 'VIRGIE', '', '06:34 AM', '06:45 AM', '94', 85, 0.0, 'Yes', '', ''),
(431, '2016-08-12', 'QUIJANO COMPOUND, V. RAMA CEBU CITY', 'NON-WORKING FIRE', 'OC', '160', '10:00 AM', '10:06 AM', 'DONNA', 83, 0.0, 'Yes', '', '85'),
(432, '2016-08-12', 'CABANCALAN 1, BULACAO', 'RESIDENTIAL', 'OC', '', '01:12 PM', '01:26 PM', 'DONNA', 94, 0.0, 'Yes', '', '98'),
(433, '2016-08-12', 'BAMBOO VILLAGE, AT THE BACK OF USJR, BASAK PARDO', 'WORKING FIRE, RESIDENTIAL', 'OC', '160', '02:36 PM', '02:37 PM', 'DONNA', 94, 0.0, 'Yes', '', '43,22'),
(434, '2016-08-13', 'SIKATUNA ST. BRGY. DAY-AS', 'WORKING FIRE', 'OC', '160', '06:02 PM', '07:14 PM', '92', 9, 35.5, 'Yes', '', ''),
(435, '2016-08-15', 'LIKOD SA BRGY. HALL, GUIZO MANDAUE', 'WORKING FIRE', 'OC', '', '08:45 PM', '08:52 PM', 'MAYETTE', 94, 0.0, 'No', '88', '80'),
(436, '2016-08-15', 'ATBANG MARINA MALL, LAPU-LAPU CITY', 'WORKING FIRE, GENERAL ALARM', '75', '', '10:08 PM', '12:05 AM', '97', 9, 35.5, 'Yes', '', '38,79,82'),
(437, '2016-08-21', 'TABUNOK, MANANGGA BRIDGE', 'RESIDENTIAL', 'OC', '160', '01:20 AM', '02:09 AM', '98', 38, 25.5, 'Yes', '', '94'),
(438, '2016-08-21', 'ALUMNOS, MAMBALING', 'WORKING FIRE', 'OC', '160', '11:45 AM', '12:13 PM', '94', 63, 7.5, 'Yes', '', '80,98'),
(439, '2016-08-27', 'ISLAND PASALUBONG, LA GUARDIA LAHUG', 'WORKING FIRE', 'OC', '160', '02:47 AM', '03:04 AM', '85', 92, 0.0, 'Yes', '22,98', '90'),
(440, '2016-09-01', 'ST. JUDE FUNERAL HOMES, A.C. CORTES', 'RESIDENTIAL', '77', '', '05:29 AM', '06:19 AM', '97', 9, 14.0, 'Yes', '', '98,94'),
(441, '2016-09-03', 'POBLACION, TALISAY', 'RESIDENTIAL, LIGHT MATERIALS', 'FLOR FROM REVO', '', '02:08 PM', '02:57 PM', 'DONNA', 38, 8.5, 'Yes', '97', '62,18'),
(442, '2016-09-04', 'QUIOT, PARDO', 'GRASS FIRE', '75', '', '06:54 PM', '07:25 PM', 'DONNA', 90, 0.0, 'No', '', '92,80,27,R3,63,22,88,98'),
(443, '2016-09-11', 'GUADALUPE', 'RESIDENTIAL, LIGHT MATERIALS', 'VISIBLE AT BASE', '', '10:12 AM', '10:30 AM', '93', 90, 0.0, 'Yes', '', '22,27'),
(444, '2016-09-12', 'PIT-OS, TALAMBAN', 'RESIDENTIAL', 'MELINDAY YAP', '2540344', '12:28 PM', '12:42 PM', 'DONNA', 0, 0.0, 'No', '', ''),
(445, '2016-09-13', 'SITIO KALUBIHAN, KALUNASAN', 'RESIDENTIAL', 'OC', '160', '12:20 PM', '12:35 PM', 'DONNA', 9, 0.0, 'No', '', '48,90,94'),
(446, '2016-09-13', 'INFRONT JOLLIBEE, BANAWA', 'RESIDENTIAL, 2 HOUSES', 'OC', '160', '01:31 PM', '01:42 PM', 'DONNA', 94, 12.0, 'Yes', '22,72,29', '09,48,43'),
(447, '2016-09-16', 'HERNAN CORTES, MANDAUE CITY', 'TIRES & RESIDENTIAL', '72', '', '09:49 AM', '10:14 AM', 'DONNA', 90, 7.0, 'Yes', '96', '30,48'),
(448, '2016-09-18', 'LOOC, MANDAUE', 'WORKING FIRE', 'OC', '', '04:56 AM', '05:30 AM', '97', 93, 0.0, 'Yes', '', ''),
(449, '2016-09-18', 'BPI, BESIDE CALTEX MAXILOM AVENUE', 'Electrical Wiring', 'OC', '160', '12:27 PM', '12:46 PM', 'DONNA', 63, 0.0, 'Yes', '', ''),
(450, '2016-09-24', 'ALBANO SUBD. A.S. FORTUNA, MANDAUE CITY', 'RESIDENTIAL', 'JESSEL TALLO', '5202320', '09:45 AM', '09:58 AM', 'DONNA', 0, 0.0, 'No', '', ''),
(451, '2016-09-28', 'NEAR CARBON, BRGY. ERMITA', 'WORKING FIRE', 'OC', '160', '04:06 AM', '04:18 AM', '98', 94, 0.0, 'Yes', '', '22,27,72'),
(452, '2016-09-28', 'PLEASANT HOMES SUBD., PUNTA PRINCESA', 'K-OHMS ELECTRONICS, BODEGA', 'OC', '160', '08:26 AM', '09:56 AM', 'DONNA', 94, 14.0, 'Yes', '', ''),
(453, '2016-09-28', 'HILLSIDE, TALAMBAN', 'WORKING FIRE, RESIDENTIAL', 'OC', '160', '11:54 AM', '12:44 PM', 'DONNA', 40, 24.0, 'Yes', '', ''),
(454, '2016-09-29', 'LARAY SAN ROQUE, TALISAY CITY', 'RESIDENTIAL', 'OC', '', '02:47 PM', '03:20 PM', 'DONNA', 90, 0.0, 'Yes', '75', '72'),
(455, '2016-09-30', 'AT THE BACK OF QUEENSLAND, V. RAMA', '3 STOREY COMMERCIAL HOUSE WITH BODEGA', 'OC', '160', '10:21 AM', '11:27 AM', 'DONNA', 94, 34.0, 'Yes', '', '42'),
(456, '2016-10-01', 'GABUTAN CMPND., GUADALAJARA, GUADALUPE CEBU CITY', 'WORKING FIRE, RESIDENTIAL', 'OC', '160', '10:59 AM', '11:23 AM', 'DONNA', 90, 12.0, 'Yes', '', '95'),
(457, '2016-10-06', 'SAN ISIDRO, QUIOT PARDO', 'NON-WORKING FIRE', '-', '', '05:36 PM', '05:41 PM', 'DONNA', 0, 0.0, 'No', '', ''),
(458, '2016-10-10', 'SITIO BROTHERHOOD, BASAK BONTORES, RAMA COMPND', 'NON-WORKING FIRE', 'OC', '160', '05:47 PM', '06:02 PM', '94', 83, 0.0, 'No', '', '86'),
(459, '2016-10-13', 'V. RANUDO ST. CORNER JAKOSALEM ST. ACASIA INTERIOR', 'NON-WORKING FIRE', 'OC', '160', '02:57 PM', '02:59 PM', 'DONNA', 83, 0.0, 'No', '', '90'),
(460, '2016-10-16', 'SITIO NICOLE, BRGY. KABAJAR, GUADALUPE', 'WORKING FIRE', 'OC', '', '09:40 PM', '09:50 PM', '86', 83, 0.0, 'Yes', '', ''),
(461, '2016-10-20', 'PIER 7', 'BOAT FIRE', '-', '', '02:17 PM', '03:10 PM', 'DONNA', 86, 0.0, 'Yes', '27', '98,75'),
(462, '2016-10-22', 'BENEDICTO ST. MANDAUE CITY', 'NON-WORKING FIRE', 'OC', '', '01:35 PM', '01:36 PM', 'DONNA', 0, 0.0, 'No', '', ''),
(463, '2016-10-25', 'FISH PORT, PASIL', 'WORKING FIRE, 3RD ALARM', 'OC', '160', '04:15 AM', '05:10 AM', '97', 63, 15.5, 'Yes', '', ''),
(464, '2016-10-25', 'LAWAAN 2, SRP', 'NON-WORKING FIRE', '22', '', '10:53 AM', '10:56 AM', 'DONNA', 94, 0.0, 'No', '', ''),
(465, '2016-10-27', 'T. PADILLA', 'WORKING FIRE', 'DIRECT', '4149060', '06:45 PM', '07:14 PM', '86', 83, 24.0, 'Yes', '', ''),
(466, '2016-10-29', 'BESIDE RAMOS BRGY. HALL', 'RESIDENTIAL', 'OC', '160', '06:36 PM', '06:58 PM', 'DONNA', 75, 0.0, 'Yes', '', '22'),
(467, '2016-11-22', 'SAN JORGE VILLAGE, GUADALUPE', 'RESIDENTIAL /  1 HOUSE INVOLVED', 'JEFFREY RECOSOSA', '09175046510', '10:44 AM', '10:56 AM', 'DONNA', 0, 0.0, 'No', '', ''),
(468, '2016-11-22', 'LABUGON, SITIO TABAY, MANDAUE', 'NON-WORKING FIRE', 'DIRECT', '5058630', '12:26 PM', '12:27 PM', 'DONNA', 0, 0.0, 'No', '', '94'),
(469, '2016-11-23', 'CANDUMAN, TALISAY', 'OLD CHURCH INVOLVED', '75', '', '03:30 PM', '03:49 PM', 'DONNA', 0, 0.0, 'No', '', 'MICHELLE'),
(470, '2016-11-24', 'J.LLRENT ST. BEHIND ADNAMA HOTEL', 'LAUNDRY SHOP', 'OC', '160', '07:37 PM', '07:45 PM', '96', 90, 0.0, 'Yes', '', ''),
(471, '2016-11-25', 'SACRIS ROAD, MANDAUE', 'WAREHOUSE INVOLVED', '40', '', '02:56 AM', '05:02 AM', '98', 90, 0.0, 'Yes', '', ''),
(472, '2016-11-28', 'SITIO SAN JOSE, SAMBAG 1', 'WORKING FIRE', 'OC', '160', '06:34 AM', '06:55 AM', '45', 86, 0.0, 'Yes', '', ''),
(473, '2016-11-28', 'AT THE BACK OF CITY HEALTH, BESIDE QUEENSLAND, CARRETA', 'RESIDENTIAL, LIGHT MATERIALS, 3RD ALARM', 'OC', '160', '03:55 PM', '04:28 PM', 'MICHELLE', 86, 47.5, 'Yes', '', '48'),
(474, '2016-12-01', 'DULJO FATIMA', 'GENERAL ALARM', 'OC', '160', '11:30 PM', '01:13 AM', '86', 89, 44.0, 'Yes', '', ''),
(475, '2016-12-02', 'PUROK 6, APAS LAHUG', 'NON-WORKING FIRE', 'OC', '160', '09:08 PM', '09:12 PM', 'DONNA', 0, 0.0, 'No', '', ''),
(476, '2016-12-05', 'PIER 4, BODEGA', 'WORKING FIRE, OIL FIRE', 'OC', '160', '04:00 AM', '05:57 AM', '45', 63, 0.0, 'Yes', '', ''),
(477, '2016-12-05', 'SITIO STO. NINO, BANILAD CEBU CITY', 'RESIDENTIAL, LIGHT MATERIALS, 2ND ALARM', 'VINALEN BATUNAN', '5056908', '02:28 PM', '03:00 PM', 'MICHELLE', 30, 27.0, 'Yes', '82', '48'),
(478, '2016-12-06', 'GANSIYANG, MAMBALING', 'RESIDENTIAL', 'OC', '160', '11:06 AM', '11:22 AM', 'DONNA', 94, 0.0, 'Yes', '77,68', '43,30,22,62'),
(479, '2016-12-11', 'ESPINA VILLAGE', '10-90', '-', '', '12:15 AM', '12:30 AM', '97', 93, 0.0, 'Yes', '', ''),
(480, '2016-12-11', 'PARADISE VILLAGE, LAHUG', 'RESIDENTIAL', '-', '', '07:14 PM', '07:21 PM', 'DONNA', 0, 0.0, 'No', '', ''),
(481, '2016-12-12', 'KASUNTINGAN, CALDEROHAN, MANDAUE CITY', 'RESIDENTIAL, TASK FORCE ALPHA', 'DIRECT', '3437275', '06:05 PM', '06:18 PM', '94', 92, 0.0, 'Yes', '', ''),
(482, '2016-12-17', 'BRGY. KASAMBAGAN, BANILAD', 'Electrical Fire', 'OC', '160', '09:44 AM', '09:44 AM', 'MICHELLE', 0, 0.0, 'No', '', ''),
(483, '2016-12-17', 'RAMOS TOWER (BESIDE DIPLOMAT HOTEL)', 'Electrical Fire', '42', '', '06:28 PM', '06:35 PM', '83', 90, 0.0, 'No', '', '86'),
(484, '2016-12-20', 'TANGKE, TALISAY', 'RESIDENTIAL', 'OC', '', '09:50 PM', '10:41 PM', '98', 86, 39.5, 'Yes', '', '89,92'),
(485, '2016-12-23', 'JOLLIBEE, BANAWA CORNER V. RAMA', 'APARTMENT', 'OC', '160', '08:30 AM', '08:35 AM', 'MICHELLE', 0, 0.0, 'No', '', 'DONNA'),
(486, '2016-12-27', 'F. GONZALES ST. NEAR 63''S HQ', 'MANG INASAL', '63''S FATHER', '2544268', '06:20 PM', '06:33 PM', '98', 75, 0.0, 'Yes', '', '95,27'),
(487, '2016-12-28', 'L. FLORES MAGSAYSAY PASIL', 'WORKING FIRE', 'JOSEPH LIEMPO', '2614578', '03:10 PM', '03:15 PM', 'MICHELLE', 83, 0.0, 'No', '', '22,95,43,72, DONNA'),
(488, '2016-12-30', 'P. SANCHEZ ROAD, RIVERSIDE PAGSABUNGAN', 'RESIDENTIAL', 'GRETCHEN LABIA', '09173233345', '02:16 AM', '02:29 AM', '98', 83, 0.0, 'No', '', '86'),
(489, '2017-06-23', 'PAJO, LAPU-LAPU CITY NEAR MARIGONDON', '-', '-', '', '10:47 AM', '10:47 AM', 'DONNA', 0, 0.0, 'No', '', ''),
(490, '2017-06-28', 'CANAAS SINGSON, GUADALUPE CEBU CITY', 'DAUB', '22', '', '05:12 PM', '05:30 PM', 'MICHELLE', 90, 0.0, 'Yes', '', '27, 62, 80, 94. 98'),
(491, '2017-06-30', 'PAGTAMBAYAYONG, GUADALUPE', 'NON-WORKING FIRE', 'OC', '160', '01:36 PM', '01:46 PM', 'MICHELLE', 0, 0.0, 'No', '', ''),
(492, '2017-07-03', 'BACK OF BUREAU OF IMMIGRATION, MANDAUE AREA', 'CURRENT', '75', '', '07:04 PM', '07:16 PM', 'MICHELLE', 0, 0.0, 'No', '', '94'),
(493, '2017-07-05', 'ESPINA VILLAGE, B. RODRIQUEZ', 'WORKING FIRE/ RESIDENTIAL/ SEMI SUBDIVION', 'DONNA', '', '01:17 PM', '01:45 PM', 'MICHELLE', 75, 13.0, 'Yes', '', '22.'),
(494, '2017-07-06', 'SIMON GROUP OF COMPANIES BUILDING', 'SMOKE ALARM', 'OC', '160', '04:26 PM', '04:33 PM', 'MICHELLE', 0, 0.0, 'No', '', '13, AT FS; 72'),
(495, '2017-07-07', 'BARANGAY LUZ', 'RESIDENTIAL', 'OC', '160', '07:12 AM', '07:07 AM', 'MICHELLE', 9, 0.0, 'Yes', 'FS; 72, FB; 98', ' 27, 75, 88, 90, 92 AT FS; 09'),
(496, '2017-07-09', 'BEVERLY HILLS, LAHUG', 'RESIDENTIAL', 'OC', '160', '07:58 PM', '08:07 PM', 'DONNA', 0, 0.0, 'No', '', ''),
(497, '2017-07-10', 'HERNAN CORTES BACK OF SLABADU/ BESIDE XIYAN TRADING', 'RESIDENTIAL/ 3RD ALARM', 'OC', '160', '04:56 AM', '05:42 AM', '45', 91, 39.5, 'Yes', '', ''),
(498, '2017-07-10', 'TINGUB, MANDAUE CITY', 'NON-WORKING FIRE', 'RHEA SARAYNO', '2684769', '02:31 PM', '02:45 PM', 'DONNA', 0, 0.0, 'No', '', ''),
(499, '2015-03-30', 'BRGY. APAS, NEAR APAS ELEM. SCHOOL', 'NON-WORKING FIRE', 'OC', '160', '04:09 PM', '04:14 PM', 'MELISSA', 85, 0.0, 'No', '', ''),
(500, '2015-03-27', 'SITIO CAIMETO, DUTERTE ST. BANAWA', 'WORKING FIRE/ RESIDENTIAL', 'OC', '160', '04:56 PM', '05:13 PM', 'MELISSA', 48, 39.5, 'Yes', '', '50, 62, 92'),
(501, '2015-01-01', 'FATIMA, BULACAO', 'NON-WORKING FIRE', 'OC', '160', '10:23 PM', '10:35 PM', '88', 0, 0.0, 'No', '', ''),
(502, '2015-01-01', 'M. VELEZ CAPITOL ( BESIDE SAN JOSE BAKESHOP)', 'ELECTRICAL FIRE (LIGHT MATERIALS/ 1 HOUSE INVOLVED)', 'OC', '160', '02:38 PM', '02:42 PM', 'MELISSA', 83, 0.0, 'Yes', '', '80'),
(503, '2015-01-05', 'SITIO RIVERSIDE, CAPITOL SITE', 'WORKING FIRE', 'RELATIVES OF RADIO OPERATOR', '', '11:21 AM', '11:49 AM', 'MELISSA', 30, 35.5, 'Yes', '', ''),
(504, '2015-01-08', 'KANAAS SINGSON VILLAGE, GUADALUPE', 'RESIDENTIAL', 'OC', '160', '02:24 AM', '02:59 AM', '89', 77, 29.5, 'Yes', '70', '22, 62, 93, 94'),
(505, '2015-01-08', 'VILLA SAN LORENZO, GUADALUPE', 'ELECTRICAL FIRE INVOLVED EMERGENCY LIGHT', 'MEDALLA AOCHITECT', '0', '06:57 PM', '07:05 PM', '94', 30, 0.0, 'Yes', '', ''),
(506, '2015-01-11', 'PHIL SPAN ASIA CARRIER CORP. DON SULPICIO GO BLDG. PIER 4, CEBU CITY ', 'WORKING FIRE/ 3RD ALARM/ DON', 'OC & VICTORIANO GO', '0', '07:40 AM', '08:22 AM', '45', 63, 15.5, 'Yes', '', ''),
(507, '2015-01-12', 'SORAN SABELLANO ST, QUIOT PARDO', 'WORKING FIRE', 'OC', '160', '10:03 AM', '10:25 AM', 'MELISSA', 0, 0.0, 'No', '', '45, 48'),
(508, '2015-01-13', 'SM CITY CEBU/ GREENWICH', 'WORKING FIRE', 'OC', '160', '12:46 AM', '01:12 AM', '45', 83, 0.0, 'Yes', '', ''),
(509, '2015-01-14', 'MANROSE BLDG. AT THE BACK CLUB ACE MANGO', 'ELECTRICAL FIRE', 'OC', '160', '02:28 PM', '02:35 PM', 'MELISSA', 83, 0.0, 'Yes', '', ''),
(510, '2015-01-15', 'SITIO ROTUNDA, BANILAD (BACK OF COUNTRY MALL)', 'WORKING FIRE', 'SANCHEZ', '09222478641', '09:09 PM', '09:32 PM', '45', 85, 0.0, 'Yes', '', ''),
(511, '2015-01-19', 'PANAGDAIT ROAD, ( BACK OF GT GAS STATION)', 'RUBBISH FIRE', 'OC', '160', '11:13 AM', '11:27 AM', 'MELISSA', 0, 0.0, 'No', '', ''),
(512, '2017-07-12', 'GEN. LUNA ST., NEAR TALISAY CEMETERY', 'RESIDENTIAL', 'MARILOU HERNANDO', '2602650', '03:24 PM', '03:38 PM', 'DONNA', 0, 0.0, 'No', '', ''),
(513, '2017-07-12', 'SANCIANGKO ST., AT THE BACK OF UV', 'NON-WORKING FIRE', 'OC', '160', '03:45 PM', '03:54 PM', 'DONNA', 0, 0.0, 'No', '', '98, D2, R1, R2, R3'),
(514, '2017-07-13', 'CALAMBA, V. RAMA', 'RESIDENTIAL', '0', '2543546', '05:20 AM', '05:35 AM', '97', 92, 0.0, 'Yes', '', '90'),
(515, '2017-07-16', 'AA BBQ NEAR CICC, MANDAUE', '2ND. FLOOR EMPLOYEE BUNK HOUSE', 'OC/ AA STAFF', '2539283', '10:02 PM', '10:16 PM', '94', 45, 0.0, 'Yes', '72 AT FS', '62, 87, 90, 92, 98 AT FS; 29, 63, 97'),
(516, '2015-01-22', 'BARANGAY APAS, LAHUG (BACK OF COUNTRY MALL 6TH ST./ SITIO STO. NIO)', 'WORKING FIRE/ LIGHT MATERIALS', 'OC', '160', '02:42 AM', '03:33 AM', '45', 86, 15.5, 'Yes', '', ''),
(517, '2015-01-24', 'DUTERTE ST., BANAWA (BACK OF SHELL STATION)', 'RUBBISH FIRE', 'OC', '160', '03:04 PM', '03:06 PM', 'MELISSA', 0, 0.0, 'No', '', ''),
(518, '2015-01-25', 'DULJO FATIMA NEAR BRGY. HALL', 'RESIDENTIAL', 'OC', '160', '05:28 AM', '05:40 AM', '94', 83, 0.0, 'Yes', '22, 63, 70, 88 ', '27, 90'),
(519, '2015-01-26', 'SITIO COLO ISLA ALIGRE, BRGY. BASAK SAN NICOLAS', 'GENERAL ALARM ', 'OC', '160', '04:46 PM', '05:50 PM', 'MELISSA', 70, 26.9, 'Yes', '', '42, 50'),
(520, '2015-01-27', 'QUIJANO COMPOUND, V.RAMA', '1 HOUSE ONLY', 'OC', '160', '01:07 AM', '01:14 AM', '45', 83, 0.0, 'Yes', '', ''),
(521, '2015-01-31', 'SAMBAG 2/ B.ROD FRONT OF PETRON', '1 HOUSE', 'JUSTINE', '0', '07:54 PM', '08:00 PM', '45', 85, 1.5, 'Yes', '', '92'),
(522, '2015-02-02', 'CABREROS ST. BASAK SAN SAN NICOLAS ', 'RESIDENTIAL 2, 3, 1 STORE', 'OC', '160', '07:24 PM', '07:46 PM', '94', 83, 12.0, 'Yes', '72, 82', '22, 30, 45, 48, 56, 88, 90'),
(523, '2015-02-02', 'PIER 4, BACK OF ESCARIOS', 'NON-WORKING FIRE', 'JUSILITO FROM SULPICIO', '4166583', '09:03 PM', '09:07 PM', '90', 0, 0.0, 'No', '', '45, 48, 83, 85, 87, 94'),
(524, '2015-02-03', 'SAMBAG 2, NEAR BRGY. HALL', 'GENERAL ALARM ', 'OC', '0', '03:20 AM', '04:01 AM', '45', 83, 35.0, 'Yes', '', ''),
(525, '2015-02-03', 'IBABAO, MANDAUE (TOKUNAMI HARDWARE)', 'WORKING FIRE', 'OC', '160', '06:11 PM', '06:48 PM', '83', 85, 20.0, 'Yes', '', '22, 30, 79, 88, 90, 93, 95, 96'),
(526, '2015-02-04', 'PILIT CABANGCALAN, MANDAUE CITY', 'WORKING FIRE', '40', '', '06:49 PM', '07:02 PM', '93', 83, 0.0, 'Yes', '', '22, 27, 30, 48'),
(527, '2015-02-05', 'CAMBARO, MANDAUE', 'WORKING FIRE', 'OC MANDAUE', '', '11:19 PM', '11:37 PM', '89', 85, 0.0, 'Yes', 'FS; 40, 72', '27, 63, 82, 87, 92, 95'),
(528, '2015-02-08', 'BARRIO LUZ', 'WORKING FIRE', 'OC', '160', '01:29 PM', '01:38 PM', '89', 85, 0.0, 'Yes', '22 AT BASE; 63, 75 AT FS', '77, 90'),
(529, '2015-02-10', 'CTU- SMALL STALLS INSIDE', 'WORKING FIRE', 'OC', '160', '08:21 PM', '08:34 PM', '45', 85, 0.0, 'Yes', '', ''),
(530, '2015-02-12', 'KINASANG-AN PARDO ', 'NON-WORKING FIRE', 'OC', '160', '09:56 AM', '09:58 AM', 'MELISSA', 0, 0.0, 'No', '', ''),
(531, '2015-02-13', 'DAUIS TABUNOK, TALISAY', 'WORKING FIRE', 'OC', '160', '03:03 PM', '03:34 PM', 'MELISSA', 85, 1.5, 'Yes', '', '27, 48, 72, '),
(532, '2015-02-16', 'PEACE VALLEY PARDO (AT BACK OF PRINCE WAREHOUSE)', 'GARBAGE FIRE', 'OC ', '160', '04:54 PM', '05:02 PM', '93', 0, 0.0, 'No', '', ''),
(533, '2015-02-17', 'SITIO ROTONDA, BACK OF COUNTRY MALL', 'WORKING FIRE', 'OC ', '160', '01:42 PM', '01:54 PM', '43', 0, 0.0, 'No', '', ''),
(534, '2015-02-17', 'SITIO SAN VICENTE, BRGY. LUZ', 'WORKING FIRE', 'OC', '160', '01:55 PM', '01:59 PM', '43', 0, 0.0, 'No', '', ''),
(535, '2015-02-18', 'LOREGA BAG-ONG DALAN', 'WORKING FIRE', 'OC', '160', '11:03 AM', '11:05 AM', 'ERIC', 0, 0.0, 'No', '', ''),
(536, '2015-02-18', 'VILLA GONZALLO DOS, BLESSED SACRAMENT', 'WORKING FIRE', 'OC', '160', '02:07 PM', '02:12 PM', 'JAY', 0, 0.0, 'No', '', '77'),
(537, '2015-02-18', 'NEWTOWN PARDO, CIWAK/ SITIO KAWAYAN, POBLACION PARDO, CEBU CITY', 'WORKING FIRE', 'OC', '160', '04:29 PM', '05:09 PM', 'ERIC', 88, 14.0, 'Yes', '', '18, 35, 62, 85, 92'),
(538, '2015-01-22', 'NIVEL HILLS NEAR HOLY FAMILY RETREAT HOUSE', '1 HOUSE', 'LEAH', '09225094408', '11:23 PM', '11:37 PM', '94', 83, 0.0, 'Yes', '75', ''),
(539, '2015-02-25', 'T. PADILLA (AT THE BACK OF H.Q 68)', 'WORKING FIRE/ LIGHT MATERIALS', 'OC', '160', '05:15 PM', '05:25 PM', 'MELISSA', 90, 0.0, 'Yes', '', '48, 22, 80, 85'),
(540, '2015-02-26', 'BRGY. TINGUB, MANDAUE CITY', 'RUBBISH FIRE', '90', '160', '04:25 AM', '04:04 AM', 'ERIC', 0, 0.0, 'No', '', '94'),
(541, '2015-02-27', 'BASAK TANGKE, LAPU-LAPU CITY', '1 HOUSE/ LIGHT MATERIALS', 'OC', '160', '12:15 PM', '12:23 PM', 'MELISSA', 0, 0.0, 'No', '', '85, 90'),
(542, '2015-02-28', 'FRONT OF USJR BASAK', '1 HOUSE', 'OC ', '160', '01:42 PM', '01:52 PM', 'MELISSA', 0, 0.0, 'No', '', '83, 86, 92'),
(543, '2015-03-02', 'COMMAND CENTER, MAMBALING', 'BUILDING (RDCC)', 'OC', '160', '11:44 AM', '12:44 PM', 'MELISSA', 0, 0.0, 'No', '', '43, 90');

-- --------------------------------------------------------

--
-- Table structure for table `meeting`
--

DROP TABLE IF EXISTS `meeting`;
CREATE TABLE IF NOT EXISTS `meeting` (
  `id` bigint(20) NOT NULL AUTO_INCREMENT,
  `date_of_meeting` date NOT NULL,
  `activity` text NOT NULL,
  `venue` text NOT NULL,
  `oic` varchar(10) NOT NULL,
  `remarks` text NOT NULL,
  `recorder` varchar(10) NOT NULL,
  `approved_by` varchar(10) DEFAULT NULL,
  `sent` tinyint(1) DEFAULT '0',
  `replied` tinyint(1) DEFAULT '0',
  PRIMARY KEY (`id`)
) ENGINE=InnoDB  DEFAULT CHARSET=utf8 AUTO_INCREMENT=26 ;

--
-- Dumping data for table `meeting`
--

INSERT INTO `meeting` (`id`, `date_of_meeting`, `activity`, `venue`, `oic`, `remarks`, `recorder`, `approved_by`, `sent`, `replied`) VALUES
(9, '2016-10-27', 'GM Meeting', 'Bravo', '48', 'GM Meeting', '93', NULL, 0, 0),
(10, '2016-09-29', 'GM Meeting', 'Bravo', '30', 'GM MEETING', '98', NULL, 0, 0),
(11, '2016-08-25', 'GM MEETING', 'Bravo', '48', 'GM MEETING', '83', NULL, 0, 0),
(12, '2016-07-28', 'GM MEETING', 'BRAVO', '48', 'GM MEETING', '93', NULL, 0, 0),
(13, '2016-06-30', 'GM MEETING', 'BRAVO', '09', 'GM MEETING', '93', NULL, 0, 0),
(14, '2016-04-28', 'GM MEETING', 'BRAVO', '48', 'GM MEETING', '93', NULL, 0, 0),
(15, '2016-03-31', 'GM MEETING', 'BRAVO', '48', 'GM MEETING', '48', NULL, 0, 0),
(16, '2016-02-25', 'GM MEETING', 'BRAVO', '48', 'GM MEETING', '93', NULL, 0, 0),
(17, '2015-11-26', 'GM MEETING', 'BRAVO', '48', 'gm meeting', '94', NULL, 0, 0),
(18, '2017-05-25', 'GM MEETING', 'BRAVO', '09', 'N/A', '91', NULL, 0, 0),
(20, '2017-03-30', 'GM MEETING', 'BRAVO', '09', 'SEE SEPARATE MINUTES OF THE MEETING', '84', NULL, 0, 0),
(21, '2017-03-16', 'GM MEETING', 'BRAVO', '48', '48 EXPLAIN', '96', NULL, 0, 0),
(22, '2017-01-26', 'GM MEETING', 'BRAVO', '48', 'N/A', '98', NULL, 0, 0),
(23, '2017-04-27', 'GM MEETING', 'BRAVO', '09', 'N/A', '84', NULL, 0, 0),
(24, '2016-11-24', 'GM MEETING', 'BRAVO', '48', 'gm', '94', NULL, 0, 0),
(25, '2017-06-29', 'GM MEETING', 'BRAVO', '09', 'CESAR''S BDAY AND GMM', '94', NULL, 0, 0);

-- --------------------------------------------------------

--
-- Table structure for table `meeting_attendance`
--

DROP TABLE IF EXISTS `meeting_attendance`;
CREATE TABLE IF NOT EXISTS `meeting_attendance` (
  `meeting_id` bigint(20) NOT NULL,
  `unit` varchar(10) NOT NULL,
  `attendance_date` date NOT NULL,
  KEY `training` (`meeting_id`)
) ENGINE=InnoDB DEFAULT CHARSET=utf8;

--
-- Dumping data for table `meeting_attendance`
--

INSERT INTO `meeting_attendance` (`meeting_id`, `unit`, `attendance_date`) VALUES
(9, '09', '2016-10-27'),
(9, '13', '2016-10-27'),
(9, '29', '2016-10-27'),
(9, '30', '2016-10-27'),
(9, '43', '2016-10-27'),
(9, '48', '2016-10-27'),
(9, '50', '2016-10-27'),
(9, '63', '2016-10-27'),
(9, '72', '2016-10-27'),
(9, '75', '2016-10-27'),
(9, '79', '2016-10-27'),
(9, '83', '2016-10-27'),
(9, '86', '2016-10-27'),
(9, '87', '2016-10-27'),
(9, '90', '2016-10-27'),
(9, '92', '2016-10-27'),
(9, '93', '2016-10-27'),
(9, '94', '2016-10-27'),
(9, '97', '2016-10-27'),
(9, '42', '2016-10-27'),
(10, '27', '2016-09-29'),
(10, '29', '2016-09-29'),
(10, '30', '2016-09-29'),
(10, '38', '2016-09-29'),
(10, '40', '2016-09-29'),
(10, '43', '2016-09-29'),
(10, '45', '2016-09-29'),
(10, '63', '2016-09-29'),
(10, '75', '2016-09-29'),
(10, '80', '2016-09-29'),
(10, '85', '2016-09-29'),
(10, '88', '2016-09-29'),
(10, '90', '2016-09-29'),
(10, '91', '2016-09-29'),
(10, '94', '2016-09-29'),
(10, '96', '2016-09-29'),
(10, '98', '2016-09-29'),
(11, '09', '2016-08-25'),
(11, '22', '2016-08-25'),
(11, '27', '2016-08-25'),
(11, '29', '2016-08-25'),
(11, '30', '2016-08-25'),
(11, '38', '2016-08-25'),
(11, '40', '2016-08-25'),
(11, '45', '2016-08-25'),
(11, '63', '2016-08-25'),
(11, '75', '2016-08-25'),
(11, '80', '2016-08-25'),
(11, '83', '2016-08-25'),
(11, '87', '2016-08-25'),
(11, '88', '2016-08-25'),
(11, '89', '2016-08-25'),
(11, '90', '2016-08-25'),
(11, '92', '2016-08-25'),
(11, '94', '2016-08-25'),
(11, '48', '2016-08-25'),
(11, '97', '2016-08-25'),
(11, '98', '2016-08-25'),
(11, '82', '2016-08-25'),
(11, '42', '2016-08-25'),
(12, '09', '2016-07-28'),
(12, '13', '2016-07-28'),
(12, '22', '2016-07-28'),
(12, '48', '2016-07-28'),
(12, '55', '2016-07-28'),
(12, '63', '2016-07-28'),
(12, '80', '2016-07-28'),
(12, '83', '2016-07-28'),
(12, '85', '2016-07-28'),
(12, '88', '2016-07-28'),
(12, '92', '2016-07-28'),
(12, '93', '2016-07-28'),
(12, '94', '2016-07-28'),
(12, '97', '2016-07-28'),
(12, '90', '2016-07-28'),
(12, '98', '2016-07-28'),
(12, '87', '2016-07-28'),
(12, '29', '2016-07-28'),
(12, '75', '2016-07-28'),
(12, '82', '2016-07-28'),
(12, '40', '2016-07-28'),
(12, '45', '2016-07-28'),
(12, '86', '2016-07-28'),
(12, '95', '2016-07-28'),
(12, '42', '2016-07-28'),
(12, '50', '2016-07-28'),
(12, '38', '2016-07-28'),
(13, '09', '2016-06-30'),
(13, '13', '2016-06-30'),
(13, '22', '2016-06-30'),
(13, '30', '2016-06-30'),
(13, '38', '2016-06-30'),
(13, '43', '2016-06-30'),
(13, '45', '2016-06-30'),
(13, '50', '2016-06-30'),
(13, '55', '2016-06-30'),
(13, '56', '2016-06-30'),
(13, '63', '2016-06-30'),
(13, '77', '2016-06-30'),
(13, '80', '2016-06-30'),
(13, '85', '2016-06-30'),
(13, '86', '2016-06-30'),
(13, '87', '2016-06-30'),
(13, '88', '2016-06-30'),
(13, '89', '2016-06-30'),
(13, '90', '2016-06-30'),
(13, '92', '2016-06-30'),
(13, '93', '2016-06-30'),
(13, '94', '2016-06-30'),
(13, '96', '2016-06-30'),
(13, '42', '2016-06-30'),
(14, '09', '2016-04-28'),
(14, '13', '2016-04-28'),
(14, '22', '2016-04-28'),
(14, '29', '2016-04-28'),
(14, '35', '2016-04-28'),
(14, '42', '2016-04-28'),
(14, '43', '2016-04-28'),
(14, '45', '2016-04-28'),
(14, '48', '2016-04-28'),
(14, '50', '2016-04-28'),
(14, '56', '2016-04-28'),
(14, '63', '2016-04-28'),
(14, '72', '2016-04-28'),
(14, '75', '2016-04-28'),
(14, '80', '2016-04-28'),
(14, '83', '2016-04-28'),
(14, '85', '2016-04-28'),
(14, '86', '2016-04-28'),
(14, '87', '2016-04-28'),
(14, '88', '2016-04-28'),
(14, '90', '2016-04-28'),
(14, '91', '2016-04-28'),
(14, '92', '2016-04-28'),
(14, '93', '2016-04-28'),
(14, '94', '2016-04-28'),
(14, '96', '2016-04-28'),
(15, '48', '2016-03-31'),
(15, '30', '2016-03-31'),
(15, '09', '2016-03-31'),
(15, '29', '2016-03-31'),
(15, '35', '2016-03-31'),
(15, '38', '2016-03-31'),
(15, '40', '2016-03-31'),
(15, '42', '2016-03-31'),
(15, '43', '2016-03-31'),
(15, '45', '2016-03-31'),
(15, '50', '2016-03-31'),
(15, '55', '2016-03-31'),
(15, '72', '2016-03-31'),
(15, '80', '2016-03-31'),
(15, '83', '2016-03-31'),
(15, '85', '2016-03-31'),
(15, '86', '2016-03-31'),
(15, '87', '2016-03-31'),
(15, '88', '2016-03-31'),
(15, '89', '2016-03-31'),
(15, '90', '2016-03-31'),
(15, '91', '2016-03-31'),
(15, '92', '2016-03-31'),
(15, '94', '2016-03-31'),
(15, '95', '2016-03-31'),
(15, '22', '2016-03-31'),
(16, '09', '2016-02-25'),
(16, '13', '2016-02-25'),
(16, '22', '2016-02-25'),
(16, '29', '2016-02-25'),
(16, '30', '2016-02-25'),
(16, '35', '2016-02-25'),
(16, '42', '2016-02-25'),
(16, '45', '2016-02-25'),
(16, '56', '2016-02-25'),
(16, '38', '2016-02-25'),
(16, '72', '2016-02-25'),
(16, '75', '2016-02-25'),
(16, '84', '2016-02-25'),
(16, '85', '2016-02-25'),
(16, '86', '2016-02-25'),
(16, '87', '2016-02-25'),
(16, '88', '2016-02-25'),
(16, '89', '2016-02-25'),
(16, '91', '2016-02-25'),
(16, '92', '2016-02-25'),
(16, '93', '2016-02-25'),
(16, '94', '2016-02-25'),
(16, '95', '2016-02-25'),
(16, '96', '2016-02-25'),
(16, '77', '2016-02-25'),
(16, '48', '2016-02-25'),
(17, '48', '2015-11-26'),
(17, '30', '2015-11-26'),
(17, '09', '2015-11-26'),
(17, '13', '2015-11-26'),
(17, '22', '2015-11-26'),
(17, '29', '2015-11-26'),
(17, '35', '2015-11-26'),
(17, '38', '2015-11-26'),
(17, '42', '2015-11-26'),
(17, '55', '2015-11-26'),
(17, '63', '2015-11-26'),
(17, '72', '2015-11-26'),
(17, '79', '2015-11-26'),
(17, '80', '2015-11-26'),
(17, '83', '2015-11-26'),
(17, '85', '2015-11-26'),
(17, '86', '2015-11-26'),
(17, '87', '2015-11-26'),
(17, '88', '2015-11-26'),
(17, '90', '2015-11-26'),
(17, '92', '2015-11-26'),
(17, '94', '2015-11-26'),
(17, '95', '2015-11-26'),
(17, '96', '2015-11-26'),
(17, '91', '2015-11-26'),
(17, '75', '2015-11-26'),
(17, '40', '2015-11-26'),
(17, '84', '2015-11-26'),
(18, '09', '2017-05-25'),
(18, '13', '2017-05-25'),
(18, '22', '2017-05-25'),
(18, '29', '2017-05-25'),
(18, '30', '2017-05-25'),
(18, '38', '2017-05-25'),
(18, '40', '2017-05-25'),
(18, '42', '2017-05-25'),
(18, '43', '2017-05-25'),
(18, '50', '2017-05-25'),
(18, '55', '2017-05-25'),
(18, '56', '2017-05-25'),
(18, '63', '2017-05-25'),
(18, '72', '2017-05-25'),
(18, '75', '2017-05-25'),
(18, '80', '2017-05-25'),
(18, '83', '2017-05-25'),
(18, '84', '2017-05-25'),
(18, '86', '2017-05-25'),
(18, '87', '2017-05-25'),
(18, '88', '2017-05-25'),
(18, '89', '2017-05-25'),
(18, '90', '2017-05-25'),
(18, '91', '2017-05-25'),
(18, '92', '2017-05-25'),
(18, '94', '2017-05-25'),
(18, '95', '2017-05-25'),
(18, '96', '2017-05-25'),
(20, '09', '2017-03-30'),
(20, '30', '2017-03-30'),
(20, '13', '2017-03-30'),
(20, '22', '2017-03-30'),
(20, '29', '2017-03-30'),
(20, '38', '2017-03-30'),
(20, '40', '2017-03-30'),
(20, '42', '2017-03-30'),
(20, '43', '2017-03-30'),
(20, '45', '2017-03-30'),
(20, '50', '2017-03-30'),
(20, '55', '2017-03-30'),
(20, '56', '2017-03-30'),
(20, '72', '2017-03-30'),
(20, '75', '2017-03-30'),
(20, '80', '2017-03-30'),
(20, '82', '2017-03-30'),
(20, '84', '2017-03-30'),
(20, '87', '2017-03-30'),
(20, '88', '2017-03-30'),
(20, '89', '2017-03-30'),
(20, '90', '2017-03-30'),
(20, '91', '2017-03-30'),
(20, '92', '2017-03-30'),
(20, '94', '2017-03-30'),
(20, '95', '2017-03-30'),
(20, '96', '2017-03-30'),
(20, '97', '2017-03-30'),
(21, '48', '2017-03-16'),
(21, '09', '2017-03-16'),
(21, '30', '2017-03-16'),
(21, '13', '2017-03-16'),
(21, '22', '2017-03-16'),
(21, '29', '2017-03-16'),
(21, '38', '2017-03-16'),
(21, '42', '2017-03-16'),
(21, '43', '2017-03-16'),
(21, '45', '2017-03-16'),
(21, '50', '2017-03-16'),
(21, '56', '2017-03-16'),
(21, '63', '2017-03-16'),
(21, '72', '2017-03-16'),
(21, '75', '2017-03-16'),
(21, '77', '2017-03-16'),
(21, '80', '2017-03-16'),
(21, '84', '2017-03-16'),
(21, '85', '2017-03-16'),
(21, '86', '2017-03-16'),
(21, '87', '2017-03-16'),
(21, '88', '2017-03-16'),
(21, '89', '2017-03-16'),
(21, '90', '2017-03-16'),
(21, '92', '2017-03-16'),
(21, '94', '2017-03-16'),
(21, '95', '2017-03-16'),
(21, '96', '2017-03-16'),
(21, '98', '2017-03-16'),
(22, '48', '2017-01-26'),
(22, '09', '2017-01-26'),
(22, '30', '2017-01-26'),
(22, '22', '2017-01-26'),
(22, '29', '2017-01-26'),
(22, '38', '2017-01-26'),
(22, '40', '2017-01-26'),
(22, '42', '2017-01-26'),
(22, '43', '2017-01-26'),
(22, '45', '2017-01-26'),
(22, '50', '2017-01-26'),
(22, '55', '2017-01-26'),
(22, '56', '2017-01-26'),
(22, '72', '2017-01-26'),
(22, '75', '2017-01-26'),
(22, '80', '2017-01-26'),
(22, '83', '2017-01-26'),
(22, '84', '2017-01-26'),
(22, '86', '2017-01-26'),
(22, '87', '2017-01-26'),
(22, '88', '2017-01-26'),
(22, '89', '2017-01-26'),
(22, '90', '2017-01-26'),
(22, '92', '2017-01-26'),
(22, '94', '2017-01-26'),
(22, '95', '2017-01-26'),
(22, '98', '2017-01-26'),
(23, '09', '2017-04-27'),
(23, '30', '2017-04-27'),
(23, '13', '2017-04-27'),
(23, '22', '2017-04-27'),
(23, '29', '2017-04-27'),
(23, '38', '2017-04-27'),
(23, '40', '2017-04-27'),
(23, '42', '2017-04-27'),
(23, '43', '2017-04-27'),
(23, '45', '2017-04-27'),
(23, '50', '2017-04-27'),
(23, '55', '2017-04-27'),
(23, '56', '2017-04-27'),
(23, '63', '2017-04-27'),
(23, '72', '2017-04-27'),
(23, '80', '2017-04-27'),
(23, '83', '2017-04-27'),
(23, '84', '2017-04-27'),
(23, '86', '2017-04-27'),
(23, '87', '2017-04-27'),
(23, '88', '2017-04-27'),
(23, '89', '2017-04-27'),
(23, '90', '2017-04-27'),
(23, '92', '2017-04-27'),
(23, '94', '2017-04-27'),
(23, '95', '2017-04-27'),
(24, '09', '2016-11-24'),
(24, '22', '2016-11-24'),
(24, '29', '2016-11-24'),
(24, '30', '2016-11-24'),
(24, '38', '2016-11-24'),
(24, '40', '2016-11-24'),
(24, '43', '2016-11-24'),
(24, '48', '2016-11-24'),
(24, '55', '2016-11-24'),
(24, '63', '2016-11-24'),
(24, '72', '2016-11-24'),
(24, '80', '2016-11-24'),
(24, '83', '2016-11-24'),
(24, '86', '2016-11-24'),
(24, '87', '2016-11-24'),
(24, '88', '2016-11-24'),
(24, '89', '2016-11-24'),
(24, '90', '2016-11-24'),
(24, '92', '2016-11-24'),
(24, '96', '2016-11-24'),
(24, '98', '2016-11-24'),
(25, '09', '2017-06-29'),
(25, '13', '2017-06-29'),
(25, '18', '2017-06-29'),
(25, '22', '2017-06-29'),
(25, '27', '2017-06-29'),
(25, '29', '2017-06-29'),
(25, '30', '2017-06-29'),
(25, '38', '2017-06-29'),
(25, '40', '2017-06-29'),
(25, '42', '2017-06-29'),
(25, '45', '2017-06-29'),
(25, '50', '2017-06-29'),
(25, '55', '2017-06-29'),
(25, '72', '2017-06-29'),
(25, '80', '2017-06-29'),
(25, '83', '2017-06-29'),
(25, '84', '2017-06-29'),
(25, '86', '2017-06-29'),
(25, '88', '2017-06-29'),
(25, '89', '2017-06-29'),
(25, '90', '2017-06-29'),
(25, '92', '2017-06-29'),
(25, '94', '2017-06-29'),
(25, '95', '2017-06-29'),
(25, '98', '2017-06-29'),
(25, '62', '2017-06-29'),
(25, '63', '2017-06-29'),
(25, '93', '2017-06-29'),
(25, '87', '2017-06-29'),
(25, '43', '2017-06-29'),
(25, '91', '2017-06-29');

-- --------------------------------------------------------

--
-- Table structure for table `personnel`
--

DROP TABLE IF EXISTS `personnel`;
CREATE TABLE IF NOT EXISTS `personnel` (
  `id` int(11) NOT NULL AUTO_INCREMENT,
  `first_name` varchar(100) NOT NULL,
  `last_name` varchar(100) NOT NULL,
  `unit` varchar(10) NOT NULL,
  `status` varchar(10) NOT NULL,
  PRIMARY KEY (`id`),
  KEY `index_unit` (`unit`),
  KEY `unit` (`unit`),
  KEY `unit_2` (`unit`)
) ENGINE=InnoDB  DEFAULT CHARSET=utf8 AUTO_INCREMENT=55 ;

--
-- Dumping data for table `personnel`
--

INSERT INTO `personnel` (`id`, `first_name`, `last_name`, `unit`, `status`) VALUES
(4, 'Cesar', 'Tiu', '13', 'active'),
(5, 'Johnny', 'Chik', '18', 'active'),
(6, 'Tirso', 'Aberia', '22', 'active'),
(7, 'Alexander', 'Sia', '27', 'active'),
(8, 'Mark Anthony', 'Raola', '29', 'active'),
(9, 'Ronnie', 'Gocuan', '30', 'active'),
(10, 'Maxwell', 'Ahyong', '35', 'inactive'),
(11, 'Jason', 'Dy', '38', 'active'),
(12, 'Micheal', 'Dy', '40', 'active'),
(13, 'Joubert', 'Lim', '42', 'active'),
(14, 'Alfred', 'Chu', '43', 'active'),
(15, 'Philip', 'Po', '45', 'active'),
(16, 'Wilton', 'Uykingtian', '48', 'active'),
(17, 'Leonardo', 'Angeles Jr.', '50', 'active'),
(18, 'Dick Nathan', 'Co', '55', 'active'),
(19, 'Roberto', 'Labadan', '56', 'active'),
(20, 'Benjamin', 'Go', '62', 'active'),
(21, 'Bronson', 'Pea', '63', 'active'),
(22, 'Jepher', 'Racuya', '68', 'active'),
(23, 'Dennis', 'Cuenco', '72', 'active'),
(24, 'Micheal', 'Tan', '75', 'active'),
(25, 'Kimhe', 'Chan', '77', 'active'),
(26, 'Jeffrey', 'So', '79', 'active'),
(27, 'Alexander', 'Tanchan', '80', 'active'),
(28, 'Mark', 'Uy', '82', 'active'),
(29, 'Neil', 'Tan', '83', 'active'),
(30, 'Russel', 'Gocuan', '84', 'active'),
(31, 'Frey Angelo', 'Blanco', '85', 'active'),
(32, 'Joseph', 'Baluyos', '86', 'active'),
(33, 'Micheal', 'Lim', '87', 'active'),
(34, 'Louie', 'Aberia', '88', 'active'),
(35, 'Alex', 'Acusar', '89', 'active'),
(36, 'Erwin', 'Batucan', '90', 'active'),
(37, 'Phoenix Mckenzie', 'Gocuan', '91', 'active'),
(38, 'Ace Mark', 'Lao', '92', 'active'),
(39, 'Charles Kevin', 'Lim', '93', 'active'),
(40, 'Jeremy', 'Ling', '94', 'active'),
(41, 'Jonathan', 'Suarez', '95', 'active'),
(42, 'Jacob', 'Tanco', '96', 'active'),
(43, 'Rey', 'Tacder', '97', 'active'),
(44, 'Justin', 'Tieng', '98', 'active'),
(46, 'Leonardo', 'Sylianco Jr.', '09', 'active'),
(47, 'Rey', 'Marco', 'R1', 'active'),
(48, 'Bebot', 'Marco', 'R2', 'active'),
(49, 'Rodel', 'Naval', 'R3', 'active'),
(50, 'Terencio', 'Linamas', 'D1', 'active'),
(51, 'Casiano', 'Belicario Jr.', 'D2', 'active'),
(52, 'Charles', 'Lim', '64', 'inactive'),
(53, 'Edward', 'Teson', '70', 'inactive'),
(54, 'Charles', 'Chan', '76', 'inactive');

-- --------------------------------------------------------

--
-- Table structure for table `personnel_class`
--

DROP TABLE IF EXISTS `personnel_class`;
CREATE TABLE IF NOT EXISTS `personnel_class` (
  `id` int(11) NOT NULL AUTO_INCREMENT,
  `name` varchar(10) DEFAULT NULL,
  `description` text NOT NULL,
  `status` int(11) NOT NULL,
  PRIMARY KEY (`id`)
) ENGINE=InnoDB DEFAULT CHARSET=utf8 AUTO_INCREMENT=1 ;

-- --------------------------------------------------------

--
-- Table structure for table `rank`
--

DROP TABLE IF EXISTS `rank`;
CREATE TABLE IF NOT EXISTS `rank` (
  `id` int(11) NOT NULL AUTO_INCREMENT,
  `name` varchar(11) DEFAULT NULL,
  `status` varchar(11) DEFAULT NULL,
  PRIMARY KEY (`id`)
) ENGINE=InnoDB  DEFAULT CHARSET=utf8 AUTO_INCREMENT=3 ;

--
-- Dumping data for table `rank`
--

INSERT INTO `rank` (`id`, `name`, `status`) VALUES
(1, 'FTO', 'active'),
(2, 'Firefighter', 'active');

-- --------------------------------------------------------

--
-- Table structure for table `special_activity`
--

DROP TABLE IF EXISTS `special_activity`;
CREATE TABLE IF NOT EXISTS `special_activity` (
  `id` bigint(20) NOT NULL AUTO_INCREMENT,
  `date_of_special` date NOT NULL,
  `activity` text NOT NULL,
  `venue` text NOT NULL,
  `oic` varchar(10) NOT NULL,
  `remarks` text NOT NULL,
  `recorder` varchar(10) NOT NULL,
  `approved_by` varchar(10) DEFAULT NULL,
  `sent` tinyint(1) DEFAULT '0',
  `replied` tinyint(1) DEFAULT '0',
  PRIMARY KEY (`id`)
) ENGINE=InnoDB  DEFAULT CHARSET=utf8 AUTO_INCREMENT=64 ;

--
-- Dumping data for table `special_activity`
--

INSERT INTO `special_activity` (`id`, `date_of_special`, `activity`, `venue`, `oic`, `remarks`, `recorder`, `approved_by`, `sent`, `replied`) VALUES
(4, '2017-05-11', 'LNTB at Sacred heart School', 'Sacred heart AVR', '30', 'lntb', '91', '30', 0, 0),
(5, '2016-10-25', 'CHONG HUA HOSPITAL FIRE DRILL', 'CHONG HUA HOSPITAL', '48', 'FIRE DRILL', '94', NULL, 0, 0),
(6, '2016-10-23', 'ROTARY WEST CLUB PICTORIAL', 'CMAC 1 PARKING ARE', '48', 'PICTORIAL ROTARY WEST CLUB', '94', NULL, 0, 0),
(7, '2016-10-23', 'LESLIE LEE BURIAL', 'MANILA MEMORIAL PLAZA', '48', 'BURIAL OF UNIT 49', '94', NULL, 0, 0),
(8, '2016-09-05', 'PICK UP TANKER TRUCK 20 TONS WOHO', 'PIER TO CHONG HUA MANDAUE', '09', 'PICK UP TANKER TRUCK 20 TONS WOHO', '90', NULL, 0, 0),
(9, '2016-08-22', 'BURIAL OF DON ESTEBAN GOSINGKING', 'BENEVOLA GARDEN', '48', 'BURIAL OF DON ESTEBAN GOSINGKING', '94', NULL, 0, 0),
(10, '2016-08-21', 'FLOWER OFFERING CEREMONY TO GOSINGKING', 'CRYSTAL JADE PALACE, LAHUG', '48', 'FLOWER OFFERING CEREMONY TO DON ESTEBAN GOSINGKING''S WAKE', '94', NULL, 0, 0),
(11, '2016-07-26', 'EARTHQUAKE DRILL @ CHONG HUA HOSPITAL', 'CHONG HUA HOSPITAL', '43', 'EARTHQUAKE DRILL AT CHONG HUA HOSPITAL CEBU', '94', NULL, 0, 0),
(12, '2016-07-09', 'LNTB Mrs. vivien Go''s twin birthday celebration', 'Victoriano''s Residence', '83', 'LNTB on Mrs. Vivien Go''s twin''s birthday', '94', NULL, 0, 0),
(13, '2016-05-01', 'SUMMER BEACH OUTING', 'BRAVO', '48', 'SUMMER OUTING', '97', NULL, 0, 0),
(14, '2016-03-09', 'BURIAL', 'ST PETER TO MANILA MEMORIAL LILOAN', '48', 'BURIAL?', '94', NULL, 0, 0),
(15, '2016-03-05', 'STATION VISIT', 'CHERISH GYM', '30', 'STATION VISIT', '94', NULL, 0, 0),
(16, '2016-03-03', 'STATIONN VISIT BY CEBU LEARNING CENTER SCHOOL', 'FB GROUNDS', '30', 'STATION VISITS BY CEBU LEARNING CENTER STUDENTS, FACULTY AND PARENTS', '94', NULL, 0, 0),
(17, '2016-02-29', 'FIRE PREVENTION MONTH WALK', 'OC N. BACALSO', '48', 'FIRE PREVENTION MONTH WALK', '94', NULL, 0, 0),
(18, '2016-02-29', 'FIRE PREVENTION MONTH WALK', 'FLORIAN / FUENTE', '09', 'FIRE PREVENTION MONTH WALK FROM FLORIAN @ 530AM TO KICK OFF THE FIRE PREVENTION MONTH ACTIVITIES', '84', NULL, 0, 0),
(19, '2016-02-18', 'INAUGURATION OF CHH MANDAUE', 'CHH MANDAUE', '48', 'CHONG HUA HOSPITAL MANDAUE INAUGURATION DAY', '94', NULL, 0, 0),
(20, '2016-02-04', 'LNTB BRIDGING HOMES', 'BRAVO', '48', 'BRIDGING HOMES LEARNING CENTER HAD AN EDUCATIONAL TOUR AT CFCVFB, INC.', '94', NULL, 0, 0),
(21, '2016-01-17', 'SINULOG DAY', 'BRAVO / ABELLANA', '30', 'SINULOG DAY', '30', NULL, 0, 0),
(22, '2015-12-11', 'STATION VISIT BY SHS-HIJAS DE JESUS', 'CEBU CHERISH GYM / FB', '30', 'FIRE STATION VISIT OF SHS0HIJAS DE JESUS GRADE 2 STUDENTS TO FB. DISCUSSED WITH THEM FIRE SAFETY TIPS, E.G. STOP DROP AND ROLL TECHNIQUE, CRAWL LOW UNDER SMOKE, PUTTING OFF CHRISTMAS LIGHTS WHEN GOING TO SLEEP. DISCUSSED FIREMAN''S APPAREL & EQUIPMENT. LET THEM HOLD THE FIRE HOSE W/ PRESSURE TO KNOCK DOWN TARGETS.', '94', NULL, 0, 0),
(23, '2015-11-27', 'FIRE DRILL CHONG HUA HOSPITAL', 'CHONG HUA HOSPITAL', '30', 'E22 (1ST RESPONDING ENGINE) VOLUNTEERS LAID DOWN 1 LINE 4 LENTHS OF 1.5" HOSES SUPPORTED BY USE OF NEGATIVE VENTILATION FAN TO SUCK OUT THE SMOKE. E19 LAID DOWN FEEDING LINE TO BACKUP E22', '30', NULL, 0, 0),
(24, '2015-11-24', 'FIRE DRILL AT CEBU CHERISH SCHOOL', 'CEBU CHERISH SCHOOL', '30', 'CCS FIRE DRILL', '94', NULL, 0, 0),
(25, '2017-05-27', 'BFP MASS ', 'ST. FLORIAN CHAPEL- BFP', '09', 'BFP MASS FOR ST. FLORIAN FIESTA AT BFP PAHINA STATION.', 'DONNA', NULL, 0, 0),
(27, '2017-04-04', 'DUTY BOYS MEETING', 'BRAVO', '09', 'DUTY BOYS MEETING', 'RT-97', NULL, 0, 0),
(28, '2017-03-01', 'FIRE PREVENTION MONTH', 'CEBU CITY', '13', 'REGIONAL WALK FOR FIRE FREE AND SAFE NATION, 5AM.', 'DONNA', NULL, 0, 0),
(29, '2017-03-01', 'FIRE PREVENTION MONTH, MOTORCADE', 'CEBU CITY', '13', 'MOTORCADE @ 10AM.', 'DONNA', NULL, 0, 0),
(30, '2017-03-17', 'LNTB', 'FB', '94', 'CAMBRIDGE SCHOOL LNTB & STATION VISIT.', '84', NULL, 0, 0),
(31, '2017-03-25', 'STATION VISIT', 'FB', '94', 'STATION VISITS FROM CEBU GOSPEL WITH 7 KIDS & 4 ADULTS.\r\n(CHRISTIAN FELLOWSHIP OF CEBU GOSPEL CHURCH) ', '94', NULL, 0, 0),
(32, '2017-03-25', 'LNTB', 'CIM AMPHITHEATER', '30', 'DISASTER AWARENESS: FIRE EMERGENCY SEMINAR CONDUCTED AT CEBU INSTITUTE OF MEDICINE (CIM) \r\n-09 AS OBSERVER.', '94', NULL, 0, 0),
(33, '2017-02-07', 'CHINESE MEDICAL MISSION, 8AM-12PM', 'CMAC 2- 4TH FLOOR', '48', 'THIRD DAY OF CHINESE MEDICAL MISSION', 'DONNA', NULL, 0, 0),
(34, '2017-02-07', 'CHINESE MEDICAL MISSION, 1PM-3PM', 'CMAC 2- 4TH FLOOR', '48', 'THIRD DAY OF CHINESE MEDICAL MISSION', 'DONNA', NULL, 0, 0),
(35, '2017-02-06', 'CHINESE MEDICAL MISSION, 9AM-12PM', 'CMAC 2- 4TH. FLOOR', '48', 'SECOND DAY OF CHINESE MEDICAL MISSION', 'DONNA', NULL, 0, 0),
(36, '2017-02-06', 'CHINESE MEDICAL MISSION, 2PM-5PM', 'CMAC 2- 4TH. FLOOR', '48', 'SECOND DAY OF CHINESE MEDICAL MISSION', 'DONNA', NULL, 0, 0),
(37, '2017-02-05', 'CHINESE MEDICAL MISSION, 8AM-12PM', 'CMAC 2- 4TH. FLOOR ', '48', 'FIRST DAY OF CHINESE MEDICAL MISSION', 'DONNA', NULL, 0, 0),
(38, '2017-02-05', 'CHINESE MEDICAL MISSION, 1PM-5PM', 'CMAC 2- 4TH FLOOR', '48', 'FIRST DAY OF CHINESE MEDICAL MISSION', 'DONNA', NULL, 0, 0),
(39, '2017-02-03', 'STATION VISIT', 'PAHINA CENTRAL & AT BASE', '48', 'STATION VISIT AT PAHINA CENTRAL AND AT BASE', 'MICHELLE', NULL, 0, 0),
(40, '2017-02-07', 'OFFICIAL VISIT ', 'COSMO LAHUG', '09', 'OFFICIAL VISIT OF 83''s GRANDFATHER (CHUA BON PHAY) @ COSMO LAHUG.\r\n(LAST VIGIL NIGHT)', 'MICHELLE', NULL, 0, 0),
(41, '2017-02-08', 'CREMATION & BURIAL ', 'COSMO LAHUG, C.C', '13', 'CREMATION & BURIAL OF 83''s GRANDFATHER (CHUA BON PHAY).', 'DONNA', NULL, 0, 0),
(42, '2017-02-10', 'LNTB & STATION VISIT', 'CEBU CHERISH GYM', '48', 'ABBA''S ORCHARD SCHOOL STATION VISIT AND LEARN NOT TO BURN PROGRAM', 'DONNA', NULL, 0, 0),
(43, '2017-02-14', 'CHINESE CULTURAL FESTIVAL', 'SM CITY CINEMA 1', '09', 'ASSIST AT ENTRANCE AND ETC., IN COORDINATION WITH FIL- CHI UNITED COMMUNITY', '98', NULL, 0, 0),
(44, '2017-02-19', 'LNTB', 'CHERISH GYM', '48', 'LNTB PROGRAM OF ROTARY WEST CLUB', 'MICHELLE', NULL, 0, 0),
(45, '2017-02-22', 'WAKE VISIT OF MR. LIM LEO LIU', 'OAKRIDGE', '09', 'FIRST NIGHT WAKE VISIT OF MR. LIM LEO LIU AT OAKRIDGE.', 'DONNA', NULL, 0, 0),
(46, '2017-02-23', '2ND. NIGHT WAKE VISIT OF  MR. LIM LEO LIU', 'OAKRIDGE PAVILION', '30', 'SECOND NIGHT WAKE VISIT OF MR. LIM LEO LIU AT OAKRIDGE PAVILION.', 'DONNA', NULL, 0, 0),
(47, '2017-02-24', '3RD. DAY WAKE VISIT OF MR. LIM LEO LIU', 'OAKRIDGE PAVILION', '30', 'THIRD DAY WAKE VISIT OF MR. LIM LEO LIU AT OAKRIDGE PAVILION.', '84', NULL, 0, 0),
(48, '2017-02-25', 'FINAL NIGHT WAKE VISIT OF MR. LIM LEO LIU', 'OAKRIDGE PAVILION', '48', 'FINAL WAKE VISIT AND FLOWER OFFER TO MR. LIM LEO LIU', '84', NULL, 0, 0),
(49, '2017-02-26', 'BURIAL OF MR. LIM LEO LIU', 'OAKRIDGE PAVILION / BENEVOLA GARDENS', '48', 'BURIAL OF MR. LEO LIM LIU AT BENEVOLA GARDENS CONSOLACION.', '84', NULL, 0, 0),
(50, '2017-01-24', 'EARTH QUAKE DRILL & FIRE DRILL', 'CEBU CHERISH SCHOOL', '83', 'EARTH QUAKE DRILL & FIRE DRILL AT CHERISH SCHOOL.', 'MICHELLE', NULL, 0, 0),
(51, '2017-01-26', 'STATION VISIT AND LNTB', 'CFCVFB STATION', '30', 'DISCOVERY CAMP VISITED OUR STATION & WE CONDUCTED LNTB ON ABOUT 15 KIDS WITH THEIR PARENTS.', '94', NULL, 0, 0),
(52, '2017-02-04', 'CHINESE DOCTORS & AMITY MEET AT AIRPORT', 'MACTAN AIRPORT', '48', 'MEET AT AIRPORT FROM 7PM TO 10PM.', 'DONNA', NULL, 0, 0),
(53, '2017-02-04', 'VISITORS (APVFB) SEND- OFF TO AIRPORT', 'MACTAN AIRPORT', '13', 'MORNING, SEND- OFF THE VISITORS (APVFB) TO MACTAN AIRPORT. ', 'DONNA', NULL, 0, 0),
(54, '2017-02-03', 'WELCOME THE VISITORS ', 'MACTAN AIRPORT', '48', 'VOLUNTEERS & MR. ENRICO ANG DE LEON WELCOME THE VISITORS AT MACTAN AIRPORT.', 'DONNA', NULL, 0, 0),
(55, '2016-12-16', 'WAKE VISIT OF 85''S FATHER', 'ST. PETER IMUS', '30', 'WAKE VISIT OF 85''S FATHER AT ST. PETER IMUS', 'DONNA', NULL, 0, 0),
(56, '2016-12-01', 'HIJAS DE JESUS STATION VISIT', 'BRAVO', '83', 'HIJAS DE JESUS, GRADE 2 PUPIL STATION VISIT AT BRAVO', 'MICHELLE', NULL, 0, 0),
(57, '2016-12-03', 'PARTY PRACTICE', 'BRAVO', '48', 'CHRISTMAS PARTY PRACTICE. ', '97', NULL, 0, 0),
(58, '2016-12-18', 'BURIAL OF 85''S FATHER', 'ST. PETER IMUS TO SANCTUARY MEMORIAL PLAZA, MINGLANILLA', '09', 'BURIAL OF 85''S FATHER FROM ST.PETER IMUS TO SANCTUARY MEMORIAL PLAZA, MINGLANILLA.', 'DONNA', NULL, 0, 0),
(59, '2017-06-13', 'FB OFFICIAL WAKE VISIT OF MR. JOSEPH GAISANO', 'COSMO NIVEL HILLS', '09', 'FB OFFICIAL WAKE VISIT OF PAST CFCVFB PRESIDENT- MR. JOSEPH GAISANO @ COSMO NIVEL HILLS.', 'MICHELLE', NULL, 0, 0),
(60, '2017-06-14', 'CREMATION OF MR. JOSEPH GAISANO', 'COSMO NIVEL HILLS', '09', 'CREMATION OF MR. JOSEPH GAISANO @ COSMO NIVEL HILLS, LAHUG.', 'DONNA', NULL, 0, 0),
(61, '2016-11-05', 'BURIAL OF 48''S FATHER', 'BENEVOLA CONSOLACION', '09', 'BURIAL OF 48''S FATHER AT BENEVOLA CONSOLACION', '97', NULL, 0, 0),
(62, '2017-07-01', 'JFP 1ST GATHERING / ORIENTATION / DRILLS', 'BRAVO', '50', 'JFP''S FIRST FIREFIGHTER DRILL AND FB ORIENTATIONS', '94', NULL, 0, 0),
(63, '2017-06-25', 'SCBA TRAINING AT CHH', 'CHONG HUA HOSPITAL', '75', 'CHH REQUESTED FOR ASSISTANCE TO TRAIN THEIR SELECTED STAFF REGARDING SCBA. 75 IN CHARGE AT CHH, 63 IN CHARGE OF TRAINEES AT BASE', 'DONNA', NULL, 0, 0);

-- --------------------------------------------------------

--
-- Table structure for table `special_activity_attendance`
--

DROP TABLE IF EXISTS `special_activity_attendance`;
CREATE TABLE IF NOT EXISTS `special_activity_attendance` (
  `special_id` bigint(20) NOT NULL,
  `unit` varchar(10) NOT NULL,
  `attendance_date` date NOT NULL,
  KEY `training` (`special_id`)
) ENGINE=InnoDB DEFAULT CHARSET=utf8;

--
-- Dumping data for table `special_activity_attendance`
--

INSERT INTO `special_activity_attendance` (`special_id`, `unit`, `attendance_date`) VALUES
(4, '30', '2017-05-11'),
(4, '82', '2017-05-11'),
(4, '91', '2017-05-11'),
(4, '95', '2017-05-11'),
(4, '96', '2017-05-11'),
(5, '09', '2016-10-25'),
(5, '48', '2016-10-25'),
(5, '83', '2016-10-25'),
(5, '94', '2016-10-25'),
(5, '98', '2016-10-25'),
(5, 'D1', '2016-10-25'),
(5, 'D2', '2016-10-25'),
(5, 'R2', '2016-10-25'),
(5, 'R3', '2016-10-25'),
(6, '48', '2016-10-23'),
(6, '22', '2016-10-23'),
(6, '86', '2016-10-23'),
(6, '88', '2016-10-23'),
(6, 'D1', '2016-10-23'),
(6, 'R3', '2016-10-23'),
(7, '48', '2016-10-23'),
(7, '29', '2016-10-23'),
(7, '40', '2016-10-23'),
(7, '42', '2016-10-23'),
(7, '43', '2016-10-23'),
(7, '45', '2016-10-23'),
(7, '72', '2016-10-23'),
(8, '09', '2016-09-05'),
(8, '22', '2016-09-05'),
(8, '90', '2016-09-05'),
(8, 'D1', '2016-09-05'),
(8, '94', '2016-09-05'),
(9, '48', '2016-08-22'),
(9, '09', '2016-08-22'),
(9, '30', '2016-08-22'),
(9, '84', '2016-08-22'),
(9, '91', '2016-08-22'),
(9, '56', '2016-08-22'),
(9, '94', '2016-08-22'),
(9, '98', '2016-08-22'),
(9, '43', '2016-08-22'),
(9, '72', '2016-08-22'),
(10, '48', '2016-08-21'),
(10, '09', '2016-08-21'),
(10, '30', '2016-08-21'),
(10, '42', '2016-08-21'),
(10, '63', '2016-08-21'),
(10, '72', '2016-08-21'),
(10, '84', '2016-08-21'),
(10, '90', '2016-08-21'),
(10, '92', '2016-08-21'),
(10, '98', '2016-08-21'),
(11, '42', '2016-07-26'),
(11, '43', '2016-07-26'),
(11, '45', '2016-07-26'),
(11, 'D1', '2016-07-26'),
(11, 'D2', '2016-07-26'),
(11, 'R1', '2016-07-26'),
(11, 'R3', '2016-07-26'),
(12, '83', '2016-07-09'),
(12, '90', '2016-07-09'),
(12, '93', '2016-07-09'),
(12, '94', '2016-07-09'),
(12, '95', '2016-07-09'),
(12, '96', '2016-07-09'),
(12, 'D2', '2016-07-09'),
(12, 'D1', '2016-07-09'),
(13, '09', '2016-05-01'),
(13, '22', '2016-05-01'),
(13, '30', '2016-05-01'),
(13, '29', '2016-05-01'),
(13, '48', '2016-05-01'),
(13, '63', '2016-05-01'),
(13, '72', '2016-05-01'),
(13, '75', '2016-05-01'),
(13, '79', '2016-05-01'),
(13, '80', '2016-05-01'),
(13, '85', '2016-05-01'),
(13, '87', '2016-05-01'),
(13, '88', '2016-05-01'),
(13, '89', '2016-05-01'),
(13, '90', '2016-05-01'),
(13, '91', '2016-05-01'),
(13, '92', '2016-05-01'),
(13, '93', '2016-05-01'),
(13, '94', '2016-05-01'),
(13, '96', '2016-05-01'),
(13, '84', '2016-05-01'),
(13, '43', '2016-05-01'),
(13, '45', '2016-05-01'),
(13, 'D1', '2016-05-01'),
(13, '97', '2016-05-01'),
(14, '48', '2016-03-09'),
(14, '13', '2016-03-09'),
(14, '38', '2016-03-09'),
(14, '40', '2016-03-09'),
(14, '43', '2016-03-09'),
(14, '50', '2016-03-09'),
(14, '56', '2016-03-09'),
(14, '68', '2016-03-09'),
(14, '72', '2016-03-09'),
(14, '88', '2016-03-09'),
(14, '77', '2016-03-09'),
(14, 'D2', '2016-03-09'),
(14, 'R2', '2016-03-09'),
(15, '30', '2016-03-05'),
(15, '83', '2016-03-05'),
(15, '88', '2016-03-05'),
(15, '90', '2016-03-05'),
(15, '94', '2016-03-05'),
(15, '95', '2016-03-05'),
(15, '96', '2016-03-05'),
(15, 'D1', '2016-03-05'),
(15, 'R2', '2016-03-05'),
(16, '30', '2016-03-03'),
(16, '84', '2016-03-03'),
(16, '91', '2016-03-03'),
(16, 'D1', '2016-03-03'),
(17, '13', '2016-02-29'),
(17, '35', '2016-02-29'),
(17, '42', '2016-02-29'),
(17, '48', '2016-02-29'),
(17, '72', '2016-02-29'),
(17, '85', '2016-02-29'),
(17, '87', '2016-02-29'),
(17, '88', '2016-02-29'),
(17, '94', '2016-02-29'),
(17, 'D1', '2016-02-29'),
(17, 'R2', '2016-02-29'),
(18, '09', '2016-02-29'),
(18, '13', '2016-02-29'),
(18, '83', '2016-02-29'),
(18, '84', '2016-02-29'),
(18, '85', '2016-02-29'),
(18, '86', '2016-02-29'),
(18, '90', '2016-02-29'),
(18, '91', '2016-02-29'),
(18, '94', '2016-02-29'),
(18, '95', '2016-02-29'),
(19, '09', '2016-02-18'),
(19, '13', '2016-02-18'),
(19, '18', '2016-02-18'),
(19, '22', '2016-02-18'),
(19, '29', '2016-02-18'),
(19, '30', '2016-02-18'),
(19, '38', '2016-02-18'),
(19, '43', '2016-02-18'),
(19, '48', '2016-02-18'),
(19, '55', '2016-02-18'),
(19, '56', '2016-02-18'),
(19, '72', '2016-02-18'),
(19, '75', '2016-02-18'),
(19, '80', '2016-02-18'),
(19, '83', '2016-02-18'),
(19, '84', '2016-02-18'),
(19, '86', '2016-02-18'),
(19, '87', '2016-02-18'),
(19, '88', '2016-02-18'),
(19, '91', '2016-02-18'),
(19, '82', '2016-02-18'),
(19, 'D1', '2016-02-18'),
(19, 'R2', '2016-02-18'),
(20, '48', '2016-02-04'),
(20, '83', '2016-02-04'),
(20, '94', '2016-02-04'),
(20, 'D1', '2016-02-04'),
(21, '84', '2016-01-17'),
(21, '91', '2016-01-17'),
(21, '95', '2016-01-17'),
(21, 'D1', '2016-01-17'),
(21, 'D2', '2016-01-17'),
(21, '98', '2016-01-17'),
(21, 'R3', '2016-01-17'),
(21, '96', '2016-01-17'),
(21, '90', '2016-01-17'),
(21, '94', '2016-01-17'),
(22, '30', '2015-12-11'),
(22, '84', '2015-12-11'),
(22, '88', '2015-12-11'),
(22, '94', '2015-12-11'),
(22, 'D1', '2015-12-11'),
(22, 'R1', '2015-12-11'),
(23, '30', '2015-11-27'),
(23, '42', '2015-11-27'),
(23, '72', '2015-11-27'),
(23, '84', '2015-11-27'),
(23, '88', '2015-11-27'),
(23, '91', '2015-11-27'),
(23, '94', '2015-11-27'),
(23, 'R1', '2015-11-27'),
(23, 'D1', '2015-11-27'),
(23, 'D2', '2015-11-27'),
(24, '30', '2015-11-24'),
(24, '42', '2015-11-24'),
(24, '94', '2015-11-24'),
(24, 'R1', '2015-11-24'),
(24, 'D1', '2015-11-24'),
(25, '09', '2017-05-27'),
(25, '56', '2017-05-27'),
(25, '91', '2017-05-27'),
(25, '92', '2017-05-27'),
(27, '09', '2017-04-04'),
(27, '30', '2017-04-04'),
(27, '84', '2017-04-04'),
(27, '85', '2017-04-04'),
(27, '86', '2017-04-04'),
(27, '88', '2017-04-04'),
(27, '89', '2017-04-04'),
(27, '90', '2017-04-04'),
(27, '91', '2017-04-04'),
(27, '92', '2017-04-04'),
(27, '93', '2017-04-04'),
(27, '94', '2017-04-04'),
(27, '95', '2017-04-04'),
(27, '96', '2017-04-04'),
(27, '97', '2017-04-04'),
(28, '13', '2017-03-01'),
(28, '22', '2017-03-01'),
(28, '38', '2017-03-01'),
(28, '83', '2017-03-01'),
(28, '90', '2017-03-01'),
(28, '94', '2017-03-01'),
(29, '40', '2017-03-01'),
(29, '72', '2017-03-01'),
(29, 'D1', '2017-03-01'),
(29, 'R3', '2017-03-01'),
(30, '30', '2017-03-17'),
(30, '84', '2017-03-17'),
(30, '94', '2017-03-17'),
(30, '96', '2017-03-17'),
(30, 'D1', '2017-03-17'),
(30, 'R3', '2017-03-17'),
(31, '94', '2017-03-25'),
(31, '95', '2017-03-25'),
(31, '96', '2017-03-25'),
(31, 'D1', '2017-03-25'),
(31, 'R3', '2017-03-25'),
(32, '30', '2017-03-25'),
(32, '50', '2017-03-25'),
(32, '94', '2017-03-25'),
(32, '95', '2017-03-25'),
(32, '96', '2017-03-25'),
(33, '48', '2017-02-07'),
(33, '09', '2017-02-07'),
(33, '18', '2017-02-07'),
(33, '56', '2017-02-07'),
(33, '72', '2017-02-07'),
(33, 'D1', '2017-02-07'),
(34, '48', '2017-02-07'),
(34, '18', '2017-02-07'),
(34, '30', '2017-02-07'),
(34, '38', '2017-02-07'),
(34, '42', '2017-02-07'),
(34, '43', '2017-02-07'),
(34, '55', '2017-02-07'),
(34, '56', '2017-02-07'),
(34, '72', '2017-02-07'),
(34, '87', '2017-02-07'),
(35, '48', '2017-02-06'),
(35, '09', '2017-02-06'),
(35, '13', '2017-02-06'),
(35, '43', '2017-02-06'),
(35, '56', '2017-02-06'),
(36, '48', '2017-02-06'),
(36, '13', '2017-02-06'),
(36, '43', '2017-02-06'),
(36, '50', '2017-02-06'),
(36, '56', '2017-02-06'),
(37, '48', '2017-02-05'),
(37, '09', '2017-02-05'),
(37, '43', '2017-02-05'),
(37, '45', '2017-02-05'),
(37, '89', '2017-02-05'),
(37, '90', '2017-02-05'),
(37, '95', '2017-02-05'),
(37, '96', '2017-02-05'),
(37, '98', '2017-02-05'),
(37, 'D1', '2017-02-05'),
(38, '48', '2017-02-05'),
(38, '09', '2017-02-05'),
(38, '43', '2017-02-05'),
(38, '84', '2017-02-05'),
(38, '86', '2017-02-05'),
(38, '96', '2017-02-05'),
(38, 'D1', '2017-02-05'),
(39, '48', '2017-02-03'),
(39, '09', '2017-02-03'),
(39, '13', '2017-02-03'),
(39, '18', '2017-02-03'),
(39, '30', '2017-02-03'),
(39, '38', '2017-02-03'),
(39, '40', '2017-02-03'),
(39, '42', '2017-02-03'),
(39, '43', '2017-02-03'),
(39, '50', '2017-02-03'),
(39, '75', '2017-02-03'),
(39, '98', '2017-02-03'),
(40, '09', '2017-02-07'),
(40, '30', '2017-02-07'),
(40, '84', '2017-02-07'),
(40, '88', '2017-02-07'),
(40, '56', '2017-02-07'),
(40, '72', '2017-02-07'),
(41, '13', '2017-02-08'),
(41, '30', '2017-02-08'),
(41, '56', '2017-02-08'),
(42, '48', '2017-02-10'),
(42, '43', '2017-02-10'),
(42, '83', '2017-02-10'),
(42, '86', '2017-02-10'),
(42, '87', '2017-02-10'),
(42, 'D1', '2017-02-10'),
(42, 'D2', '2017-02-10'),
(42, 'R1', '2017-02-10'),
(42, 'R2', '2017-02-10'),
(42, 'R3', '2017-02-10'),
(43, '09', '2017-02-14'),
(43, '18', '2017-02-14'),
(43, '42', '2017-02-14'),
(43, '43', '2017-02-14'),
(43, '56', '2017-02-14'),
(43, '72', '2017-02-14'),
(43, '84', '2017-02-14'),
(43, '88', '2017-02-14'),
(43, '90', '2017-02-14'),
(43, '92', '2017-02-14'),
(43, '94', '2017-02-14'),
(44, '48', '2017-02-19'),
(44, '22', '2017-02-19'),
(44, '30', '2017-02-19'),
(44, '45', '2017-02-19'),
(44, '50', '2017-02-19'),
(44, '63', '2017-02-19'),
(44, '75', '2017-02-19'),
(44, '80', '2017-02-19'),
(44, '83', '2017-02-19'),
(44, '84', '2017-02-19'),
(44, '86', '2017-02-19'),
(44, '88', '2017-02-19'),
(44, '96', '2017-02-19'),
(44, '98', '2017-02-19'),
(45, '09', '2017-02-22'),
(45, '30', '2017-02-22'),
(45, '22', '2017-02-22'),
(46, '30', '2017-02-23'),
(46, '18', '2017-02-23'),
(46, '27', '2017-02-23'),
(46, '42', '2017-02-23'),
(46, '56', '2017-02-23'),
(46, '72', '2017-02-23'),
(46, '80', '2017-02-23'),
(46, '82', '2017-02-23'),
(46, '90', '2017-02-23'),
(46, '94', '2017-02-23'),
(46, '98', '2017-02-23'),
(47, '29', '2017-02-24'),
(47, '30', '2017-02-24'),
(47, '50', '2017-02-24'),
(47, '84', '2017-02-24'),
(47, '86', '2017-02-24'),
(47, '91', '2017-02-24'),
(48, '18', '2017-02-25'),
(48, '22', '2017-02-25'),
(48, '30', '2017-02-25'),
(48, '38', '2017-02-25'),
(48, '42', '2017-02-25'),
(48, '48', '2017-02-25'),
(48, '55', '2017-02-25'),
(48, '56', '2017-02-25'),
(48, '63', '2017-02-25'),
(48, '72', '2017-02-25'),
(48, '82', '2017-02-25'),
(48, '84', '2017-02-25'),
(48, '87', '2017-02-25'),
(48, '88', '2017-02-25'),
(48, '90', '2017-02-25'),
(48, '91', '2017-02-25'),
(48, '92', '2017-02-25'),
(48, '93', '2017-02-25'),
(48, '94', '2017-02-25'),
(48, '95', '2017-02-25'),
(48, '98', '2017-02-25'),
(49, '18', '2017-02-26'),
(49, '22', '2017-02-26'),
(49, '27', '2017-02-26'),
(49, '30', '2017-02-26'),
(49, '38', '2017-02-26'),
(49, '42', '2017-02-26'),
(49, '43', '2017-02-26'),
(49, '45', '2017-02-26'),
(49, '48', '2017-02-26'),
(49, '56', '2017-02-26'),
(49, '72', '2017-02-26'),
(49, '75', '2017-02-26'),
(49, '77', '2017-02-26'),
(49, '80', '2017-02-26'),
(49, '82', '2017-02-26'),
(49, '84', '2017-02-26'),
(49, '86', '2017-02-26'),
(49, '87', '2017-02-26'),
(49, '88', '2017-02-26'),
(49, '90', '2017-02-26'),
(49, '91', '2017-02-26'),
(49, '92', '2017-02-26'),
(49, '94', '2017-02-26'),
(49, '96', '2017-02-26'),
(50, '83', '2017-01-24'),
(50, '94', '2017-01-24'),
(50, 'D2', '2017-01-24'),
(50, 'R1', '2017-01-24'),
(51, '30', '2017-01-26'),
(51, '83', '2017-01-26'),
(51, '94', '2017-01-26'),
(51, '97', '2017-01-26'),
(51, 'D1', '2017-01-26'),
(51, 'R3', '2017-01-26'),
(52, '09', '2017-02-04'),
(52, '48', '2017-02-04'),
(52, '98', '2017-02-04'),
(52, 'D1', '2017-02-04'),
(53, '13', '2017-02-04'),
(53, '98', '2017-02-04'),
(53, 'D1', '2017-02-04'),
(54, '09', '2017-02-03'),
(54, '13', '2017-02-03'),
(54, '48', '2017-02-03'),
(54, '50', '2017-02-03'),
(54, '75', '2017-02-03'),
(54, '86', '2017-02-03'),
(54, '98', '2017-02-03'),
(55, '27', '2016-12-16'),
(55, '30', '2016-12-16'),
(55, '62', '2016-12-16'),
(55, '80', '2016-12-16'),
(55, '88', '2016-12-16'),
(55, '89', '2016-12-16'),
(56, '83', '2016-12-01'),
(56, '80', '2016-12-01'),
(56, '97', '2016-12-01'),
(56, 'D1', '2016-12-01'),
(56, 'R2', '2016-12-01'),
(57, '48', '2016-12-03'),
(57, '09', '2016-12-03'),
(57, '38', '2016-12-03'),
(57, '42', '2016-12-03'),
(57, '43', '2016-12-03'),
(57, '45', '2016-12-03'),
(57, '50', '2016-12-03'),
(57, '55', '2016-12-03'),
(57, '56', '2016-12-03'),
(57, '72', '2016-12-03'),
(57, '75', '2016-12-03'),
(57, '84', '2016-12-03'),
(57, '86', '2016-12-03'),
(57, '87', '2016-12-03'),
(57, '89', '2016-12-03'),
(57, '90', '2016-12-03'),
(57, '92', '2016-12-03'),
(57, '94', '2016-12-03'),
(57, '97', '2016-12-03'),
(57, '98', '2016-12-03'),
(58, '09', '2016-12-18'),
(58, '43', '2016-12-18'),
(58, '45', '2016-12-18'),
(58, '72', '2016-12-18'),
(58, '89', '2016-12-18'),
(59, '09', '2017-06-13'),
(59, '13', '2017-06-13'),
(59, '18', '2017-06-13'),
(59, '27', '2017-06-13'),
(59, '29', '2017-06-13'),
(59, '30', '2017-06-13'),
(59, '42', '2017-06-13'),
(59, '43', '2017-06-13'),
(59, '55', '2017-06-13'),
(59, '62', '2017-06-13'),
(59, '63', '2017-06-13'),
(59, '72', '2017-06-13'),
(59, '75', '2017-06-13'),
(59, '80', '2017-06-13'),
(59, '82', '2017-06-13'),
(59, '84', '2017-06-13'),
(59, '86', '2017-06-13'),
(59, '87', '2017-06-13'),
(59, '89', '2017-06-13'),
(59, '90', '2017-06-13'),
(59, '91', '2017-06-13'),
(59, '94', '2017-06-13'),
(59, '97', '2017-06-13'),
(60, '09', '2017-06-14'),
(60, '30', '2017-06-14'),
(60, '13', '2017-06-14'),
(60, '43', '2017-06-14'),
(60, '56', '2017-06-14'),
(60, '62', '2017-06-14'),
(60, '72', '2017-06-14'),
(60, '82', '2017-06-14'),
(60, '84', '2017-06-14'),
(60, '91', '2017-06-14'),
(60, '94', '2017-06-14'),
(61, '09', '2016-11-05'),
(61, '13', '2016-11-05'),
(61, '18', '2016-11-05'),
(61, '27', '2016-11-05'),
(61, '29', '2016-11-05'),
(61, '30', '2016-11-05'),
(61, '42', '2016-11-05'),
(61, '43', '2016-11-05'),
(61, '45', '2016-11-05'),
(61, '48', '2016-11-05'),
(61, '55', '2016-11-05'),
(61, '62', '2016-11-05'),
(61, '63', '2016-11-05'),
(61, '87', '2016-11-05'),
(61, '89', '2016-11-05'),
(61, '94', '2016-11-05'),
(61, '97', '2016-11-05'),
(61, 'D2', '2016-11-05'),
(62, '09', '2017-07-01'),
(62, '43', '2017-07-01'),
(62, '50', '2017-07-01'),
(62, '55', '2017-07-01'),
(62, '63', '2017-07-01'),
(62, '80', '2017-07-01'),
(62, '94', '2017-07-01'),
(62, '95', '2017-07-01'),
(62, '98', '2017-07-01'),
(62, 'D1', '2017-07-01'),
(62, '90', '2017-07-01'),
(63, '75', '2017-06-25'),
(63, '22', '2017-06-25'),
(63, '88', '2017-06-25'),
(63, '94', '2017-06-25');

-- --------------------------------------------------------

--
-- Table structure for table `training`
--

DROP TABLE IF EXISTS `training`;
CREATE TABLE IF NOT EXISTS `training` (
  `id` bigint(20) NOT NULL AUTO_INCREMENT,
  `date_of_training` date NOT NULL,
  `activity` text NOT NULL,
  `venue` text NOT NULL,
  `oic` varchar(10) NOT NULL,
  `remarks` text NOT NULL,
  `recorder` varchar(10) NOT NULL,
  `approved_by` varchar(10) DEFAULT NULL,
  `sent` tinyint(1) DEFAULT '0',
  `replied` tinyint(1) DEFAULT '0',
  PRIMARY KEY (`id`)
) ENGINE=InnoDB  DEFAULT CHARSET=utf8 AUTO_INCREMENT=57 ;

--
-- Dumping data for table `training`
--

INSERT INTO `training` (`id`, `date_of_training`, `activity`, `venue`, `oic`, `remarks`, `recorder`, `approved_by`, `sent`, `replied`) VALUES
(11, '2017-05-14', 'Sunday Training', 'Bravo', '30', 'ladder training', '97', NULL, 0, 0),
(12, '2017-05-07', 'Ladder Training', 'Bravo', '90', 'ground ladder practice', '91', NULL, 0, 0),
(13, '2017-04-23', 'High Rise Drills', 'Gaisano Capital Soho B. Rodriguez', '09', 'ground ladder practice', '94', NULL, 0, 0),
(14, '2017-04-09', 'FTO Training / Roving', 'Cebu City', '63', 'engine check, roving around cebu city\r\n* E22 rdo can receive but NO TRANSMIT', '84', NULL, 0, 0),
(15, '2017-04-02', 'SCBA Training at USC-TC', 'USC-TC', '09', 'SCBA training at us-tc\r\nE12 nadaot after test run', '95', NULL, 0, 0),
(16, '2017-03-19', 'Aerial 1 discussion', 'Bravo', '09', 'checkup of aerial 1\r\ndiscussion re: training, safety standards, past close calls/accidents', '84', NULL, 0, 0),
(17, '2017-03-05', 'SCBA Physical Drill', 'Bravo', '09', 'physical drills with scba\r\nair limit test per volunteer\r\n1st scba training for march (dedicated scba month)', '98', NULL, 0, 0),
(18, '2017-02-12', 'Sunday Training', 'Bravo', '09', 'sunday training', '97', NULL, 0, 0),
(19, '2016-11-20', 'BLS Training part 2', 'Bravo', '09', 'seminar conducted by trisha, janine and donald from ERUF on BLS specifically for common risk factors, incidents and transport', '98', NULL, 0, 0),
(20, '2016-11-13', 'BLS Training part 1', 'Bravo', '09', 'ERUF BLS review on choking victim, fainting, cardiac arrest and CPR\r\nERUF - Gian Esbra', '97', NULL, 0, 0),
(21, '2016-11-06', 'FOAM OPERATIONS', 'Bravo', '09', 'regular training', '94', NULL, 0, 0),
(22, '2017-03-12', 'SCBA Training Part 2', 'Bravo', '09', '2nd scba training for march\r\nlecture by 75 @ dining area', '84', NULL, 0, 0),
(23, '2017-06-04', 'SUNDAY DRILLS', 'BRAVO', '09', '0', '97', NULL, 0, 0),
(24, '2017-01-12', 'TRAINING ', 'BRAVO', '09', 'TRAINING ACTIVITY MEETING', '94', NULL, 0, 0),
(25, '2017-06-18', 'Training', 'Bravo', '09', 'MITIGATING ELECTRICAL HAZARD', '93', NULL, 0, 0),
(26, '2017-07-09', 'SUNDAY TRAINING', 'BRAVO', '09', '0', '97', NULL, 0, 0),
(27, '2016-10-16', 'LADDER TRAINING', 'BRAVO / FB', '09', 'AERIAL LADDER TRAINING', '97', NULL, 0, 0),
(28, '2016-10-09', 'SUNDAY TRAINING', 'BRAVO / FB', '09', 'BASIC SCBA TRAINING @ CHONG HUA HOSPITAL WITH THEIR STAFF', '97', NULL, 0, 0),
(29, '2016-10-02', 'SUNDAY TRAINING', 'BRAVO / FB', '09', 'LADDER LECTURE AND ROVING', '88', NULL, 0, 0),
(30, '2016-09-18', 'FIREFIGHTER FUN GAMES AND MEET THE DOC', 'BRAVO / FB', '48', 'MEET THE DOC + FIRE FIGHTER FUN GAMES', '97', NULL, 0, 0),
(31, '2016-09-11', 'SUNDAY TRAINING', 'BRAVO / FB', '90', 'FILM SHOWING RE: 9/11, AND VOL. FITNESS WORKOUT (SPRINT, SLAMBALL, SLEDGE HAMMER, CEILING HOOK, ROPE, PUSH UP AND LEG RAISE)', '09', NULL, 0, 0),
(32, '2016-08-28', 'VOLUNTEER FITNESS TRIALS', 'BRAVO / FB', '50', 'VOL. FITNESS TRIALS', '98', NULL, 0, 0),
(33, '2016-08-14', 'VENTILATION', 'BRAVO / FB', '09', 'VENTILATION', '98', NULL, 0, 0),
(34, '2016-07-24', 'SPECIAL TRAINING AT UC MAMBALING', 'UC MAMBALING', '09', 'UC MAMBALING - SMOKE CHAMBER, FUEL FIRES AND FOAM USAGE TRAINING', '09', NULL, 0, 0),
(35, '2016-07-17', 'SUNDAY TRAINING', 'SRP SUGBO', '09', 'SRP SUGBO - SERPENTINE COURSE THEN THERE WAS FIRE ALARM AFTER TRAINING', '09', NULL, 0, 0),
(36, '2016-07-10', 'SUNDAY TRAINING', 'SRP SUGBO', '94', 'E22 FIRE OPRTNS + NOZZLEMAN + 2ND MAN TECHNIQUES AT SUGBO SRP', '98', NULL, 0, 0),
(37, '2016-07-03', 'AMAZING RACE', 'FAMILY PARK TALAMBAN', '50', 'AMAZING RACE', '97', NULL, 0, 0),
(38, '2016-06-19', 'SUNDAY TRAINING', 'BRAVO / FB', '09', '0', '94', NULL, 0, 0),
(39, '2017-07-02', 'SUNDAY TRAINING', 'BRAVO / FB', '13', '0', '97', NULL, 0, 0),
(40, '2016-06-12', 'SUNDAY TRAINING', 'BRAVO / FB', '09', '0', '94', NULL, 0, 0),
(41, '2016-06-05', 'SUNDAY TRAINING', 'BRAVO / FB', '09', '0', '97', NULL, 0, 0),
(42, '2016-05-22', 'SUNDAY TRAINING', 'BRAVO / FB', '09', '0', '98', NULL, 0, 0),
(43, '2016-05-15', 'ROPE COURSE CHALLENGE', 'MT. VIEW RESORT, BUSAY', '09', 'ROPE COURSE AT MT. VIEW RESORT', '91', NULL, 0, 0),
(44, '2016-05-08', 'SUNDAY TRAINING', 'BRAVO / FB', '09', '0', '98', NULL, 0, 0),
(45, '2016-04-10', 'SUNDAY TRAINING', 'BRAVO / FB', '30', '0', '98', NULL, 0, 0),
(46, '2016-04-03', 'SUNDAY TRAINING', 'BRAVO / FB', '30', '0', '98', NULL, 0, 0),
(47, '2016-03-13', 'SUNDAY TRAINING', 'BRAVO / FB', '30', '0', '30', NULL, 0, 0),
(48, '2016-03-06', 'SUNDAY TRAINING', 'CH MEDICAL ARTS GROUND', '48', '0', '30', NULL, 0, 0),
(49, '2016-02-21', 'SUNDAY TRAINING', 'BRAVO / FB', '30', '0', '30', NULL, 0, 0),
(50, '2016-02-14', 'SUNDAY TRAINING', 'BRAVO / FB', '30', '0', '30', NULL, 0, 0),
(51, '2016-02-07', 'SUNDAY TRAINING', 'CH MEDICAL ARTS GROUND', '30', 'PHYSICAL TRAINING WITH TEAM AND WET DRILLS', '84', NULL, 0, 0),
(52, '2015-12-13', 'SUNDAY TRAINING', 'BRAVO / FB', '30', '0', '30', NULL, 0, 0),
(53, '2015-12-06', 'SUNDAY TRAINING', 'BRAVO / FB', '30', 'WET DRILL USING E20,E22 AND A1 WITH REFILL FROM E19, E14, E18 AND E21', '94', NULL, 0, 0),
(54, '2015-11-22', 'SUNDAY TRAINING', 'SRP SUGBO', '90', '0', '90', NULL, 0, 0),
(55, '2015-11-15', 'SUNDAY TRAINING', 'CH MEDICAL ARTS GROUNDS', '30', '0', '30', NULL, 0, 0),
(56, '2015-11-08', 'SUNDAY TRAINING', 'BRAVO / FB', '30', '0', '93', NULL, 0, 0);

-- --------------------------------------------------------

--
-- Table structure for table `training_attendance`
--

DROP TABLE IF EXISTS `training_attendance`;
CREATE TABLE IF NOT EXISTS `training_attendance` (
  `training_id` bigint(20) NOT NULL,
  `unit` varchar(10) NOT NULL,
  `attendance_date` date NOT NULL,
  KEY `training` (`training_id`)
) ENGINE=InnoDB DEFAULT CHARSET=utf8;

--
-- Dumping data for table `training_attendance`
--

INSERT INTO `training_attendance` (`training_id`, `unit`, `attendance_date`) VALUES
(11, '29', '2017-05-14'),
(11, '30', '2017-05-14'),
(11, '84', '2017-05-14'),
(11, '86', '2017-05-14'),
(11, '88', '2017-05-14'),
(11, '89', '2017-05-14'),
(11, '90', '2017-05-14'),
(11, '91', '2017-05-14'),
(11, '92', '2017-05-14'),
(11, '93', '2017-05-14'),
(11, '94', '2017-05-14'),
(11, '95', '2017-05-14'),
(11, '96', '2017-05-14'),
(11, '97', '2017-05-14'),
(11, '22', '2017-05-14'),
(12, '09', '2017-05-07'),
(12, '13', '2017-05-07'),
(12, '22', '2017-05-07'),
(12, '29', '2017-05-07'),
(12, '30', '2017-05-07'),
(12, '38', '2017-05-07'),
(12, '63', '2017-05-07'),
(12, '83', '2017-05-07'),
(12, '84', '2017-05-07'),
(12, '86', '2017-05-07'),
(12, '88', '2017-05-07'),
(12, '90', '2017-05-07'),
(12, '91', '2017-05-07'),
(12, '92', '2017-05-07'),
(12, '95', '2017-05-07'),
(12, '96', '2017-05-07'),
(12, 'D1', '2017-05-07'),
(13, '09', '2017-04-23'),
(13, '30', '2017-04-23'),
(13, '29', '2017-04-23'),
(13, '89', '2017-04-23'),
(13, '90', '2017-04-23'),
(13, '92', '2017-04-23'),
(13, '94', '2017-04-23'),
(13, '95', '2017-04-23'),
(13, 'D1', '2017-04-23'),
(14, '13', '2017-04-09'),
(14, '22', '2017-04-09'),
(14, '27', '2017-04-09'),
(14, '29', '2017-04-09'),
(14, '30', '2017-04-09'),
(14, '63', '2017-04-09'),
(14, '84', '2017-04-09'),
(14, '88', '2017-04-09'),
(14, '89', '2017-04-09'),
(14, '93', '2017-04-09'),
(14, '96', '2017-04-09'),
(14, 'D1', '2017-04-09'),
(15, '09', '2017-04-02'),
(15, '30', '2017-04-02'),
(15, '22', '2017-04-02'),
(15, '29', '2017-04-02'),
(15, '38', '2017-04-02'),
(15, '40', '2017-04-02'),
(15, '50', '2017-04-02'),
(15, '63', '2017-04-02'),
(15, '75', '2017-04-02'),
(15, '84', '2017-04-02'),
(15, '88', '2017-04-02'),
(15, '89', '2017-04-02'),
(15, '90', '2017-04-02'),
(15, '91', '2017-04-02'),
(15, '92', '2017-04-02'),
(15, '94', '2017-04-02'),
(15, '95', '2017-04-02'),
(15, 'D1', '2017-04-02'),
(15, '87', '2017-04-02'),
(16, '09', '2017-03-19'),
(16, '22', '2017-03-19'),
(16, '29', '2017-03-19'),
(16, '30', '2017-03-19'),
(16, '75', '2017-03-19'),
(16, '84', '2017-03-19'),
(16, '88', '2017-03-19'),
(16, '89', '2017-03-19'),
(16, '95', '2017-03-19'),
(16, 'D1', '2017-03-19'),
(17, '09', '2017-03-05'),
(17, '22', '2017-03-05'),
(17, '29', '2017-03-05'),
(17, '30', '2017-03-05'),
(17, '63', '2017-03-05'),
(17, '75', '2017-03-05'),
(17, '86', '2017-03-05'),
(17, '88', '2017-03-05'),
(17, '90', '2017-03-05'),
(17, '92', '2017-03-05'),
(17, '94', '2017-03-05'),
(17, '95', '2017-03-05'),
(17, '96', '2017-03-05'),
(17, '98', '2017-03-05'),
(17, 'D1', '2017-03-05'),
(17, '84', '2017-03-05'),
(18, '09', '2017-02-12'),
(18, '22', '2017-02-12'),
(18, '29', '2017-02-12'),
(18, '63', '2017-02-12'),
(18, '84', '2017-02-12'),
(18, '86', '2017-02-12'),
(18, '88', '2017-02-12'),
(18, '90', '2017-02-12'),
(18, '92', '2017-02-12'),
(18, '94', '2017-02-12'),
(18, '95', '2017-02-12'),
(18, '96', '2017-02-12'),
(18, '97', '2017-02-12'),
(18, '98', '2017-02-12'),
(18, '87', '2017-02-12'),
(18, '75', '2017-02-12'),
(18, 'D1', '2017-02-12'),
(18, '30', '2017-02-12'),
(19, '09', '2016-11-20'),
(19, '22', '2016-11-20'),
(19, '29', '2016-11-20'),
(19, '38', '2016-11-20'),
(19, '45', '2016-11-20'),
(19, '63', '2016-11-20'),
(19, '75', '2016-11-20'),
(19, '87', '2016-11-20'),
(19, '88', '2016-11-20'),
(19, '89', '2016-11-20'),
(19, '90', '2016-11-20'),
(19, '92', '2016-11-20'),
(19, '94', '2016-11-20'),
(19, '98', '2016-11-20'),
(19, 'D1', '2016-11-20'),
(20, '09', '2016-11-13'),
(20, '22', '2016-11-13'),
(20, '29', '2016-11-13'),
(20, '30', '2016-11-13'),
(20, '50', '2016-11-13'),
(20, '63', '2016-11-13'),
(20, '75', '2016-11-13'),
(20, '80', '2016-11-13'),
(20, '45', '2016-11-13'),
(20, '86', '2016-11-13'),
(20, '87', '2016-11-13'),
(20, '88', '2016-11-13'),
(20, '89', '2016-11-13'),
(20, '90', '2016-11-13'),
(20, '92', '2016-11-13'),
(20, '94', '2016-11-13'),
(20, '95', '2016-11-13'),
(20, '97', '2016-11-13'),
(20, '98', '2016-11-13'),
(20, 'D2', '2016-11-13'),
(21, '09', '2016-11-06'),
(21, '22', '2016-11-06'),
(21, '29', '2016-11-06'),
(21, '30', '2016-11-06'),
(21, '75', '2016-11-06'),
(21, '88', '2016-11-06'),
(21, '90', '2016-11-06'),
(21, '91', '2016-11-06'),
(21, '92', '2016-11-06'),
(21, '94', '2016-11-06'),
(21, '95', '2016-11-06'),
(21, '98', '2016-11-06'),
(21, 'D1', '2016-11-06'),
(22, '09', '2017-03-12'),
(22, '13', '2017-03-12'),
(22, '22', '2017-03-12'),
(22, '29', '2017-03-12'),
(22, '63', '2017-03-12'),
(22, '75', '2017-03-12'),
(22, '84', '2017-03-12'),
(22, '87', '2017-03-12'),
(22, '88', '2017-03-12'),
(22, '90', '2017-03-12'),
(22, '92', '2017-03-12'),
(22, '93', '2017-03-12'),
(22, '94', '2017-03-12'),
(22, 'D2', '2017-03-12'),
(22, '50', '2017-03-12'),
(22, '96', '2017-03-12'),
(22, '30', '2017-03-12'),
(23, '09', '2017-06-04'),
(23, '30', '2017-06-04'),
(23, '22', '2017-06-04'),
(23, '29', '2017-06-04'),
(23, '43', '2017-06-04'),
(23, '50', '2017-06-04'),
(23, '63', '2017-06-04'),
(23, '75', '2017-06-04'),
(23, '84', '2017-06-04'),
(23, '87', '2017-06-04'),
(23, '88', '2017-06-04'),
(23, '89', '2017-06-04'),
(23, '90', '2017-06-04'),
(23, '91', '2017-06-04'),
(23, '93', '2017-06-04'),
(23, '96', '2017-06-04'),
(23, '97', '2017-06-04'),
(23, 'D1', '2017-06-04'),
(24, '09', '2017-01-12'),
(24, '30', '2017-01-12'),
(24, '50', '2017-01-12'),
(24, '75', '2017-01-12'),
(24, '90', '2017-01-12'),
(24, '92', '2017-01-12'),
(24, '94', '2017-01-12'),
(24, '98', '2017-01-12'),
(25, '09', '2017-06-18'),
(25, '13', '2017-06-18'),
(25, '22', '2017-06-18'),
(25, '29', '2017-06-18'),
(25, '38', '2017-06-18'),
(25, '42', '2017-06-18'),
(25, '63', '2017-06-18'),
(25, '75', '2017-06-18'),
(25, '84', '2017-06-18'),
(25, '88', '2017-06-18'),
(25, '90', '2017-06-18'),
(25, '91', '2017-06-18'),
(25, '93', '2017-06-18'),
(25, '94', '2017-06-18'),
(25, 'D2', '2017-06-18'),
(25, '86', '2017-06-18'),
(25, '87', '2017-06-18'),
(25, '89', '2017-06-18'),
(25, '96', '2017-06-18'),
(25, '97', '2017-06-18'),
(25, '50', '2017-06-18'),
(25, '30', '2017-06-18'),
(25, '45', '2017-06-18'),
(25, '80', '2017-06-18'),
(25, '43', '2017-06-18'),
(25, '40', '2017-06-18'),
(26, '09', '2017-07-09'),
(26, '22', '2017-07-09'),
(26, '75', '2017-07-09'),
(26, '83', '2017-07-09'),
(26, '88', '2017-07-09'),
(26, '89', '2017-07-09'),
(26, '90', '2017-07-09'),
(26, '93', '2017-07-09'),
(26, '94', '2017-07-09'),
(26, '97', '2017-07-09'),
(26, '98', '2017-07-09'),
(26, '63', '2017-07-09'),
(26, '29', '2017-07-09'),
(26, '30', '2017-07-09'),
(26, 'D2', '2017-07-09'),
(26, '50', '2017-07-09'),
(27, '09', '2016-10-16'),
(27, '13', '2016-10-16'),
(27, '40', '2016-10-16'),
(27, '45', '2016-10-16'),
(27, '22', '2016-10-16'),
(27, '29', '2016-10-16'),
(27, '88', '2016-10-16'),
(27, '90', '2016-10-16'),
(27, '92', '2016-10-16'),
(27, '94', '2016-10-16'),
(27, '95', '2016-10-16'),
(27, '97', '2016-10-16'),
(27, '75', '2016-10-16'),
(27, 'D1', '2016-10-16'),
(27, '87', '2016-10-16'),
(27, '50', '2016-10-16'),
(27, '38', '2016-10-16'),
(27, '48', '2016-10-16'),
(28, '09', '2016-10-09'),
(28, '29', '2016-10-09'),
(28, '22', '2016-10-09'),
(28, '50', '2016-10-09'),
(28, '63', '2016-10-09'),
(28, '75', '2016-10-09'),
(28, '88', '2016-10-09'),
(28, '89', '2016-10-09'),
(28, '90', '2016-10-09'),
(28, '94', '2016-10-09'),
(28, '95', '2016-10-09'),
(28, '97', '2016-10-09'),
(28, '98', '2016-10-09'),
(28, 'D2', '2016-10-09'),
(29, '09', '2016-10-02'),
(29, '22', '2016-10-02'),
(29, '29', '2016-10-02'),
(29, '75', '2016-10-02'),
(29, '88', '2016-10-02'),
(29, '90', '2016-10-02'),
(29, '94', '2016-10-02'),
(29, '87', '2016-10-02'),
(29, 'D1', '2016-10-02'),
(30, '09', '2016-09-18'),
(30, '22', '2016-09-18'),
(30, '29', '2016-09-18'),
(30, '38', '2016-09-18'),
(30, '40', '2016-09-18'),
(30, '42', '2016-09-18'),
(30, '43', '2016-09-18'),
(30, '50', '2016-09-18'),
(30, '48', '2016-09-18'),
(30, '63', '2016-09-18'),
(30, '86', '2016-09-18'),
(30, '87', '2016-09-18'),
(30, '88', '2016-09-18'),
(30, '89', '2016-09-18'),
(30, '90', '2016-09-18'),
(30, '92', '2016-09-18'),
(30, '93', '2016-09-18'),
(30, '94', '2016-09-18'),
(30, '95', '2016-09-18'),
(30, '96', '2016-09-18'),
(30, '97', '2016-09-18'),
(30, '98', '2016-09-18'),
(31, '09', '2016-09-11'),
(31, '22', '2016-09-11'),
(31, '29', '2016-09-11'),
(31, '75', '2016-09-11'),
(31, '88', '2016-09-11'),
(31, '90', '2016-09-11'),
(31, '92', '2016-09-11'),
(31, '93', '2016-09-11'),
(31, '97', '2016-09-11'),
(31, '98', '2016-09-11'),
(31, 'D2', '2016-09-11'),
(32, '22', '2016-08-28'),
(32, '29', '2016-08-28'),
(32, '38', '2016-08-28'),
(32, '42', '2016-08-28'),
(32, '50', '2016-08-28'),
(32, '75', '2016-08-28'),
(32, '82', '2016-08-28'),
(32, '87', '2016-08-28'),
(32, '88', '2016-08-28'),
(32, '89', '2016-08-28'),
(32, '90', '2016-08-28'),
(32, '92', '2016-08-28'),
(32, '98', '2016-08-28'),
(32, '83', '2016-08-28'),
(33, '09', '2016-08-14'),
(33, '13', '2016-08-14'),
(33, '22', '2016-08-14'),
(33, '29', '2016-08-14'),
(33, '50', '2016-08-14'),
(33, '63', '2016-08-14'),
(33, '87', '2016-08-14'),
(33, '88', '2016-08-14'),
(33, '89', '2016-08-14'),
(33, '92', '2016-08-14'),
(33, '94', '2016-08-14'),
(33, '95', '2016-08-14'),
(33, '96', '2016-08-14'),
(33, '97', '2016-08-14'),
(33, '98', '2016-08-14'),
(33, 'D2', '2016-08-14'),
(33, '75', '2016-08-14'),
(34, '09', '2016-07-24'),
(34, '13', '2016-07-24'),
(34, '22', '2016-07-24'),
(34, '29', '2016-07-24'),
(34, '30', '2016-07-24'),
(34, '42', '2016-07-24'),
(34, '40', '2016-07-24'),
(34, '43', '2016-07-24'),
(34, '63', '2016-07-24'),
(34, '75', '2016-07-24'),
(34, '80', '2016-07-24'),
(34, '87', '2016-07-24'),
(34, '88', '2016-07-24'),
(34, '89', '2016-07-24'),
(34, '90', '2016-07-24'),
(34, '92', '2016-07-24'),
(34, '93', '2016-07-24'),
(34, '94', '2016-07-24'),
(34, '95', '2016-07-24'),
(34, '96', '2016-07-24'),
(34, '97', '2016-07-24'),
(34, '98', '2016-07-24'),
(34, 'D1', '2016-07-24'),
(35, '09', '2016-07-17'),
(35, '22', '2016-07-17'),
(35, '40', '2016-07-17'),
(35, '87', '2016-07-17'),
(35, '88', '2016-07-17'),
(35, '89', '2016-07-17'),
(35, '90', '2016-07-17'),
(35, '92', '2016-07-17'),
(35, '93', '2016-07-17'),
(35, '94', '2016-07-17'),
(35, '98', '2016-07-17'),
(35, '83', '2016-07-17'),
(36, '09', '2016-07-10'),
(36, '22', '2016-07-10'),
(36, '29', '2016-07-10'),
(36, '30', '2016-07-10'),
(36, '63', '2016-07-10'),
(36, '72', '2016-07-10'),
(36, '80', '2016-07-10'),
(36, '83', '2016-07-10'),
(36, '86', '2016-07-10'),
(36, '55', '2016-07-10'),
(36, '88', '2016-07-10'),
(36, '90', '2016-07-10'),
(36, '91', '2016-07-10'),
(36, '92', '2016-07-10'),
(36, '93', '2016-07-10'),
(36, '94', '2016-07-10'),
(36, '95', '2016-07-10'),
(36, '96', '2016-07-10'),
(36, '97', '2016-07-10'),
(36, '98', '2016-07-10'),
(36, 'D1', '2016-07-10'),
(37, '09', '2016-07-03'),
(37, '13', '2016-07-03'),
(37, '22', '2016-07-03'),
(37, '29', '2016-07-03'),
(37, '30', '2016-07-03'),
(37, '38', '2016-07-03'),
(37, '50', '2016-07-03'),
(37, '55', '2016-07-03'),
(37, '63', '2016-07-03'),
(37, '88', '2016-07-03'),
(37, '89', '2016-07-03'),
(37, '91', '2016-07-03'),
(37, '94', '2016-07-03'),
(37, '95', '2016-07-03'),
(37, '96', '2016-07-03'),
(37, '83', '2016-07-03'),
(37, '97', '2016-07-03'),
(37, '98', '2016-07-03'),
(38, '09', '2016-06-19'),
(38, '13', '2016-06-19'),
(38, '22', '2016-06-19'),
(38, '29', '2016-06-19'),
(38, '40', '2016-06-19'),
(38, '50', '2016-06-19'),
(38, '55', '2016-06-19'),
(38, '63', '2016-06-19'),
(38, '72', '2016-06-19'),
(38, '43', '2016-06-19'),
(38, '75', '2016-06-19'),
(38, '82', '2016-06-19'),
(38, '88', '2016-06-19'),
(38, '89', '2016-06-19'),
(38, '90', '2016-06-19'),
(38, '91', '2016-06-19'),
(38, '92', '2016-06-19'),
(38, '93', '2016-06-19'),
(38, '94', '2016-06-19'),
(38, '95', '2016-06-19'),
(38, '96', '2016-06-19'),
(38, '97', '2016-06-19'),
(38, '98', '2016-06-19'),
(38, 'D2', '2016-06-19'),
(38, '87', '2016-06-19'),
(38, '30', '2016-06-19'),
(39, '13', '2017-07-02'),
(39, '22', '2017-07-02'),
(39, '29', '2017-07-02'),
(39, '75', '2017-07-02'),
(39, '84', '2017-07-02'),
(39, '88', '2017-07-02'),
(39, '93', '2017-07-02'),
(39, '94', '2017-07-02'),
(39, '97', '2017-07-02'),
(39, '98', '2017-07-02'),
(39, 'D1', '2017-07-02'),
(39, '63', '2017-07-02'),
(39, '30', '2017-07-02'),
(39, '91', '2017-07-02'),
(40, '09', '2016-06-12'),
(40, '22', '2016-06-12'),
(40, '29', '2016-06-12'),
(40, '30', '2016-06-12'),
(40, '86', '2016-06-12'),
(40, '89', '2016-06-12'),
(40, '90', '2016-06-12'),
(40, '92', '2016-06-12'),
(40, '93', '2016-06-12'),
(40, '94', '2016-06-12'),
(40, '96', '2016-06-12'),
(40, '88', '2016-06-12'),
(40, '87', '2016-06-12'),
(40, '97', '2016-06-12'),
(40, '98', '2016-06-12'),
(40, 'D1', '2016-06-12'),
(41, '09', '2016-06-05'),
(41, '22', '2016-06-05'),
(41, '83', '2016-06-05'),
(41, '86', '2016-06-05'),
(41, '88', '2016-06-05'),
(41, '90', '2016-06-05'),
(41, '92', '2016-06-05'),
(41, '94', '2016-06-05'),
(41, '95', '2016-06-05'),
(41, '96', '2016-06-05'),
(41, '97', '2016-06-05'),
(41, '98', '2016-06-05'),
(41, 'D2', '2016-06-05'),
(42, '09', '2016-05-22'),
(42, '22', '2016-05-22'),
(42, '29', '2016-05-22'),
(42, '43', '2016-05-22'),
(42, '50', '2016-05-22'),
(42, '88', '2016-05-22'),
(42, '87', '2016-05-22'),
(42, '91', '2016-05-22'),
(42, '93', '2016-05-22'),
(42, '94', '2016-05-22'),
(42, '95', '2016-05-22'),
(42, '96', '2016-05-22'),
(42, '98', '2016-05-22'),
(42, 'D2', '2016-05-22'),
(43, '09', '2016-05-15'),
(43, '22', '2016-05-15'),
(43, '29', '2016-05-15'),
(43, '30', '2016-05-15'),
(43, '38', '2016-05-15'),
(43, '45', '2016-05-15'),
(43, '55', '2016-05-15'),
(43, '63', '2016-05-15'),
(43, '82', '2016-05-15'),
(43, '80', '2016-05-15'),
(43, '83', '2016-05-15'),
(43, '84', '2016-05-15'),
(43, '85', '2016-05-15'),
(43, '86', '2016-05-15'),
(43, '89', '2016-05-15'),
(43, '90', '2016-05-15'),
(43, '91', '2016-05-15'),
(43, '92', '2016-05-15'),
(43, '93', '2016-05-15'),
(43, '94', '2016-05-15'),
(43, '96', '2016-05-15'),
(43, '88', '2016-05-15'),
(44, '09', '2016-05-08'),
(44, '13', '2016-05-08'),
(44, '22', '2016-05-08'),
(44, '29', '2016-05-08'),
(44, '30', '2016-05-08'),
(44, '63', '2016-05-08'),
(44, '72', '2016-05-08'),
(44, '75', '2016-05-08'),
(44, '83', '2016-05-08'),
(44, '88', '2016-05-08'),
(44, '91', '2016-05-08'),
(44, '92', '2016-05-08'),
(44, '93', '2016-05-08'),
(44, '94', '2016-05-08'),
(44, '96', '2016-05-08'),
(44, '97', '2016-05-08'),
(44, '98', '2016-05-08'),
(44, 'D2', '2016-05-08'),
(45, '22', '2016-04-10'),
(45, '29', '2016-04-10'),
(45, '30', '2016-04-10'),
(45, '35', '2016-04-10'),
(45, '75', '2016-04-10'),
(45, '84', '2016-04-10'),
(45, '88', '2016-04-10'),
(45, '89', '2016-04-10'),
(45, '90', '2016-04-10'),
(45, '91', '2016-04-10'),
(45, '92', '2016-04-10'),
(45, '93', '2016-04-10'),
(45, '94', '2016-04-10'),
(45, '95', '2016-04-10'),
(45, '63', '2016-04-10'),
(45, '87', '2016-04-10'),
(45, 'D2', '2016-04-10'),
(45, '97', '2016-04-10'),
(45, '98', '2016-04-10'),
(46, '09', '2016-04-03'),
(46, '84', '2016-04-03'),
(46, '90', '2016-04-03'),
(46, '96', '2016-04-03'),
(46, '95', '2016-04-03'),
(46, '94', '2016-04-03'),
(46, '89', '2016-04-03'),
(46, '88', '2016-04-03'),
(46, '87', '2016-04-03'),
(46, '22', '2016-04-03'),
(46, '72', '2016-04-03'),
(46, '29', '2016-04-03'),
(46, '97', '2016-04-03'),
(46, '98', '2016-04-03'),
(46, '75', '2016-04-03'),
(46, '30', '2016-04-03'),
(47, '09', '2016-03-13'),
(47, '22', '2016-03-13'),
(47, '29', '2016-03-13'),
(47, '30', '2016-03-13'),
(47, '35', '2016-03-13'),
(47, '38', '2016-03-13'),
(47, '40', '2016-03-13'),
(47, '84', '2016-03-13'),
(47, '87', '2016-03-13'),
(47, '88', '2016-03-13'),
(47, '90', '2016-03-13'),
(47, '92', '2016-03-13'),
(47, '94', '2016-03-13'),
(47, '95', '2016-03-13'),
(47, '97', '2016-03-13'),
(47, '98', '2016-03-13'),
(47, 'D2', '2016-03-13'),
(48, '48', '2016-03-06'),
(48, '09', '2016-03-06'),
(48, '13', '2016-03-06'),
(48, '30', '2016-03-06'),
(48, '22', '2016-03-06'),
(48, '29', '2016-03-06'),
(48, '35', '2016-03-06'),
(48, '84', '2016-03-06'),
(48, '87', '2016-03-06'),
(48, '88', '2016-03-06'),
(48, '90', '2016-03-06'),
(48, '91', '2016-03-06'),
(48, '92', '2016-03-06'),
(48, '94', '2016-03-06'),
(48, '95', '2016-03-06'),
(48, '97', '2016-03-06'),
(48, '98', '2016-03-06'),
(48, 'D1', '2016-03-06'),
(49, '30', '2016-02-21'),
(49, '22', '2016-02-21'),
(49, '29', '2016-02-21'),
(49, '35', '2016-02-21'),
(49, '40', '2016-02-21'),
(49, '87', '2016-02-21'),
(49, '88', '2016-02-21'),
(49, '93', '2016-02-21'),
(49, '94', '2016-02-21'),
(49, '95', '2016-02-21'),
(49, '96', '2016-02-21'),
(49, '97', '2016-02-21'),
(49, '98', '2016-02-21'),
(49, 'D1', '2016-02-21'),
(50, '30', '2016-02-14'),
(50, '22', '2016-02-14'),
(50, '29', '2016-02-14'),
(50, '38', '2016-02-14'),
(50, '35', '2016-02-14'),
(50, '88', '2016-02-14'),
(50, '91', '2016-02-14'),
(50, '95', '2016-02-14'),
(50, '96', '2016-02-14'),
(50, 'D2', '2016-02-14'),
(50, '97', '2016-02-14'),
(50, '98', '2016-02-14'),
(51, '09', '2016-02-07'),
(51, '22', '2016-02-07'),
(51, '29', '2016-02-07'),
(51, '30', '2016-02-07'),
(51, '35', '2016-02-07'),
(51, '38', '2016-02-07'),
(51, '84', '2016-02-07'),
(51, '87', '2016-02-07'),
(51, '88', '2016-02-07'),
(51, '89', '2016-02-07'),
(51, '90', '2016-02-07'),
(51, '91', '2016-02-07'),
(51, '94', '2016-02-07'),
(51, '95', '2016-02-07'),
(51, '96', '2016-02-07'),
(51, 'D1', '2016-02-07'),
(51, '97', '2016-02-07'),
(51, '98', '2016-02-07'),
(52, '22', '2015-12-13'),
(52, '29', '2015-12-13'),
(52, '30', '2015-12-13'),
(52, '50', '2015-12-13'),
(52, '87', '2015-12-13'),
(52, '88', '2015-12-13'),
(52, '89', '2015-12-13'),
(52, '90', '2015-12-13'),
(52, '92', '2015-12-13'),
(52, '98', '2015-12-13'),
(52, 'D1', '2015-12-13'),
(53, '30', '2015-12-06'),
(53, '22', '2015-12-06'),
(53, '29', '2015-12-06'),
(53, '35', '2015-12-06'),
(53, '84', '2015-12-06'),
(53, '88', '2015-12-06'),
(53, '90', '2015-12-06'),
(53, '91', '2015-12-06'),
(53, '94', '2015-12-06'),
(53, '95', '2015-12-06'),
(53, '97', '2015-12-06'),
(53, '98', '2015-12-06'),
(53, 'D2', '2015-12-06'),
(54, '22', '2015-11-22'),
(54, '29', '2015-11-22'),
(54, '35', '2015-11-22'),
(54, '87', '2015-11-22'),
(54, '95', '2015-11-22'),
(54, '92', '2015-11-22'),
(54, '91', '2015-11-22'),
(54, '84', '2015-11-22'),
(54, '88', '2015-11-22'),
(54, '90', '2015-11-22'),
(54, '97', '2015-11-22'),
(54, '98', '2015-11-22'),
(54, 'D2', '2015-11-22'),
(55, '22', '2015-11-15'),
(55, '29', '2015-11-15'),
(55, '30', '2015-11-15'),
(55, '35', '2015-11-15'),
(55, '84', '2015-11-15'),
(55, '87', '2015-11-15'),
(55, '88', '2015-11-15'),
(55, '89', '2015-11-15'),
(55, '90', '2015-11-15'),
(55, '92', '2015-11-15'),
(55, '94', '2015-11-15'),
(55, '95', '2015-11-15'),
(55, '98', '2015-11-15'),
(55, 'D1', '2015-11-15'),
(56, '22', '2015-11-08'),
(56, '29', '2015-11-08'),
(56, '30', '2015-11-08'),
(56, '35', '2015-11-08'),
(56, '40', '2015-11-08'),
(56, '83', '2015-11-08'),
(56, '88', '2015-11-08'),
(56, '89', '2015-11-08'),
(56, '90', '2015-11-08'),
(56, '91', '2015-11-08'),
(56, '92', '2015-11-08'),
(56, '93', '2015-11-08'),
(56, '94', '2015-11-08'),
(56, '98', '2015-11-08'),
(56, '97', '2015-11-08'),
(56, '87', '2015-11-08'),
(56, '95', '2015-11-08'),
(56, '96', '2015-11-08'),
(56, 'D2', '2015-11-08');

--
-- Constraints for dumped tables
--

--
-- Constraints for table `duty_attendance`
--
ALTER TABLE `duty_attendance`
  ADD CONSTRAINT `attendance_unit_number_update` FOREIGN KEY (`unit`) REFERENCES `personnel` (`unit`) ON DELETE CASCADE ON UPDATE CASCADE;

--
-- Constraints for table `duty_schedule`
--
ALTER TABLE `duty_schedule`
  ADD CONSTRAINT `unit_number_` FOREIGN KEY (`unit`) REFERENCES `personnel` (`unit`) ON DELETE CASCADE ON UPDATE CASCADE;

--
-- Constraints for table `fire_apparata`
--
ALTER TABLE `fire_apparata`
  ADD CONSTRAINT `fire_apparata_ibfk_1` FOREIGN KEY (`fire_data_id`) REFERENCES `fire_data` (`id`) ON DELETE CASCADE ON UPDATE NO ACTION;

--
-- Constraints for table `fire_attendance`
--
ALTER TABLE `fire_attendance`
  ADD CONSTRAINT `fire_attendance_ibfk_1` FOREIGN KEY (`fire_data_id`) REFERENCES `fire_data` (`id`) ON DELETE CASCADE ON UPDATE NO ACTION;

--
-- Constraints for table `meeting_attendance`
--
ALTER TABLE `meeting_attendance`
  ADD CONSTRAINT `meeting_attendance_ibfk_1` FOREIGN KEY (`meeting_id`) REFERENCES `meeting` (`id`) ON DELETE CASCADE ON UPDATE NO ACTION;

--
-- Constraints for table `special_activity_attendance`
--
ALTER TABLE `special_activity_attendance`
  ADD CONSTRAINT `special_activity_attendance_ibfk_1` FOREIGN KEY (`special_id`) REFERENCES `special_activity` (`id`) ON DELETE CASCADE ON UPDATE NO ACTION;

--
-- Constraints for table `training_attendance`
--
ALTER TABLE `training_attendance`
  ADD CONSTRAINT `training_attendance_ibfk_1` FOREIGN KEY (`training_id`) REFERENCES `training` (`id`) ON DELETE CASCADE ON UPDATE NO ACTION;

/*!40101 SET CHARACTER_SET_CLIENT=@OLD_CHARACTER_SET_CLIENT */;
/*!40101 SET CHARACTER_SET_RESULTS=@OLD_CHARACTER_SET_RESULTS */;
/*!40101 SET COLLATION_CONNECTION=@OLD_COLLATION_CONNECTION */;
