-- phpMyAdmin SQL Dump
-- version 4.1.14
-- http://www.phpmyadmin.net
--
-- Host: 127.0.0.1
-- Generation Time: Jun 11, 2017 at 12:40 PM
-- Server version: 5.6.17
-- PHP Version: 5.5.12

SET SQL_MODE = "NO_AUTO_VALUE_ON_ZERO";
SET time_zone = "+00:00";


/*!40101 SET @OLD_CHARACTER_SET_CLIENT=@@CHARACTER_SET_CLIENT */;
/*!40101 SET @OLD_CHARACTER_SET_RESULTS=@@CHARACTER_SET_RESULTS */;
/*!40101 SET @OLD_COLLATION_CONNECTION=@@COLLATION_CONNECTION */;
/*!40101 SET NAMES utf8 */;

--
-- Database: `firebrigade`
--
CREATE DATABASE IF NOT EXISTS `firebrigade` DEFAULT CHARACTER SET utf8 COLLATE utf8_general_ci;
USE `firebrigade`;

-- --------------------------------------------------------

--
-- Table structure for table `duty_attendance`
--

DROP TABLE IF EXISTS `duty_attendance`;
CREATE TABLE IF NOT EXISTS `duty_attendance` (
  `unit` varchar(10) NOT NULL,
  `attendance_date` date NOT NULL,
  `time_in` varchar(10) NOT NULL,
  `time_out` varchar(10) NOT NULL,
  `schedule` varchar(10) NOT NULL,
  `date_created` datetime NOT NULL DEFAULT CURRENT_TIMESTAMP,
  KEY `unit` (`unit`),
  KEY `schedule` (`schedule`),
  KEY `unit_2` (`unit`)
) ENGINE=InnoDB DEFAULT CHARSET=utf8;

--
-- Dumping data for table `duty_attendance`
--

INSERT INTO `duty_attendance` (`unit`, `attendance_date`, `time_in`, `time_out`, `schedule`, `date_created`) VALUES
('94', '2017-05-01', '08:00 PM', '08:00 AM', 'Monday', '2017-05-26 19:56:57'),
('90', '2017-05-01', '08:59 PM', '08:00 AM', 'Monday', '2017-05-26 19:57:30'),
('92', '2017-05-01', '10:02 PM', '08:00 AM', 'Monday', '2017-05-26 19:58:03'),
('83', '2017-05-01', '09:00 PM', '08:00 AM', 'Monday', '2017-05-26 19:58:39'),
('88', '2017-05-02', '07:42 PM', '06:00 AM', 'Tuesday', '2017-05-26 20:00:14'),
('83', '2017-05-02', '10:45 PM', '09:00 AM', 'Tuesday', '2017-05-26 20:00:49'),
('88', '2017-05-03', '08:23 PM', '06:00 AM', 'Wednesday', '2017-05-26 20:01:30'),
('94', '2017-05-03', '09:41 PM', '08:00 AM', 'Wednesday', '2017-05-26 20:02:01'),
('90', '2017-05-03', '09:43 PM', '08:00 AM', 'Wednesday', '2017-05-26 20:02:22'),
('96', '2017-05-03', '09:43 PM', '07:27 AM', 'Wednesday', '2017-05-26 20:02:45'),
('92', '2017-05-03', '10:17 PM', '08:00 AM', 'Wednesday', '2017-05-26 20:03:06'),
('83', '2017-05-03', '07:30 PM', '08:00 AM', 'Wednesday', '2017-05-26 20:03:26'),
('86', '2017-05-03', '10:30 PM', '08:50 AM', 'Wednesday', '2017-05-26 20:03:44'),
('89', '2017-05-04', '09:07 PM', '05:41 AM', 'Thursday', '2017-05-26 20:04:17'),
('90', '2017-05-04', '09:30 PM', '08:00 AM', 'Thursday', '2017-05-26 20:04:37'),
('92', '2017-05-04', '10:10 PM', '08:00 AM', 'Thursday', '2017-05-26 20:05:02'),
('86', '2017-05-04', '10:00 PM', '08:03 AM', 'Thursday', '2017-05-26 20:05:21'),
('83', '2017-05-04', '10:00 PM', '01:00 PM', 'Thursday', '2017-05-26 20:05:42'),
('84', '2017-05-05', '08:34 PM', '08:31 AM', 'Friday', '2017-05-26 20:06:25'),
('92', '2017-05-05', '08:53 PM', '08:00 AM', 'Friday', '2017-05-26 20:06:44'),
('88', '2017-05-05', '09:23 PM', '08:00 AM', 'Friday', '2017-05-26 20:07:03'),
('93', '2017-05-05', '10:10 PM', '07:30 AM', 'Friday', '2017-05-26 20:07:24'),
('96', '2017-05-05', '10:46 PM', '07:25 AM', 'Friday', '2017-05-26 20:07:48'),
('86', '2017-05-05', '09:00 PM', '09:40 AM', 'Friday', '2017-05-26 20:08:15'),
('84', '2017-05-06', '07:48 PM', '09:30 AM', 'Saturday', '2017-05-26 20:08:48'),
('91', '2017-05-06', '07:48 PM', '09:30 AM', 'Saturday', '2017-05-26 20:09:09'),
('90', '2017-05-06', '07:53 PM', '00:00 AM', 'Saturday', '2017-05-26 20:09:33'),
('92', '2017-05-06', '09:40 PM', '08:00 AM', 'Saturday', '2017-05-26 20:10:19'),
('83', '2017-05-06', '07:00 PM', '10:00 AM', 'Saturday', '2017-05-26 20:10:53'),
('96', '2017-05-06', '10:49 PM', '10:43 AM', 'Saturday', '2017-05-26 20:11:15'),
('91', '2017-05-07', '05:30 PM', '10:00 AM', 'Sunday', '2017-05-26 20:14:13'),
('90', '2017-05-07', '09:00 PM', '08:00 AM', 'Sunday', '2017-05-26 20:14:37'),
('84', '2017-05-07', '10:28 PM', '09:30 AM', 'Sunday', '2017-05-26 20:14:59'),
('86', '2017-05-07', '10:40 PM', '05:36 AM', 'Sunday', '2017-05-26 20:15:18'),
('83', '2017-05-07', '09:00 PM', '08:00 AM', 'Sunday', '2017-05-26 20:15:37'),
('45', '2017-05-07', '08:55 PM', '10:00 AM', 'Sunday', '2017-05-26 20:15:56'),
('83', '2017-05-08', '09:30 PM', '08:00 AM', 'Monday', '2017-05-26 20:16:24'),
('92', '2017-05-08', '09:00 PM', '08:00 AM', 'Monday', '2017-05-26 20:16:45'),
('90', '2017-05-08', '05:10 PM', '08:00 AM', 'Monday', '2017-05-26 20:17:01'),
('90', '2017-05-09', '07:58 PM', '08:00 AM', 'Tuesday', '2017-05-26 20:17:25'),
('83', '2017-05-09', '06:00 PM', '09:00 AM', 'Tuesday', '2017-05-26 20:17:41'),
('88', '2017-05-09', '08:53 PM', '06:00 AM', 'Tuesday', '2017-05-26 20:18:00'),
('95', '2017-05-09', '09:17 PM', '08:30 AM', 'Tuesday', '2017-05-26 20:18:26'),
('96', '2017-05-10', '09:26 PM', '12:53 PM', 'Wednesday', '2017-05-26 20:19:03'),
('09', '2017-05-10', '06:00 PM', '04:00 AM', 'Wednesday', '2017-05-26 20:19:22'),
('83', '2017-05-10', '07:00 PM', '01:40 PM', 'Wednesday', '2017-05-26 20:19:50'),
('88', '2017-05-10', '10:15 PM', '05:22 AM', 'Wednesday', '2017-05-26 20:20:24'),
('92', '2017-05-10', '06:30 PM', '08:00 AM', 'Wednesday', '2017-05-26 20:20:45'),
('90', '2017-05-10', '05:10 PM', '06:00 AM', 'Wednesday', '2017-05-26 20:21:03'),
('86', '2017-05-11', '08:00 PM', '11:45 PM', 'Thursday', '2017-05-26 20:21:37'),
('89', '2017-05-11', '08:33 PM', '05:00 AM', 'Thursday', '2017-05-26 20:22:02'),
('90', '2017-05-11', '04:30 PM', '08:00 AM', 'Thursday', '2017-05-26 20:22:20'),
('95', '2017-05-11', '09:00 PM', '08:00 AM', 'Thursday', '2017-05-26 20:22:43'),
('90', '2017-05-12', '07:52 PM', '08:00 AM', 'Friday', '2017-05-26 20:23:46'),
('84', '2017-05-12', '08:27 PM', '04:45 AM', 'Friday', '2017-05-26 20:24:05'),
('88', '2017-05-12', '09:28 PM', '07:00 AM', 'Friday', '2017-05-26 20:24:22'),
('92', '2017-05-12', '09:00 PM', '08:00 AM', 'Friday', '2017-05-26 20:24:38'),
('84', '2017-05-13', '03:30 PM', '10:45 AM', 'Saturday', '2017-05-26 20:25:27'),
('93', '2017-05-13', '05:37 PM', '03:03 PM', 'Saturday', '2017-05-26 20:26:17'),
('90', '2017-05-13', '08:00 PM', '01:00 PM', 'Saturday', '2017-05-26 20:26:39'),
('91', '2017-05-13', '09:04 PM', '10:45 AM', 'Saturday', '2017-05-26 20:27:00'),
('97', '2017-05-13', '09:15 PM', '12:50 PM', 'Saturday', '2017-05-26 20:27:22'),
('95', '2017-05-13', '09:25 PM', '10:00 AM', 'Saturday', '2017-05-26 20:27:42'),
('94', '2017-05-13', '09:46 PM', '08:00 AM', 'Saturday', '2017-05-26 20:29:11'),
('96', '2017-05-13', '10:47 PM', '09:30 AM', 'Saturday', '2017-05-26 20:34:22'),
('86', '2017-05-13', '07:00 PM', '10:00 AM', 'Saturday', '2017-05-26 20:34:43'),
('94', '2017-05-14', '07:54 PM', '08:00 AM', 'Sunday', '2017-05-26 20:35:52'),
('90', '2017-05-14', '08:30 PM', '08:00 AM', 'Sunday', '2017-05-26 20:36:07'),
('45', '2017-05-14', '09:35 PM', '12:30 PM', 'Sunday', '2017-05-26 20:36:27'),
('86', '2017-05-14', '09:44 PM', '08:52 AM', 'Sunday', '2017-05-26 20:36:48'),
('84', '2017-05-14', '10:46 PM', '09:20 AM', 'Sunday', '2017-05-26 20:37:22'),
('83', '2017-05-14', '09:00 PM', '11:00 AM', 'Sunday', '2017-05-26 20:37:43'),
('91', '2017-05-14', '10:46 PM', '07:40 AM', 'Sunday', '2017-05-26 20:38:32'),
('90', '2017-05-15', '07:48 PM', '08:00 AM', 'Monday', '2017-05-26 20:39:11'),
('92', '2017-05-15', '10:30 PM', '08:00 AM', 'Monday', '2017-05-26 20:39:32'),
('94', '2017-05-15', '08:00 PM', '08:00 AM', 'Monday', '2017-05-26 20:39:47'),
('86', '2017-05-15', '05:30 PM', '10:34 AM', 'Monday', '2017-05-26 20:40:05'),
('83', '2017-05-15', '11:15 PM', '11:00 AM', 'Monday', '2017-05-26 20:40:21'),
('95', '2017-05-16', '08:57 PM', '08:00 AM', 'Tuesday', '2017-05-26 20:40:47'),
('90', '2017-05-16', '09:01 PM', '05:30 AM', 'Tuesday', '2017-05-26 20:41:07'),
('88', '2017-05-16', '09:28 PM', '05:00 AM', 'Tuesday', '2017-05-26 20:41:50'),
('86', '2017-05-16', '09:00 PM', '11:04 AM', 'Tuesday', '2017-05-26 20:42:15'),
('94', '2017-05-16', '08:00 PM', '09:00 AM', 'Tuesday', '2017-05-26 20:42:57'),
('83', '2017-05-16', '06:30 PM', '12:41 PM', 'Tuesday', '2017-05-26 20:43:18'),
('90', '2017-05-17', '07:15 PM', '08:00 AM', 'Wednesday', '2017-05-26 20:43:54'),
('92', '2017-05-17', '10:10 PM', '08:00 AM', 'Wednesday', '2017-05-26 20:44:12'),
('86', '2017-05-17', '10:12 PM', '09:44 AM', 'Wednesday', '2017-05-26 20:44:28'),
('83', '2017-05-17', '10:50 PM', '10:30 AM', 'Wednesday', '2017-05-26 20:45:01'),
('90', '2017-05-18', '05:30 PM', '08:00 AM', 'Thursday', '2017-05-26 20:45:52'),
('95', '2017-05-18', '08:00 PM', '08:00 AM', 'Thursday', '2017-05-26 20:57:15'),
('89', '2017-05-18', '08:53 PM', '05:00 AM', 'Thursday', '2017-05-26 20:57:35'),
('92', '2017-05-18', '10:39 PM', '08:00 AM', 'Thursday', '2017-05-26 20:58:13'),
('83', '2017-05-18', '10:30 PM', '08:00 AM', 'Thursday', '2017-05-26 20:58:27'),
('86', '2017-05-18', '08:00 PM', '01:00 PM', 'Thursday', '2017-05-26 20:59:01'),
('90', '2017-05-19', '07:28 PM', '08:00 AM', 'Friday', '2017-05-26 20:59:23'),
('93', '2017-05-19', '08:30 PM', '06:00 AM', 'Friday', '2017-05-26 20:59:57'),
('92', '2017-05-19', '09:00 PM', '08:00 AM', 'Friday', '2017-05-26 21:00:41'),
('88', '2017-05-19', '09:32 PM', '08:00 AM', 'Friday', '2017-05-26 21:00:59'),
('13', '2017-05-20', '03:30 PM', '07:45 AM', 'Saturday', '2017-05-26 21:02:13'),
('95', '2017-05-20', '08:44 PM', '12:20 PM', 'Saturday', '2017-05-26 21:02:32'),
('92', '2017-05-20', '08:45 PM', '08:00 AM', 'Saturday', '2017-05-26 21:02:51'),
('96', '2017-05-20', '09:30 PM', '07:11 AM', 'Saturday', '2017-05-26 21:03:06'),
('89', '2017-05-20', '09:47 PM', '07:24 AM', 'Saturday', '2017-05-26 21:03:44'),
('83', '2017-05-21', '07:30 PM', '08:00 AM', 'Sunday', '2017-05-26 21:04:13'),
('90', '2017-05-22', '07:12 PM', '08:00 AM', 'Monday', '2017-05-26 21:05:06'),
('22', '2017-05-22', '10:10 PM', '06:40 AM', 'Monday', '2017-05-26 21:05:23'),
('92', '2017-05-22', '10:17 PM', '08:00 AM', 'Monday', '2017-05-26 21:05:40'),
('83', '2017-05-22', '10:57 PM', '01:17 PM', 'Monday', '2017-05-26 21:05:59'),
('94', '2017-05-22', '09:00 PM', '08:00 AM', 'Monday', '2017-05-26 21:06:14'),
('95', '2017-05-23', '09:00 PM', '09:00 AM', 'Tuesday', '2017-05-27 14:39:04'),
('88', '2017-05-23', '09:45 PM', '06:00 AM', 'Tuesday', '2017-05-27 14:39:25'),
('94', '2017-05-23', '08:00 PM', '08:00 AM', 'Tuesday', '2017-05-27 14:39:48'),
('83', '2017-05-23', '07:00 PM', '10:00 AM', 'Tuesday', '2017-05-27 14:40:25'),
('88', '2017-05-24', '09:39 PM', '06:00 AM', 'Wednesday', '2017-05-27 14:40:47'),
('96', '2017-05-24', '10:15 PM', '07:36 AM', 'Wednesday', '2017-05-27 14:41:03'),
('92', '2017-05-24', '10:30 PM', '08:00 AM', 'Wednesday', '2017-05-27 14:41:23'),
('94', '2017-05-24', '08:00 PM', '08:00 AM', 'Wednesday', '2017-05-27 14:41:37'),
('89', '2017-05-25', '06:27 PM', '05:00 AM', 'Thursday', '2017-05-27 14:42:04'),
('95', '2017-05-25', '07:05 PM', '08:00 AM', 'Thursday', '2017-05-27 14:42:21'),
('91', '2017-05-25', '04:30 PM', '12:00 PM', 'Thursday', '2017-05-27 14:42:43'),
('90', '2017-05-25', '05:10 PM', '08:00 AM', 'Thursday', '2017-05-27 14:42:59'),
('90', '2017-05-26', '09:30 PM', '08:00 AM', 'Friday', '2017-05-27 14:43:32'),
('88', '2017-05-26', '10:05 PM', '08:00 AM', 'Friday', '2017-05-27 14:43:48'),
('30', '2017-05-26', '10:30 PM', '04:40 AM', 'Friday', '2017-05-27 14:44:07'),
('84', '2017-05-26', '10:30 PM', '04:40 AM', 'Friday', '2017-05-27 14:44:18'),
('93', '2017-05-26', '10:39 PM', '11:30 AM', 'Friday', '2017-05-27 14:44:36'),
('84', '2017-04-01', '04:30 PM', '08:00 AM', 'Saturday', '2017-05-27 14:52:45'),
('95', '2017-04-01', '09:45 PM', '08:00 AM', 'Saturday', '2017-05-27 14:53:17'),
('89', '2017-04-01', '10:17 PM', '08:00 AM', 'Saturday', '2017-05-27 14:53:35'),
('91', '2017-04-01', '10:19 PM', '08:00 AM', 'Saturday', '2017-05-27 14:53:51'),
('89', '2017-05-27', '08:34 PM', '07:00 AM', 'Saturday', '2017-06-03 15:14:23'),
('45', '2017-05-27', '09:30 PM', '07:00 AM', 'Saturday', '2017-06-03 15:14:49'),
('95', '2017-05-27', '09:44 PM', '07:00 AM', 'Saturday', '2017-06-03 15:15:25'),
('91', '2017-05-27', '09:00 PM', '07:00 AM', 'Saturday', '2017-06-03 15:15:39'),
('96', '2017-05-27', '10:42 PM', '07:00 AM', 'Saturday', '2017-06-03 15:16:12'),
('84', '2017-05-28', '09:00 PM', '08:25 AM', 'Sunday', '2017-06-03 15:16:51'),
('91', '2017-05-28', '09:00 PM', '07:30 AM', 'Sunday', '2017-06-03 15:17:03'),
('90', '2017-05-28', '09:10 PM', '08:00 AM', 'Sunday', '2017-06-03 15:17:24'),
('45', '2017-05-28', '06:30 PM', '08:00 AM', 'Sunday', '2017-06-03 15:17:41'),
('83', '2017-05-28', '10:15 PM', '10:02 AM', 'Sunday', '2017-06-03 15:18:02'),
('90', '2017-05-29', '08:55 PM', '08:00 AM', 'Monday', '2017-06-03 15:18:28'),
('92', '2017-05-29', '08:57 PM', '08:00 AM', 'Monday', '2017-06-03 15:18:49'),
('83', '2017-05-29', '10:50 PM', '08:00 AM', 'Monday', '2017-06-03 15:19:04'),
('90', '2017-05-30', '08:37 PM', '08:00 AM', 'Tuesday', '2017-06-03 15:19:43'),
('88', '2017-05-30', '09:32 PM', '06:00 AM', 'Tuesday', '2017-06-03 15:20:01'),
('92', '2017-05-30', '10:40 PM', '08:00 AM', 'Tuesday', '2017-06-03 15:20:17'),
('83', '2017-05-30', '06:00 PM', '08:00 AM', 'Tuesday', '2017-06-03 15:20:37'),
('90', '2017-05-31', '05:10 PM', '08:00 AM', 'Wednesday', '2017-06-03 15:21:11'),
('88', '2017-05-31', '09:43 PM', '06:00 AM', 'Wednesday', '2017-06-03 15:21:30'),
('94', '2017-05-31', '05:30 PM', '08:00 AM', 'Wednesday', '2017-06-03 15:21:56'),
('92', '2017-05-31', '10:40 PM', '08:00 AM', 'Wednesday', '2017-06-03 15:22:17'),
('91', '2017-04-02', '06:05 PM', '08:00 AM', 'Sunday', '2017-06-03 15:25:34'),
('45', '2017-04-02', '09:05 PM', '08:00 AM', 'Sunday', '2017-06-03 15:25:58'),
('84', '2017-04-02', '03:05 PM', '08:00 AM', 'Sunday', '2017-06-03 15:26:11'),
('86', '2017-04-02', '08:00 PM', '08:00 AM', 'Sunday', '2017-06-03 15:26:23'),
('86', '2017-04-03', '06:00 PM', '12:03 PM', 'Monday', '2017-06-03 15:27:21'),
('92', '2017-04-03', '10:53 PM', '08:00 AM', 'Monday', '2017-06-03 15:30:48'),
('88', '2017-04-04', '06:00 PM', '05:00 AM', 'Tuesday', '2017-06-03 15:31:34'),
('91', '2017-04-04', '04:00 PM', '08:00 AM', 'Tuesday', '2017-06-03 15:31:51'),
('86', '2017-04-04', '10:41 PM', '08:00 AM', 'Tuesday', '2017-06-03 15:32:04'),
('95', '2017-04-04', '10:45 PM', '08:00 AM', 'Tuesday', '2017-06-03 15:32:21'),
('90', '2017-04-05', '08:13 PM', '08:00 AM', 'Wednesday', '2017-06-03 15:32:52'),
('88', '2017-04-05', '08:53 PM', '05:00 AM', 'Wednesday', '2017-06-03 15:33:11'),
('93', '2017-04-05', '08:57 PM', '08:00 AM', 'Wednesday', '2017-06-03 15:33:27'),
('92', '2017-04-05', '10:50 PM', '08:00 AM', 'Wednesday', '2017-06-03 15:33:42'),
('89', '2017-04-06', '08:45 PM', '05:00 AM', 'Thursday', '2017-06-03 15:41:12'),
('92', '2017-04-06', '10:00 PM', '08:00 AM', 'Thursday', '2017-06-03 15:41:29'),
('95', '2017-04-06', '10:43 PM', '08:00 AM', 'Thursday', '2017-06-03 15:41:44'),
('83', '2017-04-06', '07:00 PM', '08:00 AM', 'Thursday', '2017-06-03 15:41:58'),
('86', '2017-04-06', '08:00 PM', '08:00 AM', 'Thursday', '2017-06-03 15:42:14'),
('84', '2017-04-07', '06:25 PM', '08:22 AM', 'Friday', '2017-06-03 15:43:51'),
('93', '2017-04-07', '08:41 PM', '08:00 AM', 'Friday', '2017-06-03 15:45:23'),
('88', '2017-04-07', '09:22 PM', '07:00 AM', 'Friday', '2017-06-03 15:45:48'),
('96', '2017-04-07', '10:00 PM', '08:00 AM', 'Friday', '2017-06-03 15:46:01'),
('93', '2017-04-08', '09:57 PM', '08:00 AM', 'Saturday', '2017-06-03 16:03:07'),
('84', '2017-04-09', '07:14 PM', '08:00 AM', 'Sunday', '2017-06-03 16:03:57'),
('86', '2017-04-09', '08:40 PM', '08:00 AM', 'Sunday', '2017-06-03 16:04:13'),
('91', '2017-04-09', '10:17 PM', '08:00 AM', 'Sunday', '2017-06-03 16:04:28'),
('45', '2017-04-09', '08:40 PM', '08:00 AM', 'Sunday', '2017-06-03 16:04:45'),
('83', '2017-04-09', '07:00 PM', '08:00 AM', 'Sunday', '2017-06-03 16:05:04'),
('94', '2017-04-10', '07:25 PM', '08:10 AM', 'Monday', '2017-06-03 16:05:33'),
('90', '2017-04-10', '10:25 PM', '08:00 AM', 'Monday', '2017-06-03 16:05:45'),
('92', '2017-04-10', '10:45 PM', '08:00 AM', 'Monday', '2017-06-03 16:05:59'),
('83', '2017-04-10', '09:00 PM', '08:00 AM', 'Monday', '2017-06-03 16:06:19'),
('88', '2017-04-11', '09:04 PM', '05:00 AM', 'Tuesday', '2017-06-03 16:06:42'),
('86', '2017-04-11', '06:00 PM', '08:00 AM', 'Tuesday', '2017-06-03 16:06:55'),
('83', '2017-04-11', '10:00 PM', '08:00 AM', 'Tuesday', '2017-06-03 16:07:11'),
('09', '2017-04-12', '08:15 PM', '04:00 AM', 'Wednesday', '2017-06-03 16:07:36'),
('93', '2017-04-12', '07:12 PM', '08:00 AM', 'Wednesday', '2017-06-03 16:07:53'),
('45', '2017-04-12', '09:10 PM', '08:00 AM', 'Wednesday', '2017-06-03 16:08:13'),
('90', '2017-04-12', '09:30 PM', '07:00 AM', 'Wednesday', '2017-06-03 16:08:29'),
('92', '2017-04-12', '10:26 PM', '08:00 AM', 'Wednesday', '2017-06-03 16:08:47'),
('88', '2017-04-12', '10:30 PM', '08:00 AM', 'Wednesday', '2017-06-03 16:09:04'),
('86', '2017-04-12', '09:30 PM', '06:00 AM', 'Wednesday', '2017-06-03 16:09:37'),
('83', '2017-04-12', '07:00 PM', '08:00 AM', 'Wednesday', '2017-06-03 16:09:50'),
('91', '2017-04-13', '08:00 AM', '08:00 AM', 'Thursday', '2017-06-03 16:11:44'),
('93', '2017-04-13', '08:00 AM', '05:00 PM', 'Thursday', '2017-06-03 16:12:47'),
('83', '2017-04-13', '08:00 AM', '08:00 AM', 'Thursday', '2017-06-03 16:13:08'),
('96', '2017-04-13', '09:00 AM', '06:12 PM', 'Thursday', '2017-06-03 16:13:53'),
('92', '2017-04-13', '08:00 AM', '05:00 PM', 'Thursday', '2017-06-03 16:14:31'),
('95', '2017-04-13', '08:00 AM', '12:00 PM', 'Thursday', '2017-06-03 16:15:16'),
('84', '2017-04-13', '12:10 PM', '08:00 AM', 'Thursday', '2017-06-03 16:16:09'),
('13', '2017-04-13', '04:30 PM', '06:20 AM', 'Thursday', '2017-06-03 16:16:46'),
('97', '2017-04-13', '07:10 PM', '08:00 AM', 'Thursday', '2017-06-03 16:17:21'),
('90', '2017-04-13', '05:00 PM', '07:00 AM', 'Thursday', '2017-06-03 16:18:02'),
('93', '2017-04-14', '02:18 PM', '08:00 AM', 'Friday', '2017-06-03 16:21:19'),
('84', '2017-04-14', '05:30 PM', '08:00 AM', 'Friday', '2017-06-03 16:22:36'),
('90', '2017-04-14', '03:00 PM', '08:00 AM', 'Friday', '2017-06-03 16:22:56'),
('88', '2017-04-14', '07:52 PM', '09:00 AM', 'Friday', '2017-06-03 16:23:17'),
('97', '2017-04-14', '08:30 PM', '08:00 AM', 'Friday', '2017-06-03 16:24:24'),
('92', '2017-04-14', '09:00 PM', '08:00 AM', 'Friday', '2017-06-03 16:24:42'),
('45', '2017-04-14', '09:00 PM', '08:00 AM', 'Friday', '2017-06-03 16:25:43'),
('91', '2017-04-14', '08:00 AM', '08:00 AM', 'Friday', '2017-06-03 16:27:09'),
('96', '2017-04-14', '09:00 PM', '06:41 AM', 'Friday', '2017-06-03 16:27:32'),
('95', '2017-04-14', '12:00 PM', '08:00 AM', 'Friday', '2017-06-03 16:28:03'),
('93', '2017-04-15', '08:00 AM', '08:00 AM', 'Saturday', '2017-06-03 16:28:53'),
('95', '2017-04-15', '08:00 AM', '08:00 AM', 'Saturday', '2017-06-03 16:29:25'),
('97', '2017-04-15', '08:00 AM', '12:00 PM', 'Saturday', '2017-06-03 16:30:10'),
('91', '2017-04-15', '08:00 AM', '10:45 AM', 'Saturday', '2017-06-03 16:30:45'),
('45', '2017-04-15', '08:00 AM', '08:00 AM', 'Saturday', '2017-06-03 16:31:06'),
('84', '2017-04-15', '12:20 PM', '10:45 AM', 'Saturday', '2017-06-03 16:32:25'),
('83', '2017-04-15', '01:00 PM', '08:00 AM', 'Saturday', '2017-06-03 16:32:47'),
('90', '2017-04-15', '01:00 AM', '08:00 AM', 'Saturday', '2017-06-03 16:33:36'),
('92', '2017-04-15', '10:30 PM', '08:00 AM', 'Saturday', '2017-06-03 16:34:03'),
('84', '2017-04-16', '09:02 PM', '08:36 AM', 'Sunday', '2017-06-03 16:34:42'),
('91', '2017-04-16', '09:02 PM', '08:00 AM', 'Sunday', '2017-06-03 16:34:53'),
('86', '2017-04-16', '09:44 PM', '08:00 AM', 'Sunday', '2017-06-03 16:35:05'),
('45', '2017-04-16', '08:30 PM', '08:00 AM', 'Sunday', '2017-06-03 16:35:21'),
('83', '2017-04-16', '08:45 PM', '08:00 AM', 'Sunday', '2017-06-03 16:35:36'),
('94', '2017-04-17', '06:00 PM', '08:00 AM', 'Monday', '2017-06-03 16:38:42'),
('92', '2017-04-17', '09:00 PM', '08:00 AM', 'Monday', '2017-06-03 16:39:01'),
('90', '2017-04-17', '10:00 PM', '08:00 AM', 'Monday', '2017-06-03 16:39:13'),
('86', '2017-04-17', '07:00 PM', '08:00 AM', 'Monday', '2017-06-03 16:39:33'),
('83', '2017-04-17', '10:45 PM', '08:00 AM', 'Monday', '2017-06-03 16:39:52'),
('88', '2017-04-18', '09:16 PM', '05:00 AM', 'Tuesday', '2017-06-03 16:41:02'),
('86', '2017-04-18', '06:00 PM', '10:32 AM', 'Tuesday', '2017-06-03 16:41:21'),
('83', '2017-04-18', '09:30 PM', '08:00 AM', 'Tuesday', '2017-06-03 16:41:39'),
('95', '2017-04-18', '08:00 PM', '08:00 AM', 'Tuesday', '2017-06-03 16:41:54'),
('93', '2017-04-19', '04:34 PM', '08:00 AM', 'Wednesday', '2017-06-03 16:42:22'),
('88', '2017-04-19', '08:40 PM', '05:00 AM', 'Wednesday', '2017-06-03 16:42:44'),
('90', '2017-04-19', '09:45 PM', '08:00 AM', 'Wednesday', '2017-06-03 16:43:00'),
('92', '2017-04-19', '10:30 PM', '08:00 AM', 'Wednesday', '2017-06-03 16:43:15'),
('83', '2017-04-19', '09:00 PM', '08:00 AM', 'Wednesday', '2017-06-03 16:43:54'),
('86', '2017-04-19', '08:30 PM', '08:00 AM', 'Wednesday', '2017-06-03 16:44:11'),
('89', '2017-04-20', '08:55 PM', '05:00 AM', 'Thursday', '2017-06-03 16:45:52'),
('90', '2017-04-20', '08:30 PM', '08:00 AM', 'Thursday', '2017-06-03 16:46:08'),
('94', '2017-04-20', '07:10 PM', '08:00 AM', 'Thursday', '2017-06-03 16:46:24'),
('83', '2017-04-20', '10:45 PM', '08:00 AM', 'Thursday', '2017-06-03 16:47:11'),
('84', '2017-04-21', '06:42 PM', '08:40 AM', 'Friday', '2017-06-03 16:48:20'),
('93', '2017-04-21', '08:38 PM', '08:00 AM', 'Friday', '2017-06-03 16:49:30'),
('90', '2017-04-21', '09:20 PM', '08:00 AM', 'Friday', '2017-06-03 16:49:44'),
('88', '2017-04-21', '08:45 PM', '08:00 AM', 'Friday', '2017-06-03 16:49:56'),
('95', '2017-04-21', '09:00 PM', '08:00 AM', 'Friday', '2017-06-03 16:50:12'),
('94', '2017-04-21', '08:00 PM', '08:00 AM', 'Friday', '2017-06-03 16:50:28'),
('83', '2017-04-21', '08:00 PM', '08:00 AM', 'Friday', '2017-06-03 16:50:39'),
('84', '2017-04-22', '07:36 PM', '06:10 AM', 'Saturday', '2017-06-03 16:51:10'),
('90', '2017-04-22', '09:45 PM', '08:00 AM', 'Saturday', '2017-06-03 16:51:25'),
('89', '2017-04-22', '09:58 PM', '10:52 AM', 'Saturday', '2017-06-03 16:51:46'),
('95', '2017-04-22', '10:00 PM', '08:00 AM', 'Saturday', '2017-06-03 16:52:09'),
('86', '2017-04-22', '06:00 PM', '08:00 AM', 'Saturday', '2017-06-03 16:52:29'),
('93', '2017-04-22', '05:00 PM', '08:00 AM', 'Saturday', '2017-06-03 16:53:28'),
('45', '2017-04-23', '08:13 PM', '08:00 AM', 'Sunday', '2017-06-03 16:54:13'),
('84', '2017-04-23', '09:09 PM', '08:23 AM', 'Sunday', '2017-06-03 16:54:30'),
('86', '2017-04-23', '09:30 PM', '08:00 AM', 'Sunday', '2017-06-03 16:54:50'),
('83', '2017-04-23', '09:30 PM', '08:00 AM', 'Sunday', '2017-06-03 16:55:02'),
('94', '2017-04-24', '09:00 PM', '08:00 AM', 'Monday', '2017-06-03 16:55:33'),
('90', '2017-04-24', '09:30 PM', '08:00 AM', 'Monday', '2017-06-03 16:55:46'),
('92', '2017-04-24', '10:29 PM', '08:00 AM', 'Monday', '2017-06-03 16:56:04'),
('86', '2017-04-24', '06:00 PM', '10:23 AM', 'Monday', '2017-06-03 16:56:30'),
('83', '2017-04-24', '09:30 PM', '08:00 AM', 'Monday', '2017-06-03 16:56:46'),
('88', '2017-04-25', '09:02 PM', '05:00 AM', 'Tuesday', '2017-06-03 16:58:16'),
('86', '2017-04-25', '06:00 PM', '08:00 AM', 'Tuesday', '2017-06-03 16:58:32'),
('90', '2017-04-25', '09:20 PM', '08:00 AM', 'Tuesday', '2017-06-03 16:58:53'),
('45', '2017-04-26', '09:25 PM', '08:00 AM', 'Wednesday', '2017-06-03 17:01:31'),
('88', '2017-04-26', '09:48 PM', '05:30 AM', 'Wednesday', '2017-06-03 17:01:44'),
('86', '2017-04-26', '06:00 PM', '10:49 AM', 'Wednesday', '2017-06-03 17:02:06'),
('95', '2017-04-27', '06:30 PM', '08:00 AM', 'Thursday', '2017-06-03 17:03:15'),
('89', '2017-04-27', '07:16 PM', '08:00 AM', 'Thursday', '2017-06-03 17:03:37'),
('84', '2017-04-27', '05:45 PM', '08:38 AM', 'Thursday', '2017-06-03 17:03:57'),
('83', '2017-04-27', '06:45 PM', '08:00 AM', 'Thursday', '2017-06-03 17:04:14'),
('94', '2017-04-27', '05:00 PM', '08:00 AM', 'Thursday', '2017-06-03 17:04:35'),
('45', '2017-04-27', '07:00 PM', '09:30 AM', 'Thursday', '2017-06-03 17:04:56'),
('86', '2017-04-27', '06:00 PM', '12:00 PM', 'Thursday', '2017-06-03 17:05:16'),
('84', '2017-04-28', '07:09 PM', '08:28 AM', 'Friday', '2017-06-03 17:06:00'),
('88', '2017-04-28', '09:39 PM', '08:00 AM', 'Friday', '2017-06-03 17:06:19'),
('93', '2017-04-28', '10:08 PM', '08:00 AM', 'Friday', '2017-06-03 17:06:40'),
('91', '2017-04-29', '03:00 PM', '10:25 AM', 'Saturday', '2017-06-03 17:07:13'),
('84', '2017-04-29', '07:25 PM', '08:30 AM', 'Saturday', '2017-06-03 17:07:36'),
('96', '2017-04-29', '09:15 PM', '08:00 AM', 'Saturday', '2017-06-03 17:07:54'),
('45', '2017-04-29', '09:25 PM', '08:00 AM', 'Saturday', '2017-06-03 17:08:06'),
('91', '2017-04-30', '07:00 PM', '09:11 AM', 'Sunday', '2017-06-03 17:08:33'),
('45', '2017-04-30', '08:55 PM', '08:00 AM', 'Sunday', '2017-06-03 17:08:47'),
('84', '2017-04-30', '10:00 PM', '09:11 AM', 'Sunday', '2017-06-03 17:09:17'),
('30', '2017-04-30', '10:00 PM', '09:11 AM', 'Sunday', '2017-06-03 17:09:30'),
('83', '2017-04-30', '10:00 PM', '08:00 AM', 'Sunday', '2017-06-03 17:09:43'),
('90', '2017-03-01', '10:00 PM', '07:00 AM', 'Wednesday', '2017-06-05 14:26:56'),
('92', '2017-03-01', '10:54 PM', '08:00 AM', 'Wednesday', '2017-06-05 14:27:16'),
('83', '2017-03-01', '11:00 PM', '08:00 AM', 'Wednesday', '2017-06-05 14:27:28'),
('86', '2017-03-01', '09:30 PM', '08:00 AM', 'Wednesday', '2017-06-05 14:27:53'),
('89', '2017-03-02', '09:22 PM', '05:00 AM', 'Thursday', '2017-06-05 14:28:20'),
('90', '2017-03-02', '10:00 PM', '08:00 AM', 'Thursday', '2017-06-05 14:28:32'),
('83', '2017-03-02', '10:00 PM', '08:00 AM', 'Thursday', '2017-06-05 14:31:11'),
('84', '2017-03-03', '06:45 PM', '08:19 AM', 'Friday', '2017-06-05 14:32:05'),
('90', '2017-03-03', '05:00 PM', '08:00 AM', 'Friday', '2017-06-05 14:32:27'),
('93', '2017-03-03', '10:05 PM', '08:00 AM', 'Friday', '2017-06-05 14:33:02'),
('88', '2017-03-03', '10:24 PM', '08:00 AM', 'Friday', '2017-06-05 14:33:13'),
('92', '2017-03-03', '10:55 PM', '08:00 AM', 'Friday', '2017-06-05 14:34:08'),
('86', '2017-03-03', '10:00 PM', '08:00 AM', 'Friday', '2017-06-05 14:34:22'),
('84', '2017-03-04', '09:23 PM', '08:00 AM', 'Saturday', '2017-06-05 14:34:52'),
('96', '2017-03-04', '09:00 PM', '08:00 AM', 'Saturday', '2017-06-05 15:32:28'),
('98', '2017-03-04', '09:57 PM', '10:11 AM', 'Saturday', '2017-06-05 15:34:20'),
('90', '2017-03-04', '10:38 PM', '08:00 AM', 'Saturday', '2017-06-05 15:34:57'),
('86', '2017-03-04', '10:00 PM', '08:00 AM', 'Saturday', '2017-06-05 15:35:15'),
('84', '2017-03-05', '09:00 PM', '08:00 AM', 'Sunday', '2017-06-05 15:36:00'),
('91', '2017-03-05', '08:00 PM', '08:00 AM', 'Sunday', '2017-06-05 15:36:19'),
('45', '2017-03-05', '08:45 PM', '08:00 AM', 'Sunday', '2017-06-05 15:36:44'),
('86', '2017-03-05', '10:00 PM', '08:00 AM', 'Sunday', '2017-06-05 15:37:30'),
('83', '2017-03-05', '10:00 PM', '08:00 AM', 'Sunday', '2017-06-05 15:38:13'),
('92', '2017-03-06', '10:00 PM', '08:00 AM', 'Monday', '2017-06-05 15:38:33'),
('90', '2017-03-06', '10:05 PM', '08:00 AM', 'Monday', '2017-06-05 15:38:44'),
('83', '2017-03-06', '05:00 PM', '08:00 AM', 'Monday', '2017-06-05 15:39:03'),
('88', '2017-03-07', '09:06 PM', '05:00 AM', 'Tuesday', '2017-06-05 15:39:57'),
('94', '2017-03-07', '06:00 PM', '08:00 AM', 'Tuesday', '2017-06-05 15:40:18'),
('83', '2017-03-07', '07:00 PM', '08:00 AM', 'Tuesday', '2017-06-05 15:40:33'),
('94', '2017-03-08', '08:24 PM', '08:00 AM', 'Wednesday', '2017-06-05 15:40:54'),
('88', '2017-03-08', '09:20 PM', '05:30 AM', 'Wednesday', '2017-06-05 15:41:23'),
('90', '2017-03-08', '09:30 PM', '08:00 AM', 'Wednesday', '2017-06-05 15:41:37'),
('92', '2017-03-08', '10:48 PM', '08:00 AM', 'Wednesday', '2017-06-05 15:41:55'),
('89', '2017-03-09', '08:04 PM', '05:00 AM', 'Thursday', '2017-06-05 15:44:22'),
('98', '2017-03-09', '09:02 PM', '06:13 AM', 'Thursday', '2017-06-05 15:45:18'),
('94', '2017-03-09', '09:40 PM', '08:00 AM', 'Thursday', '2017-06-05 15:45:38'),
('83', '2017-03-09', '06:30 PM', '08:00 AM', 'Thursday', '2017-06-05 15:46:05'),
('86', '2017-03-09', '09:00 PM', '08:00 AM', 'Thursday', '2017-06-05 15:46:26'),
('84', '2017-03-10', '09:25 PM', '08:14 AM', 'Friday', '2017-06-05 15:49:30'),
('94', '2017-03-10', '09:30 PM', '08:00 AM', 'Friday', '2017-06-05 15:49:48'),
('88', '2017-03-10', '10:10 PM', '06:00 AM', 'Friday', '2017-06-05 15:50:06'),
('92', '2017-03-10', '09:35 PM', '08:00 AM', 'Friday', '2017-06-05 15:50:42'),
('84', '2017-03-11', '07:27 PM', '08:00 AM', 'Saturday', '2017-06-05 15:51:09'),
('93', '2017-03-11', '10:04 PM', '08:00 AM', 'Saturday', '2017-06-05 15:51:23'),
('45', '2017-03-12', '09:52 PM', '08:00 AM', 'Sunday', '2017-06-05 15:51:46'),
('83', '2017-03-12', '09:00 PM', '08:00 AM', 'Sunday', '2017-06-05 15:51:57'),
('86', '2017-03-12', '10:00 PM', '08:00 AM', 'Sunday', '2017-06-05 15:52:11'),
('94', '2017-03-13', '08:30 PM', '08:00 AM', 'Monday', '2017-06-05 15:52:42'),
('90', '2017-03-13', '05:00 PM', '08:00 AM', 'Monday', '2017-06-05 15:53:22'),
('45', '2017-03-13', '10:30 PM', '08:00 AM', 'Monday', '2017-06-05 15:53:36'),
('92', '2017-03-13', '11:55 PM', '08:00 AM', 'Monday', '2017-06-05 15:53:49'),
('86', '2017-03-13', '09:30 PM', '08:00 AM', 'Monday', '2017-06-05 15:54:04'),
('83', '2017-03-13', '10:00 PM', '08:00 AM', 'Monday', '2017-06-05 15:55:06'),
('94', '2017-03-14', '08:58 PM', '08:00 AM', 'Tuesday', '2017-06-05 16:02:11'),
('45', '2017-03-14', '08:35 PM', '08:00 AM', 'Tuesday', '2017-06-05 16:02:23'),
('83', '2017-03-14', '07:00 PM', '08:00 AM', 'Tuesday', '2017-06-05 16:02:34'),
('86', '2017-03-14', '09:00 PM', '08:00 AM', 'Tuesday', '2017-06-05 16:02:49'),
('90', '2017-03-15', '10:11 PM', '08:00 AM', 'Wednesday', '2017-06-05 18:11:30'),
('88', '2017-03-15', '10:46 PM', '05:00 AM', 'Wednesday', '2017-06-05 18:11:45'),
('92', '2017-03-15', '10:52 PM', '08:00 AM', 'Wednesday', '2017-06-05 18:12:02'),
('94', '2017-03-15', '09:30 PM', '08:00 AM', 'Wednesday', '2017-06-05 18:12:16'),
('83', '2017-03-15', '07:00 PM', '08:00 AM', 'Wednesday', '2017-06-05 18:13:21'),
('98', '2017-03-16', '07:02 PM', '05:39 AM', 'Thursday', '2017-06-05 18:15:28'),
('83', '2017-03-16', '09:30 PM', '08:00 AM', 'Thursday', '2017-06-05 18:15:42'),
('86', '2017-03-16', '07:00 PM', '08:00 AM', 'Thursday', '2017-06-05 18:15:57'),
('84', '2017-03-17', '07:20 PM', '08:15 AM', 'Friday', '2017-06-05 18:16:20'),
('88', '2017-03-17', '10:26 PM', '07:00 AM', 'Friday', '2017-06-05 18:16:37'),
('92', '2017-03-17', '10:55 PM', '08:00 AM', 'Friday', '2017-06-05 18:16:52'),
('95', '2017-03-17', '10:00 PM', '08:00 AM', 'Friday', '2017-06-05 18:17:09'),
('83', '2017-03-17', '07:00 PM', '08:00 AM', 'Friday', '2017-06-05 18:17:25'),
('86', '2017-03-17', '09:30 PM', '08:00 AM', 'Friday', '2017-06-05 18:17:38'),
('84', '2017-03-18', '05:30 PM', '09:00 AM', 'Saturday', '2017-06-05 18:17:58'),
('95', '2017-03-18', '09:58 PM', '08:00 AM', 'Saturday', '2017-06-05 18:18:13'),
('89', '2017-03-18', '10:05 PM', '08:00 AM', 'Saturday', '2017-06-05 18:18:32'),
('92', '2017-03-18', '10:51 PM', '08:00 AM', 'Saturday', '2017-06-05 18:18:47'),
('45', '2017-03-19', '08:40 PM', '08:00 AM', 'Sunday', '2017-06-05 18:19:12'),
('84', '2017-03-19', '09:08 PM', '08:00 AM', 'Sunday', '2017-06-05 18:21:04'),
('91', '2017-03-19', '09:08 PM', '05:40 AM', 'Sunday', '2017-06-05 18:21:15'),
('86', '2017-03-19', '10:45 PM', '08:00 AM', 'Sunday', '2017-06-05 18:21:31'),
('83', '2017-03-19', '06:45 PM', '08:00 AM', 'Sunday', '2017-06-05 18:21:45'),
('90', '2017-03-20', '07:30 PM', '08:00 AM', 'Monday', '2017-06-05 18:22:17'),
('94', '2017-03-20', '08:32 PM', '08:00 AM', 'Monday', '2017-06-05 18:22:31'),
('92', '2017-03-20', '10:50 PM', '08:00 AM', 'Monday', '2017-06-05 18:22:47'),
('86', '2017-03-20', '08:00 PM', '08:01 AM', 'Monday', '2017-06-05 18:23:03'),
('88', '2017-03-21', '09:34 PM', '05:00 AM', 'Tuesday', '2017-06-05 19:17:29'),
('94', '2017-03-21', '09:37 PM', '08:00 AM', 'Tuesday', '2017-06-05 19:17:43'),
('83', '2017-03-21', '07:00 PM', '08:00 AM', 'Tuesday', '2017-06-05 19:17:58'),
('86', '2017-03-21', '09:00 PM', '07:36 AM', 'Tuesday', '2017-06-05 19:18:16'),
('88', '2017-03-22', '09:34 PM', '05:00 AM', 'Wednesday', '2017-06-05 19:18:51'),
('90', '2017-03-22', '09:48 PM', '08:00 AM', 'Wednesday', '2017-06-05 19:19:16'),
('92', '2017-03-22', '10:52 PM', '08:00 AM', 'Wednesday', '2017-06-05 19:19:43'),
('86', '2017-03-22', '09:00 PM', '08:00 AM', 'Wednesday', '2017-06-05 19:19:59'),
('83', '2017-03-22', '09:00 PM', '08:00 AM', 'Wednesday', '2017-06-05 19:20:08'),
('94', '2017-03-23', '08:40 PM', '08:00 AM', 'Thursday', '2017-06-05 19:20:34'),
('89', '2017-03-23', '09:30 PM', '04:08 AM', 'Thursday', '2017-06-05 19:21:07'),
('90', '2017-03-23', '05:20 PM', '08:00 AM', 'Thursday', '2017-06-05 19:21:41'),
('83', '2017-03-23', '07:00 PM', '08:00 AM', 'Thursday', '2017-06-05 19:21:59'),
('86', '2017-03-23', '09:00 PM', '08:00 AM', 'Thursday', '2017-06-05 19:22:14'),
('84', '2017-03-24', '09:43 PM', '08:27 AM', 'Friday', '2017-06-05 19:24:55'),
('93', '2017-03-24', '09:58 PM', '08:00 AM', 'Friday', '2017-06-05 19:25:08'),
('83', '2017-03-24', '08:00 PM', '08:00 AM', 'Friday', '2017-06-05 19:25:26'),
('92', '2017-03-24', '08:00 PM', '08:00 AM', 'Friday', '2017-06-05 19:25:36'),
('93', '2017-03-25', '09:06 PM', '08:00 AM', 'Saturday', '2017-06-05 19:26:02'),
('92', '2017-03-25', '10:50 PM', '06:00 AM', 'Saturday', '2017-06-05 19:26:25'),
('86', '2017-03-25', '08:40 PM', '08:00 AM', 'Saturday', '2017-06-05 19:26:40'),
('84', '2017-03-26', '09:05 PM', '08:00 AM', 'Sunday', '2017-06-05 19:27:01'),
('91', '2017-03-26', '09:05 PM', '08:00 AM', 'Sunday', '2017-06-05 19:27:10'),
('92', '2017-03-27', '10:52 PM', '08:00 AM', 'Monday', '2017-06-05 19:27:38'),
('86', '2017-03-27', '10:30 PM', '09:41 AM', 'Monday', '2017-06-05 19:28:02'),
('88', '2017-03-28', '09:40 PM', '05:00 AM', 'Tuesday', '2017-06-05 19:34:05'),
('94', '2017-03-28', '09:58 PM', '08:00 AM', 'Tuesday', '2017-06-05 19:34:20'),
('86', '2017-03-28', '10:30 PM', '08:00 AM', 'Tuesday', '2017-06-05 19:34:45'),
('88', '2017-03-29', '09:18 PM', '05:00 AM', 'Wednesday', '2017-06-05 19:35:20'),
('90', '2017-03-29', '08:55 PM', '08:00 AM', 'Wednesday', '2017-06-05 19:35:34'),
('95', '2017-03-29', '09:47 PM', '07:30 AM', 'Wednesday', '2017-06-05 19:35:53'),
('92', '2017-03-29', '10:53 PM', '08:00 AM', 'Wednesday', '2017-06-05 19:36:11'),
('45', '2017-03-29', '08:35 PM', '08:00 AM', 'Wednesday', '2017-06-05 19:36:24'),
('89', '2017-03-30', '08:50 PM', '05:00 AM', 'Thursday', '2017-06-05 19:36:43'),
('90', '2017-03-30', '05:10 PM', '08:00 AM', 'Thursday', '2017-06-05 19:36:57'),
('45', '2017-03-30', '07:00 PM', '08:00 AM', 'Thursday', '2017-06-05 19:37:11'),
('86', '2017-03-30', '10:45 PM', '08:00 AM', 'Thursday', '2017-06-05 19:37:32'),
('84', '2017-03-31', '06:55 PM', '08:23 AM', 'Friday', '2017-06-05 19:37:55'),
('88', '2017-03-31', '09:52 PM', '07:00 AM', 'Friday', '2017-06-05 19:38:11'),
('95', '2017-03-31', '10:00 PM', '08:55 AM', 'Friday', '2017-06-05 19:38:25'),
('92', '2017-03-31', '10:00 PM', '08:00 AM', 'Friday', '2017-06-05 19:39:12'),
('91', '2017-03-31', '04:30 PM', '03:05 PM', 'Friday', '2017-06-05 19:39:29'),
('93', '2017-03-31', '10:41 PM', '08:00 AM', 'Friday', '2017-06-05 19:39:47'),
('86', '2017-03-31', '09:00 PM', '08:00 AM', 'Friday', '2017-06-05 19:40:06'),
('97', '2017-02-01', '06:10 PM', '08:00 AM', 'Wednesday', '2017-06-05 19:48:50'),
('90', '2017-02-01', '08:57 PM', '08:00 AM', 'Wednesday', '2017-06-05 19:49:06'),
('88', '2017-02-01', '10:29 PM', '05:30 AM', 'Wednesday', '2017-06-05 19:49:20'),
('92', '2017-02-01', '10:51 PM', '08:00 AM', 'Wednesday', '2017-06-05 19:50:25'),
('83', '2017-02-01', '06:30 PM', '08:00 AM', 'Wednesday', '2017-06-05 19:50:41'),
('98', '2017-02-02', '07:37 PM', '06:00 AM', 'Thursday', '2017-06-05 19:51:15'),
('89', '2017-02-02', '09:30 PM', '05:00 AM', 'Thursday', '2017-06-05 19:51:27'),
('90', '2017-02-02', '08:30 PM', '08:00 AM', 'Thursday', '2017-06-05 19:51:39'),
('83', '2017-02-02', '11:00 PM', '08:00 AM', 'Thursday', '2017-06-05 19:51:52'),
('93', '2017-02-03', '09:47 PM', '08:00 AM', 'Friday', '2017-06-05 19:54:03'),
('88', '2017-02-03', '09:56 PM', '07:00 AM', 'Friday', '2017-06-05 19:54:16'),
('84', '2017-02-03', '09:56 PM', '08:00 AM', 'Friday', '2017-06-05 19:54:27'),
('97', '2017-02-03', '09:57 PM', '08:00 AM', 'Friday', '2017-06-05 19:54:41'),
('98', '2017-02-03', '07:30 PM', '09:42 AM', 'Friday', '2017-06-05 19:55:09'),
('92', '2017-02-03', '09:40 PM', '08:00 AM', 'Friday', '2017-06-05 19:55:27'),
('98', '2017-02-04', '05:56 PM', '08:16 AM', 'Saturday', '2017-06-05 19:56:06'),
('97', '2017-02-04', '08:40 PM', '08:00 AM', 'Saturday', '2017-06-05 19:56:20'),
('84', '2017-02-04', '09:20 PM', '08:00 AM', 'Saturday', '2017-06-05 19:56:35'),
('86', '2017-02-04', '09:00 PM', '08:00 AM', 'Saturday', '2017-06-05 19:57:02'),
('95', '2017-02-04', '09:34 PM', '08:00 AM', 'Saturday', '2017-06-05 19:58:34'),
('45', '2017-02-05', '08:25 PM', '08:00 AM', 'Sunday', '2017-06-05 19:58:52'),
('83', '2017-02-05', '09:00 PM', '08:00 AM', 'Sunday', '2017-06-05 19:59:06'),
('86', '2017-02-05', '10:00 PM', '08:00 AM', 'Sunday', '2017-06-05 19:59:19'),
('97', '2017-02-06', '07:30 PM', '08:00 AM', 'Monday', '2017-06-05 19:59:42'),
('90', '2017-02-06', '09:30 PM', '08:00 AM', 'Monday', '2017-06-05 19:59:54'),
('92', '2017-02-06', '10:49 PM', '08:00 AM', 'Monday', '2017-06-05 20:00:07'),
('83', '2017-02-06', '10:45 PM', '08:00 AM', 'Monday', '2017-06-05 20:00:19'),
('88', '2017-02-07', '08:02 PM', '05:30 AM', 'Tuesday', '2017-06-05 20:00:47'),
('98', '2017-02-07', '08:06 PM', '04:00 AM', 'Tuesday', '2017-06-05 20:00:58'),
('97', '2017-02-08', '05:32 PM', '08:00 AM', 'Wednesday', '2017-06-05 20:01:37'),
('90', '2017-02-08', '09:02 PM', '08:00 AM', 'Wednesday', '2017-06-05 20:01:52'),
('88', '2017-02-08', '10:34 PM', '05:30 AM', 'Wednesday', '2017-06-05 20:02:06'),
('92', '2017-02-08', '10:51 PM', '08:00 AM', 'Wednesday', '2017-06-05 20:02:19'),
('83', '2017-02-08', '10:30 PM', '08:00 AM', 'Wednesday', '2017-06-05 20:02:31'),
('98', '2017-02-09', '09:14 PM', '08:00 AM', 'Thursday', '2017-06-05 20:02:58'),
('90', '2017-02-09', '09:16 PM', '08:00 AM', 'Thursday', '2017-06-05 20:03:11'),
('83', '2017-02-09', '10:00 PM', '08:00 AM', 'Thursday', '2017-06-05 20:03:24'),
('84', '2017-02-10', '06:42 PM', '07:40 AM', 'Friday', '2017-06-05 20:07:43'),
('90', '2017-02-10', '08:53 PM', '08:00 AM', 'Friday', '2017-06-05 20:07:59'),
('88', '2017-02-10', '09:11 PM', '06:30 AM', 'Friday', '2017-06-05 20:08:15'),
('94', '2017-02-10', '09:25 PM', '06:00 AM', 'Friday', '2017-06-05 20:08:33'),
('92', '2017-02-10', '10:04 PM', '08:00 AM', 'Friday', '2017-06-05 20:08:57'),
('84', '2017-02-11', '08:15 PM', '08:20 AM', 'Saturday', '2017-06-05 20:09:37'),
('98', '2017-02-11', '09:05 PM', '09:17 AM', 'Saturday', '2017-06-05 20:10:02'),
('95', '2017-02-11', '10:15 PM', '08:00 AM', 'Saturday', '2017-06-05 20:10:20'),
('97', '2017-02-11', '05:30 PM', '08:00 AM', 'Saturday', '2017-06-05 20:10:36'),
('86', '2017-02-11', '10:00 PM', '08:00 AM', 'Saturday', '2017-06-05 20:10:47'),
('83', '2017-02-12', '09:45 PM', '08:00 AM', 'Sunday', '2017-06-05 20:11:14'),
('84', '2017-02-12', '09:51 PM', '08:15 AM', 'Sunday', '2017-06-05 20:11:36'),
('91', '2017-02-12', '09:51 PM', '06:30 AM', 'Sunday', '2017-06-05 20:11:47'),
('94', '2017-02-13', '07:14 PM', '08:00 AM', 'Monday', '2017-06-05 20:12:14'),
('90', '2017-02-13', '10:00 PM', '08:00 AM', 'Monday', '2017-06-05 20:12:27'),
('92', '2017-02-13', '10:57 PM', '08:00 AM', 'Monday', '2017-06-05 20:12:42'),
('83', '2017-02-13', '07:00 PM', '08:00 AM', 'Monday', '2017-06-05 20:12:54'),
('86', '2017-02-13', '10:15 PM', '08:00 AM', 'Monday', '2017-06-05 20:13:20'),
('98', '2017-02-14', '07:40 PM', '06:49 AM', 'Tuesday', '2017-06-05 20:13:49'),
('94', '2017-02-14', '09:30 PM', '08:00 AM', 'Tuesday', '2017-06-05 20:14:02'),
('83', '2017-02-14', '09:00 PM', '08:00 AM', 'Tuesday', '2017-06-05 20:14:16'),
('88', '2017-02-15', '09:38 PM', '05:30 AM', 'Wednesday', '2017-06-05 20:14:46'),
('92', '2017-02-15', '10:53 PM', '08:00 AM', 'Wednesday', '2017-06-05 20:15:06'),
('86', '2017-02-15', '08:30 PM', '09:12 AM', 'Wednesday', '2017-06-05 20:15:25'),
('83', '2017-02-15', '07:30 PM', '08:00 AM', 'Wednesday', '2017-06-05 20:15:41'),
('94', '2017-02-16', '08:30 PM', '08:00 AM', 'Thursday', '2017-06-05 20:16:05'),
('89', '2017-02-16', '09:10 PM', '05:00 AM', 'Thursday', '2017-06-05 20:16:18'),
('86', '2017-02-16', '08:30 PM', '08:00 AM', 'Thursday', '2017-06-05 20:16:32'),
('45', '2017-02-17', '09:10 PM', '07:00 AM', 'Friday', '2017-06-05 20:24:06'),
('93', '2017-02-17', '09:56 PM', '08:00 AM', 'Friday', '2017-06-05 20:24:18'),
('90', '2017-02-17', '09:00 PM', '08:00 AM', 'Friday', '2017-06-05 20:24:33'),
('84', '2017-02-17', '10:50 PM', '08:00 AM', 'Friday', '2017-06-05 20:24:45'),
('86', '2017-02-17', '08:30 PM', '08:00 AM', 'Friday', '2017-06-05 20:24:58'),
('84', '2017-02-18', '07:45 PM', '08:00 AM', 'Saturday', '2017-06-05 20:25:19'),
('45', '2017-02-18', '09:15 PM', '08:00 AM', 'Saturday', '2017-06-05 20:26:02'),
('98', '2017-02-18', '09:27 PM', '12:27 PM', 'Saturday', '2017-06-05 20:26:37'),
('93', '2017-02-18', '09:52 PM', '08:00 AM', 'Saturday', '2017-06-05 20:27:02'),
('90', '2017-02-18', '09:59 PM', '08:00 AM', 'Saturday', '2017-06-05 20:27:14'),
('83', '2017-02-18', '06:00 PM', '08:00 AM', 'Saturday', '2017-06-05 20:27:26'),
('86', '2017-02-18', '10:50 PM', '08:00 AM', 'Saturday', '2017-06-05 20:27:38'),
('83', '2017-02-19', '09:30 PM', '08:00 AM', 'Sunday', '2017-06-05 20:28:00'),
('45', '2017-02-19', '09:15 PM', '08:00 AM', 'Sunday', '2017-06-05 20:28:13'),
('86', '2017-02-19', '09:00 PM', '08:00 AM', 'Sunday', '2017-06-05 20:28:24'),
('94', '2017-02-20', '08:00 PM', '08:00 AM', 'Monday', '2017-06-05 20:28:45'),
('90', '2017-02-20', '09:38 PM', '08:00 AM', 'Monday', '2017-06-05 20:29:00'),
('45', '2017-02-20', '08:15 PM', '09:00 AM', 'Monday', '2017-06-05 20:29:17'),
('86', '2017-02-20', '08:00 PM', '08:00 AM', 'Monday', '2017-06-05 20:29:31'),
('83', '2017-02-20', '10:00 PM', '08:00 AM', 'Monday', '2017-06-05 20:29:45'),
('98', '2017-02-21', '08:27 PM', '05:30 AM', 'Tuesday', '2017-06-05 20:30:05'),
('88', '2017-02-21', '08:45 PM', '05:30 AM', 'Tuesday', '2017-06-05 20:30:18'),
('86', '2017-02-21', '09:00 PM', '08:00 AM', 'Tuesday', '2017-06-05 20:30:30'),
('83', '2017-02-21', '06:00 PM', '08:00 AM', 'Tuesday', '2017-06-05 20:30:41'),
('94', '2017-02-21', '08:00 PM', '08:00 AM', 'Tuesday', '2017-06-05 20:30:58'),
('90', '2017-02-22', '09:32 PM', '08:00 AM', 'Wednesday', '2017-06-05 20:31:21'),
('88', '2017-02-22', '10:07 PM', '05:30 AM', 'Wednesday', '2017-06-05 20:31:39'),
('92', '2017-02-22', '10:50 PM', '08:00 AM', 'Wednesday', '2017-06-05 20:31:49'),
('86', '2017-02-22', '10:55 PM', '08:00 AM', 'Wednesday', '2017-06-05 20:32:00'),
('83', '2017-02-22', '11:00 PM', '08:00 AM', 'Wednesday', '2017-06-05 20:32:11'),
('98', '2017-02-23', '10:09 PM', '05:00 AM', 'Thursday', '2017-06-05 20:32:28'),
('83', '2017-02-23', '10:00 PM', '08:00 AM', 'Thursday', '2017-06-05 20:32:41'),
('90', '2017-02-23', '10:00 PM', '08:00 AM', 'Thursday', '2017-06-05 20:32:49'),
('94', '2017-02-23', '10:00 PM', '08:00 AM', 'Thursday', '2017-06-05 20:32:59'),
('86', '2017-02-23', '10:00 PM', '08:00 AM', 'Thursday', '2017-06-05 20:33:08'),
('92', '2017-02-24', '09:16 PM', '08:00 AM', 'Friday', '2017-06-05 20:33:26'),
('84', '2017-02-24', '09:42 PM', '10:41 AM', 'Friday', '2017-06-05 20:33:46'),
('93', '2017-02-24', '09:42 PM', '08:00 AM', 'Friday', '2017-06-05 20:34:04'),
('88', '2017-02-24', '09:50 PM', '08:00 AM', 'Friday', '2017-06-05 20:34:18'),
('45', '2017-02-25', '08:45 PM', '08:00 AM', 'Saturday', '2017-06-05 20:36:16'),
('84', '2017-02-25', '10:40 PM', '08:00 AM', 'Saturday', '2017-06-05 20:36:27'),
('90', '2017-02-25', '10:40 PM', '08:00 AM', 'Saturday', '2017-06-05 20:36:34'),
('92', '2017-02-25', '10:40 PM', '08:00 AM', 'Saturday', '2017-06-05 20:36:42'),
('86', '2017-02-25', '10:00 PM', '08:00 AM', 'Saturday', '2017-06-05 20:36:53'),
('90', '2017-02-26', '10:47 PM', '08:00 AM', 'Sunday', '2017-06-05 20:37:11'),
('45', '2017-02-26', '09:50 PM', '08:00 AM', 'Sunday', '2017-06-05 20:37:27'),
('86', '2017-02-26', '09:00 PM', '08:00 AM', 'Sunday', '2017-06-05 20:37:40'),
('83', '2017-02-26', '07:00 PM', '08:00 AM', 'Sunday', '2017-06-05 20:37:54'),
('94', '2017-02-27', '07:30 PM', '08:00 AM', 'Monday', '2017-06-05 20:38:13'),
('90', '2017-02-27', '09:19 PM', '08:00 AM', 'Monday', '2017-06-05 20:38:25'),
('92', '2017-02-27', '10:54 PM', '08:00 AM', 'Monday', '2017-06-05 20:38:37'),
('83', '2017-02-27', '10:55 PM', '08:00 AM', 'Monday', '2017-06-05 20:38:49'),
('86', '2017-02-27', '08:00 PM', '10:00 AM', 'Monday', '2017-06-05 20:39:02'),
('88', '2017-02-28', '08:45 PM', '05:30 AM', 'Tuesday', '2017-06-05 20:39:30'),
('94', '2017-02-28', '07:00 PM', '08:00 AM', 'Tuesday', '2017-06-05 20:39:42'),
('83', '2017-02-28', '11:00 PM', '08:00 AM', 'Tuesday', '2017-06-05 20:39:54'),
('86', '2017-02-28', '10:00 PM', '08:48 AM', 'Tuesday', '2017-06-05 20:40:15'),
('84', '2017-01-01', '09:14 PM', '07:00 AM', 'Sunday', '2017-06-06 13:41:44'),
('91', '2017-01-01', '09:14 PM', '07:00 AM', 'Sunday', '2017-06-06 13:41:55'),
('97', '2017-01-01', '08:00 PM', '08:00 AM', 'Sunday', '2017-06-06 14:51:14'),
('45', '2017-01-02', '07:45 PM', '09:30 AM', 'Monday', '2017-06-06 14:51:52'),
('92', '2017-01-02', '10:55 PM', '08:00 AM', 'Monday', '2017-06-06 14:52:12'),
('86', '2017-01-02', '10:00 PM', '08:00 AM', 'Monday', '2017-06-06 14:53:39'),
('83', '2017-01-02', '11:00 PM', '08:00 AM', 'Monday', '2017-06-06 14:53:56'),
('98', '2017-01-03', '07:43 PM', '05:00 AM', 'Tuesday', '2017-06-06 14:54:16'),
('45', '2017-01-03', '10:10 PM', '10:00 AM', 'Tuesday', '2017-06-06 14:54:35'),
('83', '2017-01-03', '07:00 PM', '08:00 AM', 'Tuesday', '2017-06-06 14:54:53'),
('86', '2017-01-03', '09:50 PM', '07:00 AM', 'Tuesday', '2017-06-06 14:57:55'),
('90', '2017-01-04', '09:58 PM', '08:00 AM', 'Wednesday', '2017-06-06 14:58:18'),
('92', '2017-01-04', '10:55 PM', '08:00 AM', 'Wednesday', '2017-06-06 14:58:31'),
('86', '2017-01-04', '08:00 PM', '08:00 AM', 'Wednesday', '2017-06-06 14:58:48'),
('83', '2017-01-04', '06:00 PM', '08:00 AM', 'Wednesday', '2017-06-06 14:59:03'),
('89', '2017-01-05', '10:27 PM', '05:00 AM', 'Thursday', '2017-06-06 15:03:30'),
('90', '2017-01-05', '10:50 PM', '08:00 AM', 'Thursday', '2017-06-06 15:03:51'),
('83', '2017-01-05', '09:30 PM', '08:00 AM', 'Thursday', '2017-06-06 15:04:07'),
('93', '2017-01-06', '09:52 PM', '08:00 AM', 'Friday', '2017-06-06 15:04:28'),
('83', '2017-01-06', '10:30 PM', '08:00 AM', 'Friday', '2017-06-06 15:04:41'),
('86', '2017-01-06', '10:30 PM', '09:03 AM', 'Friday', '2017-06-06 15:04:59'),
('97', '2017-01-07', '07:30 PM', '08:00 AM', 'Saturday', '2017-06-06 15:05:21'),
('90', '2017-01-07', '09:00 PM', '08:00 AM', 'Saturday', '2017-06-06 15:05:36'),
('84', '2017-01-07', '09:30 PM', '08:00 AM', 'Saturday', '2017-06-06 15:05:47'),
('93', '2017-01-07', '09:38 PM', '08:00 AM', 'Saturday', '2017-06-06 15:06:02'),
('96', '2017-01-07', '09:45 PM', '09:00 AM', 'Saturday', '2017-06-06 15:06:23'),
('91', '2017-01-07', '09:52 PM', '08:00 AM', 'Saturday', '2017-06-06 15:06:43'),
('92', '2017-01-07', '10:55 PM', '08:00 AM', 'Saturday', '2017-06-06 15:06:58'),
('89', '2017-01-07', '11:44 PM', '09:54 AM', 'Saturday', '2017-06-06 15:07:21'),
('83', '2017-01-07', '08:00 PM', '08:00 AM', 'Saturday', '2017-06-06 15:07:34'),
('83', '2017-01-08', '08:45 PM', '08:00 AM', 'Sunday', '2017-06-06 15:08:00'),
('86', '2017-01-08', '09:30 PM', '07:27 AM', 'Sunday', '2017-06-06 15:08:20'),
('97', '2017-01-09', '05:30 PM', '08:00 AM', 'Monday', '2017-06-06 15:08:43'),
('90', '2017-01-09', '10:10 PM', '07:30 AM', 'Monday', '2017-06-06 15:09:05'),
('92', '2017-01-09', '10:52 PM', '08:00 AM', 'Monday', '2017-06-06 15:09:19'),
('83', '2017-01-09', '07:30 PM', '08:00 AM', 'Monday', '2017-06-06 15:09:33'),
('86', '2017-01-09', '10:55 PM', '07:44 AM', 'Monday', '2017-06-06 15:09:48'),
('88', '2017-01-10', '09:09 PM', '05:00 AM', 'Tuesday', '2017-06-06 15:10:08'),
('86', '2017-01-10', '10:00 PM', '08:00 AM', 'Tuesday', '2017-06-06 15:10:23'),
('45', '2017-01-10', '10:12 PM', '08:00 AM', 'Tuesday', '2017-06-06 15:10:37'),
('97', '2017-01-11', '07:50 PM', '08:00 AM', 'Wednesday', '2017-06-06 15:11:00'),
('90', '2017-01-11', '08:46 PM', '08:00 AM', 'Wednesday', '2017-06-06 15:11:12'),
('92', '2017-01-11', '10:45 PM', '08:00 AM', 'Wednesday', '2017-06-06 15:11:24'),
('83', '2017-01-11', '07:00 PM', '08:00 AM', 'Wednesday', '2017-06-06 15:11:40'),
('98', '2017-01-12', '07:05 PM', '06:00 AM', 'Thursday', '2017-06-06 15:12:16'),
('45', '2017-01-12', '08:15 PM', '11:14 AM', 'Thursday', '2017-06-06 15:12:32'),
('94', '2017-01-12', '08:00 PM', '08:00 AM', 'Thursday', '2017-06-06 15:12:46'),
('90', '2017-01-12', '06:00 PM', '08:00 AM', 'Thursday', '2017-06-06 15:13:01'),
('92', '2017-01-12', '08:00 PM', '08:00 AM', 'Thursday', '2017-06-06 15:14:12'),
('83', '2017-01-12', '09:00 PM', '08:00 AM', 'Thursday', '2017-06-06 15:14:23'),
('92', '2017-01-13', '09:34 PM', '08:00 AM', 'Friday', '2017-06-06 15:14:43'),
('93', '2017-01-13', '09:42 PM', '08:00 AM', 'Friday', '2017-06-06 15:14:55'),
('88', '2017-01-13', '10:02 PM', '08:00 AM', 'Friday', '2017-06-06 15:15:09'),
('45', '2017-01-13', '08:40 PM', '08:00 AM', 'Friday', '2017-06-06 15:15:21'),
('95', '2017-01-13', '10:45 PM', '08:00 AM', 'Friday', '2017-06-06 15:15:35'),
('91', '2017-01-14', '07:18 PM', '08:00 AM', 'Saturday', '2017-06-06 15:15:56'),
('84', '2017-01-14', '07:18 PM', '08:00 AM', 'Saturday', '2017-06-06 15:16:08'),
('97', '2017-01-14', '06:00 PM', '08:00 AM', 'Saturday', '2017-06-06 15:16:24'),
('98', '2017-01-14', '10:42 PM', '08:00 AM', 'Saturday', '2017-06-06 15:16:36'),
('94', '2017-01-14', '08:00 PM', '08:00 AM', 'Saturday', '2017-06-06 15:17:06'),
('45', '2017-01-14', '08:30 PM', '09:00 AM', 'Saturday', '2017-06-06 15:18:02'),
('86', '2017-01-14', '10:45 PM', '08:00 AM', 'Saturday', '2017-06-06 15:18:43'),
('83', '2017-01-14', '08:30 PM', '08:00 AM', 'Saturday', '2017-06-06 15:18:59'),
('94', '2017-01-15', '08:10 PM', '08:00 AM', 'Sunday', '2017-06-06 15:19:31'),
('91', '2017-01-15', '08:00 AM', '07:30 AM', 'Sunday', '2017-06-06 15:20:01'),
('45', '2017-01-15', '08:00 AM', '08:00 AM', 'Sunday', '2017-06-06 15:21:47'),
('84', '2017-01-15', '08:00 AM', '08:00 AM', 'Sunday', '2017-06-06 15:21:58'),
('86', '2017-01-15', '08:00 AM', '08:00 AM', 'Sunday', '2017-06-06 15:22:13'),
('83', '2017-01-15', '09:00 PM', '08:00 AM', 'Sunday', '2017-06-06 15:22:23'),
('83', '2017-01-16', '08:00 AM', '08:00 AM', 'Monday', '2017-06-06 15:22:49'),
('45', '2017-01-16', '08:27 PM', '08:00 AM', 'Monday', '2017-06-06 15:46:21'),
('90', '2017-01-16', '08:54 PM', '08:00 AM', 'Monday', '2017-06-06 15:46:37'),
('92', '2017-01-16', '09:14 PM', '08:00 AM', 'Monday', '2017-06-06 15:46:49'),
('86', '2017-01-16', '08:00 PM', '08:00 AM', 'Monday', '2017-06-06 15:47:03'),
('88', '2017-01-17', '07:56 PM', '05:00 AM', 'Tuesday', '2017-06-06 15:47:24'),
('97', '2017-01-17', '07:00 PM', '08:00 AM', 'Tuesday', '2017-06-06 15:47:37'),
('97', '2017-01-18', '08:00 PM', '08:00 AM', 'Wednesday', '2017-06-06 15:48:10'),
('88', '2017-01-18', '08:30 PM', '05:00 AM', 'Wednesday', '2017-06-06 15:48:45'),
('83', '2017-01-18', '07:00 PM', '08:00 AM', 'Wednesday', '2017-06-06 15:49:06'),
('90', '2017-01-18', '09:27 PM', '08:00 AM', 'Wednesday', '2017-06-06 15:49:18'),
('92', '2017-01-18', '10:56 PM', '08:00 AM', 'Wednesday', '2017-06-06 15:49:30'),
('86', '2017-01-18', '10:30 PM', '08:00 AM', 'Wednesday', '2017-06-06 15:49:45'),
('83', '2017-01-19', '10:00 PM', '08:00 AM', 'Thursday', '2017-06-06 15:50:53'),
('88', '2017-01-20', '09:09 PM', '06:00 AM', 'Friday', '2017-06-06 15:51:14'),
('93', '2017-01-20', '09:51 PM', '08:00 AM', 'Friday', '2017-06-06 15:51:28'),
('84', '2017-01-20', '10:17 PM', '07:08 AM', 'Friday', '2017-06-06 15:51:45'),
('83', '2017-01-20', '10:17 PM', '08:00 AM', 'Friday', '2017-06-06 15:51:57'),
('84', '2017-01-21', '06:17 PM', '10:45 AM', 'Saturday', '2017-06-06 15:52:20'),
('97', '2017-01-21', '06:48 PM', '08:00 AM', 'Saturday', '2017-06-06 15:52:34'),
('93', '2017-01-21', '08:42 PM', '08:00 AM', 'Saturday', '2017-06-06 15:52:45'),
('45', '2017-01-21', '08:48 PM', '07:00 AM', 'Saturday', '2017-06-06 15:52:57'),
('83', '2017-01-21', '07:00 PM', '08:00 AM', 'Saturday', '2017-06-06 15:53:11');
INSERT INTO `duty_attendance` (`unit`, `attendance_date`, `time_in`, `time_out`, `schedule`, `date_created`) VALUES
('86', '2017-01-21', '08:00 PM', '08:08 AM', 'Saturday', '2017-06-06 15:53:18'),
('97', '2017-01-22', '09:50 PM', '08:00 AM', 'Sunday', '2017-06-06 19:01:35'),
('86', '2017-01-22', '10:30 PM', '08:00 AM', 'Sunday', '2017-06-06 19:01:52'),
('45', '2017-01-22', '08:30 PM', '08:00 AM', 'Sunday', '2017-06-06 19:02:04'),
('83', '2017-01-22', '04:00 PM', '08:00 AM', 'Sunday', '2017-06-06 19:02:15'),
('94', '2017-01-23', '08:30 PM', '08:00 AM', 'Monday', '2017-06-06 19:02:37'),
('90', '2017-01-23', '06:30 PM', '08:00 AM', 'Monday', '2017-06-06 19:02:53'),
('92', '2017-01-23', '10:53 PM', '08:00 AM', 'Monday', '2017-06-06 19:03:06'),
('86', '2017-01-23', '10:30 PM', '08:00 AM', 'Monday', '2017-06-06 19:03:19'),
('83', '2017-01-23', '08:00 PM', '08:00 AM', 'Monday', '2017-06-06 19:03:39'),
('98', '2017-01-24', '08:03 PM', '06:00 AM', 'Tuesday', '2017-06-06 19:04:04'),
('88', '2017-01-24', '09:42 PM', '05:00 AM', 'Tuesday', '2017-06-06 19:04:16'),
('83', '2017-01-24', '09:30 PM', '08:00 AM', 'Tuesday', '2017-06-06 19:04:29'),
('94', '2017-01-24', '09:30 PM', '08:00 AM', 'Tuesday', '2017-06-06 19:04:41'),
('97', '2017-01-25', '07:10 PM', '08:00 AM', 'Wednesday', '2017-06-06 19:05:20'),
('88', '2017-01-25', '08:51 PM', '05:00 AM', 'Wednesday', '2017-06-06 19:05:36'),
('90', '2017-01-25', '09:27 PM', '08:00 AM', 'Wednesday', '2017-06-06 19:05:51'),
('92', '2017-01-25', '10:51 PM', '08:00 AM', 'Wednesday', '2017-06-06 19:06:06'),
('83', '2017-01-25', '10:30 PM', '08:00 AM', 'Wednesday', '2017-06-06 19:06:17'),
('98', '2017-01-26', '06:55 PM', '06:00 AM', 'Thursday', '2017-06-06 19:06:40'),
('95', '2017-01-26', '07:50 PM', '08:00 AM', 'Thursday', '2017-06-06 19:07:02'),
('89', '2017-01-26', '08:00 PM', '05:00 AM', 'Thursday', '2017-06-06 19:07:16'),
('90', '2017-01-26', '05:00 PM', '08:00 AM', 'Thursday', '2017-06-06 19:07:28'),
('94', '2017-01-26', '08:00 PM', '08:00 AM', 'Thursday', '2017-06-06 19:08:09'),
('83', '2017-01-26', '09:30 PM', '08:00 AM', 'Thursday', '2017-06-06 19:08:21'),
('86', '2017-01-26', '08:00 PM', '08:00 AM', 'Thursday', '2017-06-06 19:08:38'),
('84', '2017-01-27', '06:34 PM', '08:00 AM', 'Friday', '2017-06-06 19:08:57'),
('88', '2017-01-27', '09:32 PM', '07:00 AM', 'Friday', '2017-06-06 19:09:14'),
('92', '2017-01-27', '10:16 PM', '08:00 AM', 'Friday', '2017-06-06 19:09:29'),
('93', '2017-01-27', '10:25 PM', '08:00 AM', 'Friday', '2017-06-06 19:09:42'),
('83', '2017-01-27', '10:00 PM', '08:00 AM', 'Friday', '2017-06-06 19:10:01'),
('93', '2017-01-28', '08:24 PM', '08:00 AM', 'Saturday', '2017-06-06 19:10:21'),
('45', '2017-01-28', '09:10 PM', '08:00 AM', 'Saturday', '2017-06-06 19:10:36'),
('97', '2017-01-28', '09:20 PM', '08:00 AM', 'Saturday', '2017-06-06 19:10:50'),
('84 ', '2017-01-28', '09:57 PM', '08:00 AM', 'Saturday', '2017-06-06 19:11:02'),
('95', '2017-01-28', '10:00 PM', '08:00 AM', 'Saturday', '2017-06-06 19:47:05'),
('83', '2017-01-28', '10:00 PM', '08:00 AM', 'Saturday', '2017-06-06 19:47:22'),
('86', '2017-01-29', '10:20 PM', '08:00 AM', 'Sunday', '2017-06-06 19:47:46'),
('45', '2017-01-29', '08:55 PM', '08:00 AM', 'Sunday', '2017-06-06 19:48:03'),
('83', '2017-01-29', '08:45 PM', '08:00 AM', 'Sunday', '2017-06-06 19:48:20'),
('90', '2017-01-30', '09:10 PM', '08:00 AM', 'Monday', '2017-06-06 19:48:40'),
('97', '2017-01-30', '08:30 PM', '08:00 AM', 'Monday', '2017-06-06 19:48:52'),
('86', '2017-01-30', '08:20 PM', '08:00 AM', 'Monday', '2017-06-06 19:49:03'),
('94', '2017-01-30', '08:00 PM', '08:00 AM', 'Monday', '2017-06-06 19:49:14'),
('92', '2017-01-30', '10:50 PM', '08:00 AM', 'Monday', '2017-06-06 19:49:25'),
('83', '2017-01-30', '08:30 PM', '08:00 AM', 'Monday', '2017-06-06 19:49:39'),
('95', '2017-01-31', '08:05 PM', '08:00 AM', 'Tuesday', '2017-06-06 19:49:57'),
('88', '2017-01-31', '09:54 PM', '05:30 AM', 'Tuesday', '2017-06-06 19:50:12'),
('90', '2017-06-01', '09:07 PM', '08:00 AM', 'Thursday', '2017-06-08 20:27:54'),
('89', '2017-06-01', '08:58 PM', '05:00 AM', 'Thursday', '2017-06-08 20:28:27'),
('83', '2017-06-01', '07:00 PM', '08:00 AM', 'Thursday', '2017-06-08 20:28:58'),
('84', '2017-06-02', '07:37 PM', '08:25 AM', 'Friday', '2017-06-08 20:29:48'),
('96', '2017-06-02', '09:27 PM', '07:32 AM', 'Friday', '2017-06-08 20:30:22'),
('88', '2017-06-02', '09:29 PM', '08:30 AM', 'Friday', '2017-06-08 20:30:42'),
('93', '2017-06-02', '09:42 PM', '12:11 PM', 'Friday', '2017-06-08 20:31:04'),
('92', '2017-06-02', '10:20 PM', '08:00 AM', 'Friday', '2017-06-08 20:31:20'),
('84', '2017-06-03', '05:20 PM', '09:06 AM', 'Saturday', '2017-06-08 20:31:55'),
('91', '2017-06-03', '05:41 PM', '09:06 AM', 'Saturday', '2017-06-08 20:32:21'),
('97', '2017-06-03', '08:30 PM', '01:00 PM', 'Saturday', '2017-06-08 20:32:40'),
('90', '2017-06-04', '08:21 PM', '08:00 AM', 'Sunday', '2017-06-08 20:33:01'),
('83', '2017-06-04', '08:15 PM', '11:00 AM', 'Sunday', '2017-06-08 20:33:14'),
('91', '2017-06-04', '08:46 PM', '06:47 AM', 'Sunday', '2017-06-08 20:33:30'),
('84', '2017-06-04', '08:56 PM', '08:01 AM', 'Sunday', '2017-06-08 20:33:46'),
('45', '2017-06-04', '08:35 PM', '10:00 AM', 'Sunday', '2017-06-08 20:34:03'),
('92', '2017-06-05', '09:25 PM', '08:00 AM', 'Monday', '2017-06-08 20:34:26'),
('90', '2017-06-05', '10:12 PM', '08:00 AM', 'Monday', '2017-06-08 20:34:43'),
('88', '2017-06-06', '09:23 PM', '05:00 AM', 'Tuesday', '2017-06-08 20:36:11'),
('83', '2017-06-06', '07:00 PM', '10:45 AM', 'Tuesday', '2017-06-08 20:36:28'),
('93', '2017-06-07', '07:00 PM', '08:00 AM', 'Wednesday', '2017-06-08 20:37:04'),
('90', '2017-06-07', '05:10 PM', '08:00 AM', 'Wednesday', '2017-06-08 20:37:17'),
('92', '2017-06-07', '10:45 PM', '08:00 AM', 'Wednesday', '2017-06-08 20:37:29'),
('89', '2017-06-08', '08:55 PM', '05:00 AM', 'Thursday', '2017-06-11 16:23:33'),
('86', '2017-06-08', '10:00 PM', '09:26 AM', 'Thursday', '2017-06-11 16:24:02'),
('83', '2017-06-08', '07:00 PM', '10:00 AM', 'Thursday', '2017-06-11 16:25:20'),
('93', '2017-06-09', '03:00 PM', '07:00 AM', 'Friday', '2017-06-11 16:25:42'),
('96', '2017-06-09', '09:30 PM', '07:24 AM', 'Friday', '2017-06-11 16:26:06'),
('90', '2017-06-09', '09:24 PM', '08:00 AM', 'Friday', '2017-06-11 16:26:27'),
('98', '2017-01-19', '08:13 PM', '06:00 AM', 'Thursday', '2017-06-11 16:46:08'),
('90', '2017-01-19', '09:19 PM', '08:00 AM', 'Thursday', '2017-06-11 16:46:33'),
('89', '2017-01-19', '10:25 PM', '05:00 AM', 'Thursday', '2017-06-11 16:46:55'),
('86', '2017-01-19', '10:30 PM', '08:00 AM', 'Thursday', '2017-06-11 16:47:10');

-- --------------------------------------------------------

--
-- Table structure for table `duty_schedule`
--

DROP TABLE IF EXISTS `duty_schedule`;
CREATE TABLE IF NOT EXISTS `duty_schedule` (
  `id` int(11) NOT NULL AUTO_INCREMENT,
  `unit` varchar(10) NOT NULL,
  `schedule` varchar(10) NOT NULL,
  `date_created` datetime NOT NULL DEFAULT CURRENT_TIMESTAMP,
  PRIMARY KEY (`id`),
  KEY `unit` (`unit`),
  KEY `schedule` (`schedule`)
) ENGINE=InnoDB  DEFAULT CHARSET=utf8 AUTO_INCREMENT=68 ;

--
-- Dumping data for table `duty_schedule`
--

INSERT INTO `duty_schedule` (`id`, `unit`, `schedule`, `date_created`) VALUES
(1, '94', 'Monday', '2017-01-17 16:31:42'),
(3, '88', 'Tuesday', '2017-01-17 16:32:32'),
(10, '91', 'Sunday', '2017-01-17 16:51:51'),
(12, '92', 'Monday', '2017-01-17 17:01:23'),
(15, '92', 'Friday', '2017-01-17 17:02:03'),
(16, '90', 'Monday', '2017-01-17 17:02:54'),
(18, '86', 'Monday', '2017-01-17 17:03:03'),
(19, '83', 'Monday', '2017-01-17 17:03:07'),
(21, '95', 'Tuesday', '2017-01-17 17:03:24'),
(24, '98', 'Tuesday', '2017-01-17 17:03:43'),
(30, '89', 'Thursday', '2017-01-17 17:04:34'),
(31, '83', 'Thursday', '2017-01-17 17:04:40'),
(32, '90', 'Thursday', '2017-01-17 17:04:44'),
(34, '98', 'Thursday', '2017-01-17 17:04:56'),
(35, '88', 'Friday', '2017-01-17 17:05:12'),
(36, '93', 'Friday', '2017-01-17 17:05:21'),
(38, '96', 'Friday', '2017-01-17 17:05:28'),
(44, '97', 'Monday', '2017-05-24 12:37:56'),
(45, '94', 'Tuesday', '2017-05-24 12:40:54'),
(46, '83', 'Tuesday', '2017-05-24 12:41:02'),
(47, '90', 'Wednesday', '2017-05-24 12:41:30'),
(48, '86', 'Wednesday', '2017-05-24 12:41:37'),
(49, '88', 'Wednesday', '2017-05-24 12:41:40'),
(50, '92', 'Wednesday', '2017-05-24 12:41:50'),
(51, '93', 'Wednesday', '2017-05-24 12:41:54'),
(52, '96', 'Wednesday', '2017-05-24 12:41:57'),
(53, '97', 'Wednesday', '2017-05-24 12:42:01'),
(54, '95', 'Thursday', '2017-05-24 12:42:24'),
(55, '84', 'Friday', '2017-05-24 12:42:50'),
(56, '84', 'Saturday', '2017-05-24 12:43:17'),
(57, '89', 'Saturday', '2017-05-24 12:43:25'),
(58, '91', 'Saturday', '2017-05-24 12:43:30'),
(59, '93', 'Saturday', '2017-05-24 12:43:36'),
(60, '95', 'Saturday', '2017-05-24 12:43:46'),
(61, '96', 'Saturday', '2017-05-24 12:43:49'),
(62, '97', 'Saturday', '2017-05-24 12:43:52'),
(63, '98', 'Saturday', '2017-05-24 12:43:55'),
(64, '45', 'Sunday', '2017-05-24 12:44:22'),
(65, '84', 'Sunday', '2017-05-24 12:44:31'),
(66, '94', 'Sunday', '2017-05-24 12:44:34'),
(67, '86', 'Sunday', '2017-05-24 12:44:44');

-- --------------------------------------------------------

--
-- Table structure for table `fire_apparata`
--

DROP TABLE IF EXISTS `fire_apparata`;
CREATE TABLE IF NOT EXISTS `fire_apparata` (
  `id` bigint(11) NOT NULL AUTO_INCREMENT,
  `fire_data_id` bigint(10) NOT NULL,
  `engine` varchar(10) DEFAULT NULL,
  `time_out` varchar(11) DEFAULT NULL,
  `fto_out` varchar(11) DEFAULT NULL,
  `time_in` varchar(11) DEFAULT NULL,
  `fto_in` varchar(11) DEFAULT NULL,
  `onboard` text,
  PRIMARY KEY (`id`),
  KEY `fire_data_id` (`fire_data_id`)
) ENGINE=InnoDB  DEFAULT CHARSET=utf8 AUTO_INCREMENT=310 ;

--
-- Dumping data for table `fire_apparata`
--

INSERT INTO `fire_apparata` (`id`, `fire_data_id`, `engine`, `time_out`, `fto_out`, `time_in`, `fto_in`, `onboard`) VALUES
(1, 28, 'E22', '4:04', '22', '5:41', '22', '90,92,94,Rey'),
(2, 28, 'E18', '4:05', 'D2', '5:15', 'D2', 'Rodel'),
(17, 30, 'E20', '3:28AM', '88', '6:09AM', '88', '13, 95, 96'),
(18, 30, 'E21', '3:28AM', '55', '6:09AM', '55', 'R3'),
(19, 30, 'E19', '3:29AM', '22', '4:05AM', 'D1', '90'),
(20, 30, 'E14', '3:29AM', '27', '5:09AM', '27', '89'),
(21, 30, 'E18', '3:53AM', 'D1', '6:18AM', '22', '43, 83'),
(25, 31, 'E18', '1:37AM', 'D1', '3:29AM', 'D1', '13, 95, 96'),
(26, 31, 'E14', '1:44AM', '27', '2:58AM', '27', '89'),
(27, 31, 'E20', '1:50AM', '88', '2:58AM', '88', '63'),
(28, 31, 'E19', '1:56AM', '22', '3:00AM', '22', '55'),
(33, 32, 'E20', '8:25AM', '88', '8:36AM', '88', '92, R2'),
(34, 32, 'E18', '8:25AM', 'D1', '8:36AM', 'D1', 'NA'),
(49, 34, 'E20', '1:07PM', 'D1', '1:18PM', 'D1', 'R2'),
(50, 34, 'E18', '1:07PM', 'D2', '1:23PM', 'D2', 'R3'),
(65, 36, 'E18', '9:08PM', 'D2', '10:02PM', 'D2', 'R3'),
(66, 36, 'E20', '9:08PM', '87', '10:02PM', '87', '86, 94, 90'),
(73, 37, 'E20', '11:59AM', 'D1', '1:34PM', 'D1', 'R2'),
(74, 37, 'E18', '12:03PM', 'D2', '12:48PM', 'D2', '87, R3'),
(97, 40, 'E20', '5:53PM', '38', '6:25PM', '38', '83, 86, 90'),
(98, 40, 'E18', '5:53PM', 'D2', '6:25PM', 'D2', 'R3'),
(105, 41, 'E18', '6:15PM', 'D2', '7:16PM', 'D2', '90, 92, R3'),
(113, 42, 'E21', '9:30AM', 'D1', '9:35AM', 'D1', 'R1, R2'),
(129, 44, 'E20', '2:38PM', 'D1', '3:09PM', 'D1', '86, R2'),
(130, 44, 'E18', '2:38PM', 'D2', '2:56PM', 'D2', 'R1, R3'),
(137, 45, 'E18', '7:15PM', 'D2', '7:51PM', 'D2', '94, R1, R3'),
(145, 46, 'E20', '10:38AM', 'D1', '11:54PM', 'D1', ''),
(185, 51, 'E20', '3:52PM', 'D1', '5:22PM', 'D1', '13, 77, 42, R1'),
(186, 51, 'E18', '3:53PM', 'D2', '5:16PM', 'D2', 'R2, R3'),
(201, 53, 'E18', '6:04AM', 'D2', '6:57AM', 'D2', '86, 93'),
(202, 53, 'E14', '6:10AM', '27', '6:42AM', '27', '95'),
(203, 53, 'E20', '6:17AM', '22', '6:41AM', '22', '09, 13, 87'),
(225, 56, 'E18', '12:35AM', 'D2', '1:49AM', 'D2', '84, 91, 93'),
(226, 56, 'E20', '12:42AM', '88', '1:47AM', '88', '45, 92'),
(227, 56, 'E14', '12:49AM', '27', '1:02AM', '27', '22'),
(233, 46, 'E18', '10:38 AM', 'D2', '11:56 AM', 'D2', NULL),
(234, 46, 'E21', '11:04 AM', '22', '11:15 AM', '22', NULL),
(235, 43, 'E18', '7:24 PM', 'D2', '7:45 PM', 'D2', '86, R3'),
(236, 43, 'E14', '7:32 PM', '27', '7:45 PM', '27', '90'),
(237, 58, 'E18', '10:09PM', 'D2', '10:54PM', 'D2', '93, 95'),
(238, 58, 'E14', '10:16PM', '27', '10:45PM', '27', '92'),
(239, 58, 'E20', '10:17PM', '88', '10:45PM', '88', '90'),
(240, 59, 'E20', '2:26AM', '88', '2:30AM', '88', '13, 84, 90, 91'),
(241, 59, 'E18', '2:27AM', 'D2', '2:30AM', 'D2', '92, 97'),
(242, 61, 'E18', '12:41PM', 'D2', '1:54PM', 'D2', '90, R3'),
(243, 61, 'E20', '12:39PM', 'D1', '3:16PM', 'D1', '30, R1, R2'),
(244, 61, 'E14', '12:45PM', '27', '1:44PM', '27', '-'),
(245, 61, 'E19', '1:00PM', '22', '1:42PM', '22', '62'),
(246, 63, 'E18', '8:36PM', 'D2', '9:09PM', 'D2', '90, R3'),
(247, 63, 'E20', '8:37PM', '27', '9:02PM', '27', '80, 92, R3'),
(248, 66, 'E20', '1:04PM', 'D1', '1:48PM', 'D1', '91, R1, R2'),
(249, 66, 'E18', '1:04PM', 'D2', '3:02PM', 'D2', 'R3'),
(250, 67, 'E18', '7:52PM', 'D2', '8:13PM', 'D2', '86, 90, R3'),
(251, 74, 'E20', '2:22PM', 'D2', '4:22PM', 'D2', '90, 92, R3'),
(252, 74, 'E21', '2:27PM', '87', '4:22PM', '87', '09, 95'),
(253, 74, 'E19', '2:34PM', '22', '4:22PM', '22', '88'),
(254, 74, 'E18', '', '40', '4:21PM', '40', '30, 84, 94'),
(255, 78, 'E18', '6:56AM', 'D2', '7:56AM', 'D2', '90, R1, R3'),
(256, 83, 'E18', '3:34AM', 'D2', '4:53AM', 'D2', '83, 86'),
(257, 83, 'E14', '3:40AM', '27', '4:53AM', '27', '90, 98'),
(258, 88, 'E20', '4:28 AM', 'D2', '4:59 AM', 'D2', '90,92,95'),
(259, 90, 'E18', '3:10 AM', 'D2', '3:48 AM', 'D2', '83,90,R3,R1'),
(260, 90, 'E14', '3:12 AM', '27', '3:34 AM', '27', '92'),
(261, 91, 'E20', '10:35 PM', '88', '11:33 PM', '88', '94,95,93,80'),
(262, 91, 'E18', '10:36 PM', 'D2', '11:37 PM', 'D2', '98,97'),
(263, 91, 'E14', '10:39 PM', '27', '11:14 PM', '27', 'R3,R1,62'),
(264, 92, 'E20', '11:51 AM', '79', '12:26 PM', '79', 'R1'),
(265, 92, 'E18', '11:51 AM', 'D1', '12:26 PM', 'D1', 'R3'),
(266, 95, 'E20', '12:16 AM', '88', '', '88', '83, 90, 92'),
(267, 95, 'E18', '12:17 AM', 'D2', '12:32 AM', 'D2', 'R3'),
(268, 96, 'E20', '9:14 AM', 'D1', '9:25 AM', 'D1', '94,83,95,R2'),
(269, 96, 'E18', '9:14 AM', 'D2', '9:25 AM', 'D2', 'R3'),
(270, 98, 'E20', '12:34 PM', 'D1', '1:15 PM', 'D1', '94, R2'),
(271, 98, 'E18', '12:34 PM', 'D2', '1:10 PM', 'D2', 'R3'),
(272, 99, 'E20', '11:35 AM', 'D1', '12:46 PM ', 'D1', '94, 83'),
(273, 99, 'E18', '11:35 AM', 'D2', '12:46 PM', 'D2', 'R3'),
(274, 99, 'E14', '11:47 AM', '62', '12:46 PM', '62', '48'),
(275, 99, 'E19', '11:50 AM', '22', '12:46 PM', '22', '18'),
(276, 100, 'E20', '9:33AM', 'D1', '10:41AM', 'D1', '77, R1, R2'),
(277, 100, 'E18', '9:33AM', 'D2', '10:44AM', 'D2', 'R3'),
(278, 103, 'E21', '10:01AM', 'D1', 'PROCEED TO ', 'D1', '40, 72, R3'),
(279, 105, 'E20', '2:33PM', 'D1', '3:00PM', 'D1', '48, R1, R2'),
(280, 105, 'E18', '2:33PM', 'D2', '3:00PM', 'D2', 'R3'),
(281, 106, 'E20', '12:07PM', 'D1', '12:49PM', 'D1', '90, 91, 94, R2'),
(282, 106, 'E18', '12:07PM', 'D2', '12:45PM', 'D2', 'R3'),
(283, 107, 'E20', '8:07PM', '80', '8:34PM', '80', '30, 84, 90'),
(284, 107, 'E18', '8:07PM', 'D2', '8:39pm', 'D2', '94, R3'),
(285, 107, 'E21', '8:11PM', '87', '8:26PM', '87', '88, 92'),
(286, 108, 'E20', '12:42AM', '88', '3:23AM', '88', '45, 83, R3'),
(287, 108, 'E18', '12:45AM', 'D2', '2:35AM', '22', ''),
(288, 108, 'E19', '12:50AM', '22', '3:18AM', 'D2', ''),
(289, 108, 'E21', '12:55M', '55', '2:45AM', '55', '98'),
(290, 108, 'CC6', '1:46AM', '40', '3:18AM', '40', '30, 91'),
(291, 108, 'E14', '2:10AM', '62', '3:20AM', '62', '90, 92'),
(292, 112, 'E20', '2:58AM', '88', '3:09AM', '88', '84, 86, 90, 92'),
(293, 120, 'E18', '10:59PM', 'D2', '', 'D2', '83, R1, R3'),
(294, 120, 'E20', '11:05PM', '27', '11:48PM', '27', '86, 90, 92, 94, 95'),
(295, 120, 'E21', '11:07PM', '55', '11:35PM', '55', '80'),
(296, 120, 'E19', '11:10PM', '22', '11:30PM', '22', '42, 88'),
(297, 124, 'E18', '2:32PM', 'D2', '2:52PM', 'D2', '94, R3'),
(298, 136, 'E20', '12:55AM', '88', '4:37AM', '88', '92, 95, 96'),
(299, 136, 'E18', '12:55AM', 'D2', '4:26AM', 'D2', '87'),
(300, 136, 'E19', '1:08AM', '22', '4:04AM', '22', '0'),
(301, 136, 'E21', '1:08AM', '55', '4:30AM', '55', '48'),
(302, 136, 'E14', '1:08AM', '27', '3:35AM', '27', '0'),
(303, 136, 'E12', '2:32AM', '38', '2:39AM', '38', '82, 83, R1'),
(304, 138, 'E19', '1:08AM', '22', '4:04AM', '22', '18'),
(305, 142, 'E18', '11:19PM', 'D2', '11:25PM', 'D2', '89, 90, R1, R3'),
(306, 144, 'E20', '10:40AM', 'D1', '12:45PM', 'D1', '83, 86'),
(307, 144, 'E18', '10:45AM', 'D2', '1:01PM', 'D2', 'R3'),
(308, 145, 'E18', '6:20PM', 'D2', '7:08PM', 'D2', '90, 92'),
(309, 145, 'E20', '6:33PM', '88', '7:08PM', '88', 'R3');

-- --------------------------------------------------------

--
-- Table structure for table `fire_attendance`
--

DROP TABLE IF EXISTS `fire_attendance`;
CREATE TABLE IF NOT EXISTS `fire_attendance` (
  `id` bigint(20) NOT NULL AUTO_INCREMENT,
  `unit` varchar(10) NOT NULL,
  `fire_data_id` bigint(11) NOT NULL,
  `attendance_date` date NOT NULL,
  `remarks` text,
  `status` varchar(20) NOT NULL DEFAULT 'active',
  PRIMARY KEY (`id`),
  KEY `unit` (`unit`),
  KEY `attendance_date` (`attendance_date`),
  KEY `unit_2` (`unit`),
  KEY `unit_3` (`unit`,`fire_data_id`,`attendance_date`),
  KEY `fire_data_id` (`fire_data_id`)
) ENGINE=InnoDB  DEFAULT CHARSET=utf8 AUTO_INCREMENT=467 ;

--
-- Dumping data for table `fire_attendance`
--

INSERT INTO `fire_attendance` (`id`, `unit`, `fire_data_id`, `attendance_date`, `remarks`, `status`) VALUES
(1, '09', 28, '2017-05-23', NULL, 'active'),
(2, '22', 28, '2017-05-23', NULL, 'active'),
(3, '90', 28, '2017-05-23', NULL, 'active'),
(4, '92', 28, '2017-05-23', NULL, 'active'),
(5, '94', 28, '2017-05-23', NULL, 'active'),
(6, 'R1', 28, '2017-05-23', NULL, 'active'),
(7, 'R3', 28, '2017-05-23', NULL, 'active'),
(8, 'D2', 28, '2017-05-23', NULL, 'active'),
(9, '75', 28, '2017-05-23', NULL, 'active'),
(10, '09', 30, '2017-05-21', NULL, 'active'),
(11, '13', 30, '2017-05-21', NULL, 'active'),
(12, '22', 30, '2017-05-21', NULL, 'active'),
(13, '27', 30, '2017-05-21', NULL, 'active'),
(14, '43', 30, '2017-05-21', NULL, 'active'),
(15, '55', 30, '2017-05-21', NULL, 'active'),
(16, '72', 30, '2017-05-21', NULL, 'active'),
(17, '40', 30, '2017-05-21', NULL, 'active'),
(18, '75', 30, '2017-05-21', NULL, 'active'),
(19, '83', 30, '2017-05-21', NULL, 'active'),
(20, '88', 30, '2017-05-21', NULL, 'active'),
(21, '89', 30, '2017-05-21', NULL, 'active'),
(22, '90', 30, '2017-05-21', NULL, 'active'),
(23, '95', 30, '2017-05-21', NULL, 'active'),
(24, '96', 30, '2017-05-21', NULL, 'active'),
(26, 'D1', 30, '2017-05-21', NULL, 'active'),
(27, '92', 30, '2017-05-21', NULL, 'active'),
(28, '84', 30, '2017-05-21', NULL, 'active'),
(29, '63', 31, '2017-05-21', NULL, 'active'),
(30, 'R3', 31, '2017-05-21', NULL, 'active'),
(31, '09', 31, '2017-05-21', NULL, 'active'),
(32, '13', 31, '2017-05-21', NULL, 'active'),
(33, '27', 31, '2017-05-21', NULL, 'active'),
(34, '22', 31, '2017-05-21', NULL, 'active'),
(35, '55', 31, '2017-05-21', NULL, 'active'),
(36, '88', 31, '2017-05-21', NULL, 'active'),
(37, '89', 31, '2017-05-21', NULL, 'active'),
(38, '95', 31, '2017-05-21', NULL, 'active'),
(39, '96', 31, '2017-05-21', NULL, 'active'),
(40, '72', 31, '2017-05-21', NULL, 'active'),
(41, 'D1', 31, '2017-05-21', NULL, 'active'),
(42, '92', 31, '2017-05-21', NULL, 'active'),
(43, 'R3', 30, '2017-05-21', NULL, 'active'),
(44, '88', 32, '2017-05-20', NULL, 'active'),
(45, '86', 32, '2017-05-20', NULL, 'active'),
(46, '92', 32, '2017-05-20', NULL, 'active'),
(47, 'D1', 32, '2017-05-20', NULL, 'active'),
(48, 'R2', 32, '2017-05-20', NULL, 'active'),
(49, 'R3', 32, '2017-05-20', NULL, 'active'),
(50, '29', 34, '2017-05-18', NULL, 'active'),
(51, '55', 34, '2017-05-18', NULL, 'active'),
(52, '68', 34, '2017-05-18', NULL, 'active'),
(53, '72', 34, '2017-05-18', NULL, 'active'),
(54, '75', 34, '2017-05-18', NULL, 'active'),
(55, '95', 34, '2017-05-18', NULL, 'active'),
(56, '63', 34, '2017-05-18', NULL, 'active'),
(57, 'D1', 34, '2017-05-18', NULL, 'active'),
(58, 'D2', 34, '2017-05-18', NULL, 'active'),
(59, 'R2', 34, '2017-05-18', NULL, 'active'),
(60, 'R3', 34, '2017-05-18', NULL, 'active'),
(61, '87', 36, '2017-05-15', NULL, 'active'),
(62, '72', 36, '2017-05-15', NULL, 'active'),
(63, '86', 36, '2017-05-15', NULL, 'active'),
(64, '90', 36, '2017-05-15', NULL, 'active'),
(65, '94', 36, '2017-05-15', NULL, 'active'),
(66, '96', 36, '2017-05-15', NULL, 'active'),
(67, 'D2', 36, '2017-05-15', NULL, 'active'),
(68, 'R3', 36, '2017-05-15', NULL, 'active'),
(69, '29', 37, '2017-05-15', NULL, 'active'),
(70, '72', 37, '2017-05-15', NULL, 'active'),
(71, '75', 37, '2017-05-15', NULL, 'active'),
(72, '68', 37, '2017-05-15', NULL, 'active'),
(73, 'R2', 37, '2017-05-15', NULL, 'active'),
(74, 'R3', 37, '2017-05-15', NULL, 'active'),
(75, '87', 37, '2017-05-15', NULL, 'active'),
(76, '45', 37, '2017-05-15', NULL, 'active'),
(77, '38', 40, '2017-05-04', NULL, 'active'),
(78, '83', 40, '2017-05-04', NULL, 'active'),
(79, '86', 40, '2017-05-04', NULL, 'active'),
(80, '90', 40, '2017-05-04', NULL, 'active'),
(81, 'D2', 40, '2017-05-04', NULL, 'active'),
(82, 'R3', 40, '2017-05-04', NULL, 'active'),
(83, '90', 41, '2017-05-03', NULL, 'active'),
(84, '92', 41, '2017-05-03', NULL, 'active'),
(85, 'R3', 41, '2017-05-03', NULL, 'active'),
(86, 'D2', 41, '2017-05-03', NULL, 'active'),
(87, '86', 44, '2017-05-02', NULL, 'active'),
(88, 'R1', 44, '2017-05-02', NULL, 'active'),
(89, 'R2', 44, '2017-05-02', NULL, 'active'),
(90, 'R3', 44, '2017-05-02', NULL, 'active'),
(91, 'D1', 44, '2017-05-02', NULL, 'active'),
(92, 'D2', 44, '2017-05-02', NULL, 'active'),
(93, '94', 45, '2017-05-01', NULL, 'active'),
(94, 'R1', 45, '2017-05-01', NULL, 'active'),
(95, 'R3', 45, '2017-05-01', NULL, 'active'),
(96, 'D2', 45, '2017-05-01', NULL, 'active'),
(97, '13', 51, '2017-04-20', NULL, 'active'),
(99, '75', 51, '2017-04-20', NULL, 'active'),
(100, '77', 51, '2017-04-20', NULL, 'active'),
(101, '80', 51, '2017-04-20', NULL, 'active'),
(102, 'R1', 51, '2017-04-20', NULL, 'active'),
(103, 'R2', 51, '2017-04-20', NULL, 'active'),
(104, 'R3', 51, '2017-04-20', NULL, 'active'),
(105, '09', 53, '2017-04-20', NULL, 'active'),
(106, '13', 53, '2017-04-20', NULL, 'active'),
(107, '22', 53, '2017-04-20', NULL, 'active'),
(108, '27', 53, '2017-04-20', NULL, 'active'),
(109, '40', 53, '2017-04-20', NULL, 'active'),
(110, '72', 53, '2017-04-20', NULL, 'active'),
(111, '77', 53, '2017-04-20', NULL, 'active'),
(112, '75', 53, '2017-04-20', NULL, 'active'),
(113, '83', 53, '2017-04-20', NULL, 'active'),
(114, '86', 53, '2017-04-20', NULL, 'active'),
(115, '87', 53, '2017-04-20', NULL, 'active'),
(116, '93', 53, '2017-04-20', NULL, 'active'),
(117, '95', 53, '2017-04-20', NULL, 'active'),
(118, 'D2', 53, '2017-04-20', NULL, 'active'),
(119, 'R3', 53, '2017-04-20', NULL, 'active'),
(120, '42', 51, '2017-04-20', NULL, 'active'),
(121, '22', 56, '2017-04-16', NULL, 'active'),
(122, '84', 56, '2017-04-16', NULL, 'active'),
(123, '27', 56, '2017-04-16', NULL, 'active'),
(124, '91', 56, '2017-04-16', NULL, 'active'),
(125, '92', 56, '2017-04-16', NULL, 'active'),
(126, '93', 56, '2017-04-16', NULL, 'active'),
(127, '63', 56, '2017-04-16', NULL, 'active'),
(128, '95', 56, '2017-04-16', NULL, 'active'),
(129, '88', 56, '2017-04-16', NULL, 'active'),
(130, '45', 56, '2017-04-16', NULL, 'active'),
(131, 'D2', 56, '2017-04-16', NULL, 'active'),
(132, '27', 43, '2017-05-02', NULL, 'active'),
(133, '75', 43, '2017-05-02', NULL, 'active'),
(134, '86', 43, '2017-05-02', NULL, 'active'),
(135, '90', 43, '2017-05-02', NULL, 'active'),
(136, 'R3', 43, '2017-05-02', NULL, 'active'),
(137, 'D2', 43, '2017-05-02', NULL, 'active'),
(138, '22', 46, '2017-05-01', NULL, 'active'),
(139, '45', 46, '2017-05-01', NULL, 'active'),
(140, '72', 46, '2017-05-01', NULL, 'active'),
(141, '88', 46, '2017-05-01', NULL, 'active'),
(142, '92', 46, '2017-05-01', NULL, 'active'),
(143, 'R1', 46, '2017-05-01', NULL, 'active'),
(144, 'R3', 46, '2017-05-01', NULL, 'active'),
(145, 'D1', 46, '2017-05-01', NULL, 'active'),
(146, 'D2', 46, '2017-05-01', NULL, 'active'),
(147, '27', 58, '2017-04-15', NULL, 'active'),
(148, '63', 58, '2017-04-15', NULL, 'active'),
(149, '72', 58, '2017-04-15', NULL, 'active'),
(150, '88', 58, '2017-04-15', NULL, 'active'),
(151, '90', 58, '2017-04-15', NULL, 'active'),
(152, '92', 58, '2017-04-15', NULL, 'active'),
(153, '93', 58, '2017-04-15', NULL, 'active'),
(154, 'D2', 58, '2017-04-15', NULL, 'active'),
(155, '95', 58, '2017-04-15', NULL, 'active'),
(156, '13', 59, '2017-04-14', NULL, 'active'),
(157, '22', 59, '2017-04-14', NULL, 'active'),
(158, '27', 59, '2017-04-14', NULL, 'active'),
(159, '88', 59, '2017-04-14', NULL, 'active'),
(160, '90', 59, '2017-04-14', NULL, 'active'),
(161, '92', 59, '2017-04-14', NULL, 'active'),
(162, '84', 59, '2017-04-14', NULL, 'active'),
(163, '97', 59, '2017-04-14', NULL, 'active'),
(164, '95', 59, '2017-04-14', NULL, 'active'),
(165, '91', 59, '2017-04-14', NULL, 'active'),
(166, 'D2', 59, '2017-04-14', NULL, 'active'),
(167, '83', 59, '2017-04-14', NULL, 'active'),
(168, '09', 61, '2017-04-10', NULL, 'active'),
(169, '30', 61, '2017-04-10', NULL, 'active'),
(170, '22', 61, '2017-04-10', NULL, 'active'),
(171, '27', 61, '2017-04-10', NULL, 'active'),
(172, '48', 61, '2017-04-10', NULL, 'active'),
(173, '55', 61, '2017-04-10', NULL, 'active'),
(174, '62', 61, '2017-04-10', NULL, 'active'),
(175, '68', 61, '2017-04-10', NULL, 'active'),
(176, '72', 61, '2017-04-10', NULL, 'active'),
(177, '75', 61, '2017-04-10', NULL, 'active'),
(178, '90', 61, '2017-04-10', NULL, 'active'),
(179, 'R1', 61, '2017-04-10', NULL, 'active'),
(180, 'R2', 61, '2017-04-10', NULL, 'active'),
(181, 'R3', 61, '2017-04-10', NULL, 'active'),
(182, 'D1', 61, '2017-04-10', NULL, 'active'),
(183, 'D2', 61, '2017-04-10', NULL, 'active'),
(184, '27', 63, '2017-04-05', NULL, 'active'),
(185, '63', 63, '2017-04-05', NULL, 'active'),
(186, '80', 63, '2017-04-05', NULL, 'active'),
(187, '75', 63, '2017-04-05', NULL, 'active'),
(188, '90', 63, '2017-04-05', NULL, 'active'),
(189, '92', 63, '2017-04-05', NULL, 'active'),
(190, 'R3', 63, '2017-04-05', NULL, 'active'),
(191, 'D2', 63, '2017-04-05', NULL, 'active'),
(192, 'R1', 63, '2017-04-05', NULL, 'active'),
(193, '75', 66, '2017-04-04', NULL, 'active'),
(194, '91', 66, '2017-04-04', NULL, 'active'),
(195, 'R1', 66, '2017-04-04', NULL, 'active'),
(196, 'R2', 66, '2017-04-04', NULL, 'active'),
(197, 'R3', 66, '2017-04-04', NULL, 'active'),
(198, 'D1', 66, '2017-04-04', NULL, 'active'),
(199, 'D2', 66, '2017-04-04', NULL, 'active'),
(200, '27', 67, '2017-04-03', NULL, 'active'),
(201, '80', 67, '2017-04-03', NULL, 'active'),
(202, '86', 67, '2017-04-03', NULL, 'active'),
(203, '90', 67, '2017-04-03', NULL, 'active'),
(204, '92', 67, '2017-04-03', NULL, 'active'),
(205, '94', 67, '2017-04-03', NULL, 'active'),
(206, '75', 67, '2017-04-03', NULL, 'active'),
(207, 'D2', 67, '2017-04-03', NULL, 'active'),
(208, 'R3', 67, '2017-04-03', NULL, 'active'),
(209, '09', 74, '2017-03-26', NULL, 'active'),
(210, '22', 74, '2017-03-26', NULL, 'active'),
(211, '30', 74, '2017-03-26', NULL, 'active'),
(212, '38', 74, '2017-03-26', NULL, 'active'),
(213, '40', 74, '2017-03-26', NULL, 'active'),
(214, '72', 74, '2017-03-26', NULL, 'active'),
(215, '84', 74, '2017-03-26', NULL, 'active'),
(216, '87', 74, '2017-03-26', NULL, 'active'),
(217, '88', 74, '2017-03-26', NULL, 'active'),
(218, '90', 74, '2017-03-26', NULL, 'active'),
(219, '92', 74, '2017-03-26', NULL, 'active'),
(220, '94', 74, '2017-03-26', NULL, 'active'),
(221, '95', 74, '2017-03-26', NULL, 'active'),
(222, 'R3', 74, '2017-03-26', NULL, 'active'),
(223, 'D2', 74, '2017-03-26', NULL, 'active'),
(224, '90', 78, '2017-03-22', NULL, 'active'),
(225, '68', 78, '2017-03-22', NULL, 'active'),
(226, 'R1', 78, '2017-03-22', NULL, 'active'),
(227, 'R3', 78, '2017-03-22', NULL, 'active'),
(228, 'D2', 78, '2017-03-22', NULL, 'active'),
(229, '94', 83, '2017-03-13', NULL, 'active'),
(230, '09', 83, '2017-03-13', NULL, 'active'),
(231, '22', 83, '2017-03-13', NULL, 'active'),
(232, '83', 83, '2017-03-13', NULL, 'active'),
(233, '86', 83, '2017-03-13', NULL, 'active'),
(234, '98', 83, '2017-03-13', NULL, 'active'),
(235, '90', 83, '2017-03-13', NULL, 'active'),
(236, '72', 83, '2017-03-13', NULL, 'active'),
(237, 'D2', 83, '2017-03-13', NULL, 'active'),
(238, '27', 83, '2017-03-13', NULL, 'active'),
(239, '45', 83, '2017-03-13', NULL, 'active'),
(240, '09', 88, '2016-11-01', NULL, 'active'),
(241, '63', 88, '2016-11-01', NULL, 'active'),
(242, '90', 88, '2016-11-01', NULL, 'active'),
(243, '92', 88, '2016-11-01', NULL, 'active'),
(244, '95', 88, '2016-11-01', NULL, 'active'),
(245, 'D2', 88, '2016-11-01', NULL, 'active'),
(253, '27', 90, '2016-11-04', NULL, 'active'),
(254, '48', 90, '2016-11-04', NULL, 'active'),
(255, '83', 90, '2016-11-04', NULL, 'active'),
(256, '90', 90, '2016-11-04', NULL, 'active'),
(257, '92', 90, '2016-11-04', NULL, 'active'),
(258, 'R3', 90, '2016-11-04', NULL, 'active'),
(259, 'R1', 90, '2016-11-04', NULL, 'active'),
(260, '09', 91, '2016-11-04', NULL, 'active'),
(261, '22', 91, '2016-11-04', NULL, 'active'),
(262, '30', 91, '2016-11-04', NULL, 'active'),
(263, '43', 91, '2016-11-04', NULL, 'active'),
(264, '75', 91, '2016-11-04', NULL, 'active'),
(265, '80', 91, '2016-11-04', NULL, 'active'),
(266, '27', 91, '2016-11-04', NULL, 'active'),
(267, '62', 91, '2016-11-04', NULL, 'active'),
(268, '87', 91, '2016-11-04', NULL, 'active'),
(269, '88', 91, '2016-11-04', NULL, 'active'),
(270, '90', 91, '2016-11-04', NULL, 'active'),
(271, '91', 91, '2016-11-04', NULL, 'active'),
(272, '93', 91, '2016-11-04', NULL, 'active'),
(273, '94', 91, '2016-11-04', NULL, 'active'),
(274, '95', 91, '2016-11-04', NULL, 'active'),
(275, '97', 91, '2016-11-04', NULL, 'active'),
(276, '98', 91, '2016-11-04', NULL, 'active'),
(277, '72', 91, '2016-11-04', NULL, 'active'),
(278, '89', 91, '2016-11-04', NULL, 'active'),
(279, '92', 91, '2016-11-04', NULL, 'active'),
(280, '79', 92, '2016-11-05', NULL, 'active'),
(281, '75', 92, '2016-11-05', NULL, 'active'),
(282, 'R1', 92, '2016-11-05', NULL, 'active'),
(283, 'D1', 92, '2016-11-05', NULL, 'active'),
(284, 'R3', 92, '2016-11-05', NULL, 'active'),
(285, '83', 95, '2016-11-10', NULL, 'active'),
(286, '88', 95, '2016-11-10', NULL, 'active'),
(287, '90', 95, '2016-11-10', NULL, 'active'),
(288, '92', 95, '2016-11-10', NULL, 'active'),
(289, 'D2', 95, '2016-11-10', NULL, 'active'),
(290, 'R3', 95, '2016-11-10', NULL, 'active'),
(291, '97', 95, '2016-11-10', NULL, 'active'),
(292, '27', 96, '2016-11-10', NULL, 'active'),
(293, '83', 96, '2016-11-10', NULL, 'active'),
(294, '94', 96, '2016-11-10', NULL, 'active'),
(295, '95', 96, '2016-11-10', NULL, 'active'),
(296, 'R2', 96, '2016-11-10', NULL, 'active'),
(297, 'R3', 96, '2016-11-10', NULL, 'active'),
(298, 'D1', 96, '2016-11-10', NULL, 'active'),
(299, 'D2', 96, '2016-11-10', NULL, 'active'),
(300, '94', 98, '2016-11-15', NULL, 'active'),
(301, 'R2', 98, '2016-11-15', NULL, 'active'),
(302, 'R3', 98, '2016-11-15', NULL, 'active'),
(303, 'D1', 98, '2016-11-15', NULL, 'active'),
(304, 'D2', 98, '2016-11-15', NULL, 'active'),
(305, '18', 99, '2016-11-21', NULL, 'active'),
(306, '22', 99, '2016-11-21', NULL, 'active'),
(307, '29', 99, '2016-11-21', NULL, 'active'),
(308, '48', 99, '2016-11-21', NULL, 'active'),
(309, '62', 99, '2016-11-21', NULL, 'active'),
(310, '63', 99, '2016-11-21', NULL, 'active'),
(311, '68', 99, '2016-11-21', NULL, 'active'),
(312, '72', 99, '2016-11-21', NULL, 'active'),
(313, '75', 99, '2016-11-21', NULL, 'active'),
(314, '83', 99, '2016-11-21', NULL, 'active'),
(315, '87', 99, '2016-11-21', NULL, 'active'),
(316, '94', 99, '2016-11-21', NULL, 'active'),
(317, 'R3', 99, '2016-11-21', NULL, 'active'),
(318, '18', 100, '2017-03-03', NULL, 'active'),
(319, '72', 100, '2017-03-03', NULL, 'active'),
(320, '77', 100, '2017-03-03', NULL, 'active'),
(321, '80', 100, '2017-03-03', NULL, 'active'),
(322, 'R1', 100, '2017-03-03', NULL, 'active'),
(323, 'R2', 100, '2017-03-03', NULL, 'active'),
(324, 'D1', 100, '2017-03-03', NULL, 'active'),
(325, 'D2', 100, '2017-03-03', NULL, 'active'),
(326, 'R3', 100, '2017-03-03', NULL, 'active'),
(327, '40', 103, '2017-03-01', NULL, 'active'),
(328, '72', 103, '2017-03-01', NULL, 'active'),
(329, 'D1', 103, '2017-03-01', NULL, 'active'),
(330, 'R3', 103, '2017-03-01', NULL, 'active'),
(332, '48', 105, '2017-02-23', NULL, 'active'),
(333, 'R1', 105, '2017-02-23', NULL, 'active'),
(334, 'R2', 105, '2017-02-23', NULL, 'active'),
(335, 'R3', 105, '2017-02-23', NULL, 'active'),
(336, 'D1', 105, '2017-02-23', NULL, 'active'),
(337, 'D2', 105, '2017-02-23', NULL, 'active'),
(338, '75', 105, '2017-02-23', NULL, 'active'),
(339, '22', 106, '2017-02-21', NULL, 'active'),
(340, '48', 106, '2017-02-21', NULL, 'active'),
(341, '55', 106, '2017-02-21', NULL, 'active'),
(342, '72', 106, '2017-02-21', NULL, 'active'),
(343, '75', 106, '2017-02-21', NULL, 'active'),
(344, '90', 106, '2017-02-21', NULL, 'active'),
(345, '91', 106, '2017-02-21', NULL, 'active'),
(346, '94', 106, '2017-02-21', NULL, 'active'),
(347, 'R3', 106, '2017-02-21', NULL, 'active'),
(348, 'R2', 106, '2017-02-21', NULL, 'active'),
(349, 'D1', 106, '2017-02-21', NULL, 'active'),
(350, 'D2', 106, '2017-02-21', NULL, 'active'),
(351, '30', 107, '2017-02-20', NULL, 'active'),
(352, '80', 107, '2017-02-20', NULL, 'active'),
(353, '84', 107, '2017-02-20', NULL, 'active'),
(354, '88', 107, '2017-02-20', NULL, 'active'),
(355, '90', 107, '2017-02-20', NULL, 'active'),
(356, '92', 107, '2017-02-20', NULL, 'active'),
(357, '94', 107, '2017-02-20', NULL, 'active'),
(358, 'D2', 107, '2017-02-20', NULL, 'active'),
(359, 'R2', 107, '2017-02-20', NULL, 'active'),
(360, '72', 107, '2017-02-20', NULL, 'active'),
(361, '75', 107, '2017-02-20', NULL, 'active'),
(362, '77', 107, '2017-02-20', NULL, 'active'),
(363, '87', 107, '2017-02-20', NULL, 'active'),
(364, '09', 108, '2017-02-20', NULL, 'active'),
(365, '22', 108, '2017-02-20', NULL, 'active'),
(366, '30', 108, '2017-02-20', NULL, 'active'),
(367, '40', 108, '2017-02-20', NULL, 'active'),
(368, '45', 108, '2017-02-20', NULL, 'active'),
(369, '55', 108, '2017-02-20', NULL, 'active'),
(370, '63', 108, '2017-02-20', NULL, 'active'),
(371, '62', 108, '2017-02-20', NULL, 'active'),
(372, '68', 108, '2017-02-20', NULL, 'active'),
(373, '83', 108, '2017-02-20', NULL, 'active'),
(374, '87', 108, '2017-02-20', NULL, 'active'),
(375, '90', 108, '2017-02-20', NULL, 'active'),
(376, '91', 108, '2017-02-20', NULL, 'active'),
(377, '92', 108, '2017-02-20', NULL, 'active'),
(378, '94', 108, '2017-02-20', NULL, 'active'),
(379, '98', 108, '2017-02-20', NULL, 'active'),
(380, '88', 108, '2017-02-20', NULL, 'active'),
(381, 'R3', 108, '2017-02-20', NULL, 'active'),
(382, 'D2', 108, '2017-02-20', NULL, 'active'),
(383, '75', 108, '2017-02-20', NULL, 'active'),
(384, '86', 108, '2017-02-20', NULL, 'active'),
(385, '84', 112, '2017-02-11', NULL, 'active'),
(386, '86', 112, '2017-02-11', NULL, 'active'),
(387, '88', 112, '2017-02-11', NULL, 'active'),
(388, '90', 112, '2017-02-11', NULL, 'active'),
(389, '92', 112, '2017-02-11', NULL, 'active'),
(390, '94', 112, '2017-02-11', NULL, 'active'),
(391, '09', 120, '2017-01-30', NULL, 'active'),
(392, '42', 120, '2017-01-30', NULL, 'active'),
(393, '63', 120, '2017-01-30', NULL, 'active'),
(394, '68', 120, '2017-01-30', NULL, 'active'),
(395, '72', 120, '2017-01-30', NULL, 'active'),
(396, '75', 120, '2017-01-30', NULL, 'active'),
(397, '80', 120, '2017-01-30', NULL, 'active'),
(398, '83', 120, '2017-01-30', NULL, 'active'),
(399, '87', 120, '2017-01-30', NULL, 'active'),
(400, '86', 120, '2017-01-30', NULL, 'active'),
(401, '88', 120, '2017-01-30', NULL, 'active'),
(402, '90', 120, '2017-01-30', NULL, 'active'),
(403, '92', 120, '2017-01-30', NULL, 'active'),
(404, '94', 120, '2017-01-30', NULL, 'active'),
(405, '95', 120, '2017-01-30', NULL, 'active'),
(406, '96', 120, '2017-01-30', NULL, 'active'),
(407, 'D2', 120, '2017-01-30', NULL, 'active'),
(408, '27', 120, '2017-01-30', NULL, 'active'),
(409, '55', 120, '2017-01-30', NULL, 'active'),
(410, '22', 120, '2017-01-30', NULL, 'active'),
(411, 'R3', 120, '2017-01-30', NULL, 'active'),
(412, 'R1', 120, '2017-01-30', NULL, 'active'),
(413, '94', 124, '2017-01-27', NULL, 'active'),
(414, 'D2', 124, '2017-01-27', NULL, 'active'),
(415, 'R3', 124, '2017-01-27', NULL, 'active'),
(416, '09', 136, '2017-01-01', NULL, 'active'),
(417, '22', 136, '2017-01-01', NULL, 'active'),
(418, '27', 136, '2017-01-01', NULL, 'active'),
(419, '30', 136, '2017-01-01', NULL, 'active'),
(420, '48', 136, '2017-01-01', NULL, 'active'),
(421, '50', 136, '2017-01-01', NULL, 'active'),
(422, '55', 136, '2017-01-01', NULL, 'active'),
(423, '82', 136, '2017-01-01', NULL, 'active'),
(424, '83', 136, '2017-01-01', NULL, 'active'),
(425, '87', 136, '2017-01-01', NULL, 'active'),
(426, '88', 136, '2017-01-01', NULL, 'active'),
(427, '91', 136, '2017-01-01', NULL, 'active'),
(428, '92', 136, '2017-01-01', NULL, 'active'),
(429, '95', 136, '2017-01-01', NULL, 'active'),
(430, '38', 136, '2017-01-01', NULL, 'active'),
(431, '93', 136, '2017-01-01', NULL, 'active'),
(432, '96', 136, '2017-01-01', NULL, 'active'),
(433, '86', 136, '2017-01-01', NULL, 'active'),
(434, 'R1', 136, '2017-01-01', NULL, 'active'),
(435, 'D2', 136, '2017-01-01', NULL, 'active'),
(436, '18', 138, '2017-01-01', NULL, 'active'),
(437, '22', 138, '2017-01-01', NULL, 'active'),
(438, '75', 138, '2017-01-01', NULL, 'active'),
(439, '72', 138, '2017-01-01', NULL, 'active'),
(440, 'R1', 138, '2017-01-01', NULL, 'active'),
(441, '09', 138, '2017-01-01', NULL, 'active'),
(442, '89', 142, '2017-06-01', NULL, 'active'),
(443, '90', 142, '2017-06-01', NULL, 'active'),
(444, '75', 142, '2017-06-01', NULL, 'active'),
(445, 'R1', 142, '2017-06-01', NULL, 'active'),
(446, 'R3', 142, '2017-06-01', NULL, 'active'),
(447, '83', 142, '2017-06-01', NULL, 'active'),
(448, 'D2', 142, '2017-06-01', NULL, 'active'),
(449, '40', 144, '2017-06-02', NULL, 'active'),
(450, '43', 144, '2017-06-02', NULL, 'active'),
(451, '72', 144, '2017-06-02', NULL, 'active'),
(452, '75', 144, '2017-06-02', NULL, 'active'),
(453, '83', 144, '2017-06-02', NULL, 'active'),
(454, '86', 144, '2017-06-02', NULL, 'active'),
(455, 'D2', 144, '2017-06-02', NULL, 'active'),
(456, 'D1', 144, '2017-06-02', NULL, 'active'),
(457, 'R3', 144, '2017-06-02', NULL, 'active'),
(458, 'R2', 144, '2017-06-02', NULL, 'active'),
(459, '55', 145, '2017-06-02', NULL, 'active'),
(460, '75', 145, '2017-06-02', NULL, 'active'),
(461, '86', 145, '2017-06-02', NULL, 'active'),
(462, '88', 145, '2017-06-02', NULL, 'active'),
(463, '90', 145, '2017-06-02', NULL, 'active'),
(464, '92', 145, '2017-06-02', NULL, 'active'),
(465, 'D2', 145, '2017-06-02', NULL, 'active'),
(466, 'R3', 145, '2017-06-02', NULL, 'active');

-- --------------------------------------------------------

--
-- Table structure for table `fire_data`
--

DROP TABLE IF EXISTS `fire_data`;
CREATE TABLE IF NOT EXISTS `fire_data` (
  `id` bigint(10) NOT NULL AUTO_INCREMENT,
  `date_of_fire` date NOT NULL,
  `location` text NOT NULL,
  `classification` text NOT NULL,
  `caller` varchar(100) DEFAULT NULL,
  `contact_number` varchar(15) DEFAULT NULL,
  `time_received` varchar(10) NOT NULL,
  `time_controlled` varchar(10) NOT NULL,
  `unit` varchar(10) NOT NULL,
  `oic` int(11) NOT NULL,
  `water_used` int(11) NOT NULL,
  `dispatch` varchar(15) NOT NULL,
  `proceeding` text NOT NULL,
  `at_base` text NOT NULL,
  PRIMARY KEY (`id`),
  KEY `unit` (`unit`),
  KEY `date_of_fire` (`date_of_fire`)
) ENGINE=InnoDB  DEFAULT CHARSET=utf8 AUTO_INCREMENT=146 ;

--
-- Dumping data for table `fire_data`
--

INSERT INTO `fire_data` (`id`, `date_of_fire`, `location`, `classification`, `caller`, `contact_number`, `time_received`, `time_controlled`, `unit`, `oic`, `water_used`, `dispatch`, `proceeding`, `at_base`) VALUES
(28, '2017-05-23', 'CROWN REGENCY Basement 2', 'smoke alarm', 'OC', '160', '03:59 AM', '04:04 AM', '83', 94, 0, 'Yes', '', ''),
(29, '2017-05-22', 'AT THE BACK OF ALPINE ICE PLANT, OPAO MANDAUE', 'DAUB', 'JANET DAMAO', '3432124', '10:56 AM', '10:57 AM', 'DONNA', 0, 0, 'No', '', ''),
(30, '2017-05-21', 'MATUMBO PUSOK, LAPU-LAPU CITY', 'RESIDENTIAL, GENERAL ALARM', 'FRANZEL CODILLA', '', '03:15 AM', '04:28 AM', '92', 13, 49, 'Yes', '', ''),
(31, '2017-05-21', 'LABANGON NEAR DSWD', 'RESIDENTIAL, WORKING FIRE', 'OC', '160', '01:30 AM', '02:06 AM', '92', 13, 40, 'Yes', '', '43'),
(32, '2017-05-20', 'JAKOSALEM ST. NEAR SACRED HEART CHURCH', 'ELECTRICAL FIRE', 'DIRECT CALLER', '2533360', '08:18 AM', '08:29 AM', '86', 92, 0, 'Yes', '', ''),
(33, '2017-05-18', 'UPPER LINAO, MINGLANILLA', 'RESIDENTIAL', 'OC', '160', '06:56 PM', '07:19 PM', 'MICHELLE', 92, 0, 'No', '', ''),
(34, '2017-05-18', 'NEAR ALLIANCE OF TWO HEARTS, BANAWA', '1 SHOP, WORKING FIRE', 'OC', '160', '01:02 PM', '01:10 PM', 'MICHELLE', 55, 0, 'Yes', '', '22, 27'),
(35, '2017-05-18', 'AYALA PARK TOWER 1 CONDO BESIDE CHINA BANK', 'NON-WORKING FIRE', 'OC', '160', '06:58 AM', '07:01 AM', '90', 0, 0, 'No', '', ''),
(36, '2017-05-15', 'GOLDEN VALLEY, LAHUG', '2 STOREY / RESIDENTIAL', 'OC', '160', '09:03 PM', '09:21 PM', 'MICHELLE', 94, 0, 'Yes', '', '22, 63, 80, 88, 92'),
(37, '2017-05-15', 'SITIO UPPER PAILUB, URGELLO CEBU CITY', '3 STOREY / RESIDENTIAL', 'OC', '160', '11:54 PM', '12:25 PM', '45', 75, 16, 'Yes', '', '22'),
(38, '2017-05-10', 'MAGUIKAY, MANDAUE INFRONT OF NISSAN CORP.', 'DAUB', 'OC', '160', '02:56 PM', '03:02 PM', 'MICHELLE', 0, 0, 'No', '', ''),
(39, '2017-05-10', 'BUHISAN CEBU CITY', 'NON-WORKING FIRE', 'OC', '160', '04:14 AM', '04:35 AM', '95', 88, 0, 'No', '', '90, 83'),
(40, '2017-05-04', 'BLESSED BRGY. IBABAO RD. CORDOVA, LAPU-LAPU CITY', 'RESIDENTIAL', '75', '', '05:46 PM', '06:11 PM', 'MICHELLE', 86, 0, 'Yes', '', '18, 27, 62, 77'),
(41, '2017-05-03', 'KASAMBAGAN RD., CATARMAN, CORDOVA', 'RESIDENTIAL / TASK FORCE ALFA', 'ISMIRALDA / 75', '09235171641', '05:32 PM', '06:37 PM', 'MICHELLE', 90, 0, 'Yes', '', '22, 83, 86, 88'),
(42, '2017-05-03', 'PERPETUAL VALLEY SUBD., KATIPUNAN LABANGON', '3 STOREY / RESIDENTIAL & 1 LIGHT MATERIAL HOUSE', 'HINONGON', '09176338583', '09:21 AM', '09:39 AM', 'DONNA', 75, 0, 'Yes', '', '38'),
(43, '2017-05-02', 'LAWAAN 3, TALISAY CITY INFRONT OF WILCON DEPOT', 'RESIDENTIAL', 'JORGE', '09434428448', '07:17 PM', '07:42 PM', 'MICHELLE', 86, 0, 'Yes', '96 AT BASE', '09, 22, 56, 87, 88, 94'),
(44, '2017-05-02', 'BRGY. KINALUMSAN, SITIO. KANHURAW, LAPU-LAPU CITY', 'RESIDENTIAL / WORKING FIRE', '93', '', '02:20 PM', '02:47 PM', 'MICHELLE', 86, 0, 'Yes', '', ''),
(45, '2017-05-01', 'ESPINA COMPOUND INFRONT ESPINA VILLAGE, B. RODRIQUEZ', 'GARBAGE FIRE', 'RODA TANHAY', '09083061211', '07:13 PM', '07:28 PM', 'DONNA', 94, 0, 'Yes', '', ''),
(46, '2017-05-01', 'BASAK, LAPU-LAPU CITY, BACK OF BROOKSHIELD VILLAGE', 'RESIDENTIAL / LIGHT MATERIALS', 'OC', '160', '10:28 AM', '11:05 AM', 'DONNA', 45, 26, 'Yes', '', ''),
(47, '2017-05-01', 'BONIFACIO ST., CEBU CITY', 'NON-WORKING FIRE', 'OC', '160', '02:23 AM', '02:27 AM', '84', 91, 0, 'No', '', '30, 45, 83, 84, 91, D2'),
(48, '2017-04-25', 'MABOLO CEBU CITY', 'NON-WORKING FIRE', 'OC', '160', '03:55 PM', '04:02 PM', 'MICHELLE', 0, 0, 'No', '', ''),
(49, '2017-04-21', 'INFRONT MARIA LINA CATERING, PUNTA PRINCESA', 'NON-WORKING FIRE', 'OC', '160', '09:59 AM', '10:05 AM', 'DONNA', 0, 0, 'No', '', '83, 86, 94'),
(50, '2017-04-20', 'GOLDEN PEAK HOTEL', 'ELECTRICAL FIRE', 'OC', '160', '08:30 PM', '08:41 PM', 'MICHELLE', 0, 0, 'No', 'FS: 95', '09, 30, 13, 18, 22, 90, 94; @ FS: 43, 72, 75, 96'),
(51, '2017-04-20', 'PULPUGAN, CONSOLACION', 'LIGHT MATERIALS', 'RACHELLE BIHAG', '09177929754', '03:48 PM', '04:19 PM', 'MICHELLE', 13, 0, 'Yes', 'FS: 72', '22, 43, 87, 94'),
(52, '2017-05-20', 'UMAPAD MANDAUE CITY', 'LANDFILL', '22', '', '04:19 PM', '04:24 PM', 'MICHELLE', 0, 0, 'No', '', ''),
(53, '2017-04-20', 'BULACAO, PARDO', '3RD ALARM', 'OC', '160', '05:57 AM', '06:23 AM', '83', 93, 26, 'Yes', '', '90, 92, 94'),
(54, '2017-04-19', 'BRGY. INAYAWAN', 'RESIDENTIAL / NON- WORKING FIRE', 'OC', '160', '04:19 PM', '04:28 PM', 'MICHELLE', 0, 0, 'No', '', '09, 91'),
(55, '2017-04-17', '4TH ST., HAPPY VALLEY, UPPER TUDINA ENGLIS, V.RAMA', 'POST FIRE', 'OC', '160', '02:09 AM', '02:22 AM', '91', 0, 0, 'No', '', ''),
(56, '2017-04-16', 'GREEN VILLAGE, GUADALUPE', 'WORKING FIRE', 'OC', '160', '12:30 AM', '12:54 AM', '83', 84, 26, 'Yes', '', '90'),
(57, '2017-04-15', 'TABOK, MANDAUE NEAR TOYOTA MANDAUE', 'WORKING FIRE / 2ND ALARM', 'OC MANDAUE', '4173513', '11:06 PM', '11:16 PM', '84', 0, 0, 'No', '', ''),
(58, '2017-04-15', 'SITIO KADULLAY, TISA', 'RESIDENTIAL / WORKING FIRE', 'OC', '160', '10:04 PM', '10:20 PM', '83', 93, 0, 'Yes', '', '22, 30, 84, 91'),
(59, '2017-04-14', 'LOWER JAPPER, QUIOT PARDO', 'WORKING FIRE', 'OC', '160', '02:18 AM', '02:26 AM', '83', 13, 0, 'Yes', '09, 63, D1 AT BASE', ''),
(60, '2017-04-11', 'T. PADILLA INFRONT OF JULIES BAKESHOP', 'SMOKE ALARM', 'OC', '160', '10:22 AM', '10:30 AM', 'DONNA', 0, 0, 'No', '', ''),
(61, '2017-04-10', 'SITIO SHANGRILA 2, BRGY. LABANGON CEBU CITY', 'LIGHT MATERIALS / 2 STOREY HOUSES', '09', '', '12:33 PM', '01:17 PM', 'MICHELLE', 48, 24, 'Yes', '95 AT BASE', '87, 91'),
(62, '2017-04-09', 'V.RAMA CORNER B. RODRIQUEZ CEBU CITY', 'RUBBISH FIRE', 'UNCLE OF X VOL.', '5141244', '03:45 PM', '03:48 PM', 'MICHELLE', 0, 0, 'No', '', ''),
(63, '2017-04-05', 'DULJO FATIMA, CEBU CITY', '2 STOREY', '27', '', '08:30 PM', '08:45 PM', 'MICHELLE', 90, 0, 'Yes', '22 AT BASE; 09, 50 AT FS', '72, 82, 88, 95'),
(64, '2017-04-05', 'TABOK MANDAUE CITY', 'NON-WORKING FIRE / 1 APARTMENT', '75', '', '01:10 PM', '01:15 PM', 'MICHELLE', 0, 0, 'No', '', ''),
(65, '2017-04-04', 'ALASKA MAMBALING, YBAEZ CMPD.', 'NON-WORKING FIRE', 'OC', '160', '03:50 PM', '04:07 PM', 'DONNA', 30, 0, 'No', '', '30, 77, 80, 87, 91, D1, D2, R1, R2, R3, FS; 75'),
(66, '2017-04-04', 'NEAR FOODA GUADALUPE CITY', 'RESIDENTIAL', 'FLOR', '2600956', '01:01 PM', '01:14 PM', 'DONNA', 91, 16, 'Yes', '22 AT BASE; 72 AT FS', '09, 90'),
(67, '2017-04-03', 'CALAMBA CEMETERY, V. RAMA AVE. CEBU CITY', 'LIGHT MATERIALS', 'LUAN KABATINGAN', '2543346', '07:47 PM', '07:58 PM', 'MICHELLE', 86, 0, 'Yes', '63 AT BASE; 72 AT FS', '27, 80'),
(68, '2017-04-02', 'OSAKA ST. PARDO ', 'NON-WORKING FIRE', 'OC', '', '01:14 PM', '01:23 PM', 'MICHELLE', 0, 0, 'No', '27, 90, 95 AT BASE', '92  AT FS; 63, 72, 75'),
(69, '2017-04-01', 'SUNBURST LEGAZPI ST. CEBU CITY', 'NON-WORKING FIRE', 'OC', '160', '07:07 PM', '07:24 PM', '84', 0, 0, 'No', '92 AT BASE', ''),
(70, '2017-03-31', 'PONCE 1 BACK OF LUDO CEMETERY, INFRONT OF QUEENSLAND', 'NON-WORKING FIRE', 'OC', '160', '05:48 PM', '05:50 PM', 'MICHELLE', 0, 0, 'No', '', '91'),
(71, '2017-03-30', 'METAVILLE, TALAMBAN', 'NON-WORKING FIRE / DUST COLLECTOR', 'OC', '160', '03:29 PM', '03:36 PM', 'MICHELLE', 0, 0, 'No', '', ''),
(72, '2017-03-28', 'LABOGON MANDAUE CITY', 'NON-WORKING FIRE', '75', '', '03:30 PM', '03:40 PM', 'MICHELLE', 0, 0, 'No', '', ''),
(73, '2017-03-27', 'NIVEL HILLS, LAHUG NEAR OLD CASINO', '1 APARTMENT / RESIDENTIAL', 'WILKIN JOHN TABUNITA', '4203719', '10:28 AM', '10:42 AM', 'DONNA', 0, 0, 'No', '', ''),
(74, '2017-03-26', 'TANGKE, TALISAY CITY', 'LIGHT MATERIALS / RESIDENTIAL', 'ZENAYDA ACOSTA', '2735484', '02:17 PM', '03:01 PM', 'DONNA', 38, 27, 'Yes', '75 AT FS', '89'),
(75, '2017-03-26', 'NEAR CIS,PIT-OS, TALAMBAN', 'DAOB', 'OC', '160', '12:52 PM', '12:58 PM', 'DONNA', 0, 0, 'No', '', ''),
(76, '2017-03-24', 'BACK OF COUNTRY MALL, APAS CEBU CITY', 'NON-WORKING FIRE', 'OC', '160', '03:48 AM', '03:55 AM', '83', 94, 0, 'No', '', ''),
(77, '2017-03-23', 'LABUGON, MANDAUE CITY', 'DAUB', '75 ', '', '11:51 AM', '12:01 PM', 'DONNA', 0, 0, 'No', '', ''),
(78, '2017-03-22', 'BACARAYAN APART., NEAR DON BOSCO BUHISAN RD.', 'WORKING FIRE', 'OC', '160', '06:50 AM', '07:23 AM', '94', 90, 0, 'Yes', '', '09, 22, 30, 50, 83, 84, 92, 96'),
(79, '2017-03-20', 'BRGY. TISA, FILTER PLANT MCWD', 'NON-WORKING FIRE / ELECTRICAL FIRE', 'OC', '160', '01:15 PM', '01:22 PM', 'MICHELLE', 0, 0, 'No', '', ''),
(80, '2017-03-19', 'CHINA BANK, BANILAD MANDAUE', 'NON-WORKING FIRE', 'OC', '160', '03:14 PM', '03:20 PM', 'DONNA', 0, 0, 'No', '', ''),
(81, '2017-03-17', 'SOUTH PLAIN CORNER GUADALUPE', 'GRASSFIRE', 'OC', '160', '06:33 PM', '06:44 PM', 'MICHELLE', 0, 0, 'No', '', '56'),
(82, '2017-03-17', 'MINGLANILLA, POBLACION WARD II, NEAR PRINCE WAREHOUSE', 'NON-WORKING FIRE / LETCHON MANOK GRILLER', 'OC', '160', '12:29 PM', '12:40 PM', 'MICHELLE', 0, 0, 'No', '', '94'),
(83, '2017-03-13', 'DENR OLD BLDG., BANILAD', '2 STOREY BLDG. / LIGHT MATERIALS (BUILT)', '09', '', '03:36 AM', '04:05 AM', '45', 83, 24, 'Yes', '', ''),
(84, '2017-03-12', 'CONSOLACION LOWER CASILI, STO. NIO 2', 'RESIDENTIAL', 'GENEVIEVE SANYO', '4150091', '12:12 PM', '12:37 PM', 'DONNA', 0, 0, 'No', '', '90, 92'),
(85, '2017-03-11', 'SAMBAG 2, V. RAMA', 'NON-WORKING FIRE / SHELLANE', 'OC', '160', '02:08 PM', '02:12 PM', 'MICHELLE', 0, 0, 'No', '', ''),
(86, '2017-03-07', 'BRGY. HALL CARRETA', 'RESIDENTIAL / NON WORKING FIRE', 'OC', '160', '02:04 PM', '02:14 PM', 'MICHELLE', 0, 0, 'No', '', '09, 48, 30, 43'),
(87, '2017-03-04', 'NASIPIT, TALAMBAN', 'BAMBOO FIRE', 'OC', '160', '01:05 PM', '01:13 PM', 'MICHELLE', 0, 0, 'No', '', ''),
(88, '2016-11-01', 'BODEGA BETWEEN WHITE GOLD AND TRAVELLER''S INN', 'SMOKE ALARM', 'OC', '160', '04:05 AM', '04:59 AM', '97', 90, 0, 'Yes', '', '27, 98'),
(89, '2016-11-01', 'SITIO LOWER SAN ROQUE, BULACAO', '-', 'OC', '160', '09:30 PM', '09:35 PM', '88', 0, 0, 'No', '', ''),
(90, '2016-11-04', 'ACACIA PLACE, SALVADOR EXT.', 'RESIDENTIAL', 'OC', '160', '02:57 AM', '03:17 AM', '98', 83, 0, 'Yes', '', '22, 88'),
(91, '2016-11-04', 'SITIO PANGUTANA, LAHUG (NEAR CAMP LAPU2X)', 'WORKING FIRE, LIGHT MATERIALS', 'OC', '160', '10:33 PM', '10:50 PM', '45', 9, 10000, 'Yes', '', ''),
(92, '2016-11-05', 'SUNRISE VILLAGE, PARDO', 'RESIDENTIAL', 'THRU RDO 75', '', '11:40 AM', '12:11 PM', 'DONNA', 75, 0, 'Yes', '', '09, 22, 72, 87, 89, 90, 94, 98'),
(93, '2016-11-06', 'PIT-OS', 'RESIDENTIAL', 'OC', '160', '08:00 AM', '08:15 AM', '98', 90, 0, 'No', '', ''),
(94, '2016-11-07', 'INAYAWAN, PARDO', '1 HOUSE ONLY', 'OC', '160', '05:05 PM', '05:10 PM', '94', 90, 0, 'No', '', ''),
(95, '2016-11-10', 'EL FILIBUSTERISMO, ERMITA', 'WORKING FIRE', 'DIRECT CALLER', '', '12:10 AM', '12:20 AM', '97', 90, 0, 'Yes', '63', '22, 98'),
(96, '2016-11-10', 'HERNAN CORTES, MANDAUE CITY', 'RESIDENTIAL /  1 HOUSE INVOLVED', 'THRU RDO 27', '', '09:13 AM', '09:18 AM', 'DONNA', 94, 0, 'Yes', '40, 75, 09', ''),
(97, '2016-11-11', 'SM SEASIDE, IN FRONT PEDRO CALUNGSOD CHAPEL', 'BUNK HOUSE', 'OC', '', '04:05 PM', '04:17 PM', 'DONNA', 0, 0, 'No', '', ''),
(98, '2016-11-15', 'KALUNASAN, OPRA', 'RESIDENTIAL /  1 HOUSE INVOLVED', 'FELIX', '5139132', '12:30 PM', '12:45 PM', 'DONNA', 94, 0, 'Yes', '72, 75, 27', '90, 62'),
(99, '2016-11-21', 'SAWANG - FISH PORT, PASIL', 'GENERAL ALARM / RESIDENTIAL', 'OC', '160', '11:27 AM', '12:04 PM', 'DONNA', 48, 23500, 'Yes', '82, 42', '09'),
(100, '2017-03-03', 'HOUSING CANDUMAN, MANDAUE CITY', 'RESIDENTIAL', 'JENNIFER ALFAR', '', '09:28 AM', '09:54 AM', 'DONNA', 77, 16, 'Yes', '75, 97 AT FS', '98'),
(101, '2017-03-02', 'VILLA VILL SUBD. LABANGON', 'SMOKE ALARM / APARTMENT ', 'OC', '160', '02:00 PM', '02:12 PM', 'MICHELLE', 0, 0, 'No', '', ''),
(102, '2017-03-02', 'BELGIUM ST., SAN NICOLAS CEBU CITY', 'NON-WORKING FIRE', 'OC', '160', '08:25 AM', '08:27 AM', 'DONNA', 0, 0, 'No', '', ''),
(103, '2017-03-01', 'A. LOPEZ ST., LABANGON', 'NON-WORKING FIRE', 'OC', '160', '10:00 AM', '10:05 AM', 'DONNA', 72, 0, 'Yes', '', ''),
(104, '2017-02-25', 'ACT INFRONT EMALL', 'NON-WORKING FIRE', 'OC', '160', '12:24 PM', '12:35 PM', 'MICHELLE', 0, 0, 'No', '', ''),
(105, '2017-02-23', 'ALCANTARA PRIVATE, SAMBAG I (SAN CARLOS GIRLS HIGH)', '1 APARTMENT ', 'ALEXANDER', '', '02:28 PM', '03:00 PM', 'MICHELLE', 48, 16, 'Yes', '09, 22 AT BASE', '18, 30, 62, 77, 87'),
(106, '2017-02-21', 'NICHOL''S HEIGHT, GUADALUPE CEBU CITY', 'RESIDENTIAL / WORKING FIRE', 'CELIA MODENAD', '2385237', '12:03 PM', '12:17 PM', 'DONNA & 45', 94, 12, 'Yes', '62 AT BASE', '09'),
(107, '2017-02-20', 'SISON TAGUNOL, PARDO FRONT WTG', 'RESIDENTIAL / WORKING FIRE', 'OC', '160', '07:53 PM', '08:13 PM', 'MICHELLE', 30, 0, 'Yes', '', '22, 95, 96, 55, 45, 86'),
(108, '2017-02-20', 'TISA LABANGON, SITIO SANTO ROSARIO BANAWA', 'WORKING FIRE / 3RD ALARM', 'OC', '160', '12:37 AM', '02:40 AM', '86', 45, 58, 'Yes', '', ''),
(109, '2017-01-15', 'HIGHWAY CORTES, MANDAUE', 'DAUB', 'JELY BARIDA', '5170756', '05:23 PM', '05:31 PM', 'MICHELLE', 0, 0, 'No', '', '90, 97'),
(110, '2017-01-13', 'BABAG 2 LAPU-LAPU CITY, PUROK BEAUTY IN THE SKY', 'RESIDENTIAL', 'OC', '160', '08:19 PM', '08:24 PM', 'MICHELLE', 0, 0, 'No', '', '30, 83, 84, 94'),
(111, '2017-02-13', 'GREEN FIELDS SUBD. MANDAUE HERNAN CORTES', 'RESIDENTIAL', 'OC', '160', '03:59 PM', '04:13 PM', 'MICHELLE', 0, 0, 'No', '22, 95, 97, 98 AT BASE; 40, 72, 75 AT FS', '86'),
(112, '2017-02-11', 'SITIO MORAN, HILLSVIEW VILLAGE, TISA LABANGON', 'WORKING FIRE', 'OC', '160', '02:42 AM', '03:01 AM', '94', 92, 0, 'Yes', '', ''),
(113, '2017-02-10', 'UMAPAD MANDAUE CITY', 'RUBBISH FIRE', 'OC', '160', '10:00 AM', '10:10 AM', 'DONNA', 0, 0, 'Yes', '', '91'),
(114, '2017-02-07', 'CITY TIMES SQUARE, MANDAUE CITY', 'NON-WORKING FIRE / KONCHING KITCHEN', 'D1', '', '05:40 PM', '05:45 PM', 'MICHELLE', 0, 0, 'No', '', ''),
(115, '2017-02-08', 'SUSANA CMPD., BANAWA', 'RESIDENTIAL / NON WORKING FIRE', 'OC', '160', '08:28 PM', '08:34 PM', 'MICHELLE', 0, 0, 'No', '', ''),
(116, '2017-05-05', 'A. LOPEZ ST., LABANGON', 'NON-WORKING FIRE', 'OC', '160', '04:48 PM', '04:53 PM', 'DONNA', 0, 0, 'No', '', ''),
(117, '2017-02-04', 'DULJO FATIMA, CEBU CITY', 'NON-WORKING FIRE', 'OC', '160', '07:28 PM', '07:31 PM', 'MICHELLE', 0, 0, 'No', '', ''),
(118, '2017-02-02', 'CARRIETA VILLAGE, BRGY. PUNTA PRINCESA BUHISAN RD.', 'RESIDENTIAL ', 'OC', '160', '07:16 PM', '07:20 PM', 'MICHELLE', 0, 0, 'No', '', ''),
(119, '2017-01-31', 'FATIMA C. PADILLA FRONT OF SALAZAR', 'BUILDING ', 'OC', '160', '06:05 PM', '06:13 PM', 'MCHELLE', 0, 0, 'No', '', ''),
(120, '2017-01-30', 'GONZALES CMPD., KAMPUTHAW CEBU CITY', 'RESIDENTIAL', 'OC', '160', '10:55 PM', '11:15 PM', '97', 83, 40, 'Yes', '30, 84, 91 AT BASE', ''),
(121, '2017-01-30', 'TANKE TALISAY', 'NON-WORKING FIRE', 'OC', '160', '06:24 PM', '06:31 PM', 'MICHELLE', 0, 0, 'No', '', ''),
(122, '2017-01-30', 'KAMAGONG ST., PARKLANE AREA, LAPU-LAPU', '2 STOREY', 'OC', '160', '02:54 PM', '03:00 PM', 'MICHELLE', 0, 0, 'No', '', ''),
(123, '2017-01-28', 'F. GONZALES, CARBON', 'SMOKE ALARM / RUBBISH FIRE', 'OC', '160', '02:54 PM', '02:57 PM', 'MICHELLE', 0, 0, 'No', '', ''),
(124, '2017-01-27', 'ESKINA HOUSING CANDUMAN, MANDAUE CITY', 'JUNKSHOP', 'DAISYREY', '2349999', '02:25 PM', '02:44 PM', 'MICHELLE', 94, 0, 'Yes', '72 AT FS', '22, 27, 30, 62, 75'),
(125, '2017-01-26', 'SITIO BLACKPOT, DULJO FATIMA CEBU CITY', 'NON-WORKING FIRE', 'OC', '160', '07:12 PM', '07:13 PM', 'MICHELLE', 0, 0, 'No', '', ''),
(126, '2017-01-25', 'PIER 1', 'TIRE OF TUGBOAT', 'OC', '160', '05:40 PM', '05:44 PM', 'MICHELLE', 0, 0, 'No', '', '83, 92, 94'),
(127, '2017-01-25', 'KPE FOODLAND, BANILAD', 'AIRCON ', 'JOJO YAP', '5137700', '02:24 PM', '02:33 PM', 'MICHELLE', 0, 0, 'No', '', '94'),
(128, '2017-01-17', 'BRGY. KALUNASAN CEBU CITY', 'I HOUSE', 'OC', '160', '08:45 AM', '09:01 AM', 'DONNA', 0, 0, 'No', '', ''),
(129, '2017-01-16', 'INFRONT OF SAN NICOLAS SCHOOL, CARLOCK', 'WORKING FIRE', 'OC', '160', '09:05 PM', '09:15 PM', 'MICHELLE', 0, 0, 'No', '80 AT BASE', '83, 86, 90, 92, '),
(130, '2017-01-15', 'MABOLO CEBU CITY', 'NON-WORKING FIRE', 'OC', '160', '10:59 AM', '11:05 AM', 'MICHELLE', 0, 0, 'No', '', ''),
(131, '2017-01-08', 'S. CABAHUG CORNER ST. SENO, MABOLO', '1 HOUSE', 'OC', '160', '04:39 PM', '04:45 PM', 'DONNA', 0, 0, 'No', '', ''),
(132, '2017-01-06', 'CALAMBA V. RAMA', 'SMOKE ALARM', 'OC', '160', '09:32 PM', '09:40 PM', 'DONNA', 0, 0, 'No', '', ''),
(133, '2017-01-06', 'JUANA OSMEA ST., EXTN. AVILA CMPD.', 'NON-WORKING FIRE', 'OC', '160', '04:52 PM', '04:57 PM', 'DONNA', 0, 0, 'No', '', ''),
(134, '2017-01-06', 'PASEO SAN RAMON, BANAWA', 'DAUB', '75', '', '03:09 PM', '03:13 PM', 'DONNA', 0, 0, 'No', '75 AT FS', ''),
(135, '2017-01-04', 'KOBAKO PACIFIC MALL, MANDAUE CITY', 'NON-WORKING FIRE', '09', '', '02:53 AM', '02:56 AM', 'R1', 0, 0, 'No', '', ''),
(136, '2017-01-01', 'GUIZO MANDAUE CITY', 'GENERAL ALARM ', 'DIRECT CALLER', '', '12:45 AM', '02:02 AM', '86', 9, 60, 'Yes', '', ''),
(137, '2017-01-01', 'KOBAKO PACIFIC MALL, MANDAUE CITY', 'NON-WORKING FIRE', '09', '', '02:53 AM', '02:56 AM', 'R1', 0, 0, 'No', '', ''),
(138, '2017-01-01', 'LOOC MANDAUE CITY', 'WORKING FIRE', 'DIRECT CALLER', '', '12:45 AM', '02:20 AM', 'R1', 9, 2, 'Yes', '', ''),
(139, '2017-05-25', 'SAMBAG 1 ', 'NON-WORKING FIRE', 'OC', '160', '07:36 PM', '07:41 PM', '42', 0, 0, 'No', '', ''),
(140, '2017-05-31', 'TISA HILLS, TISA', 'NON-WORKING FIRE / STOCK FILE, WOOD', 'OC', '160', '03:56 PM', '04:00 PM', 'DONNA', 0, 0, 'No', '', ''),
(141, '2017-06-01', 'TRES BORCES, MABOLO', 'WORKING FIRE', 'OC', '160', '12:20 AM', '12:24 AM', '92', 90, 0, 'No', '', '72, 88, 90, 92, 94, D2, '),
(142, '2017-06-01', 'HOLY FAMILY ROAD, BUSAY', 'WORKING FIRE / 1 HOUSE', 'OC', '160', '11:08 PM', '11:21 PM', '83', 89, 0, 'Yes', '', ' '),
(143, '2017-06-01', 'PARKLANE', 'SMOKE ALARM / FIREDRILL', 'OC', '160', '12:20 AM', '12:24 AM', 'MICHELLE', 0, 0, 'No', '', ''),
(144, '2017-06-02', 'BASAK, LAPU-LAPU CITY', 'RESIDENTIAL', 'KRIS AQUINO', '09223260720', '10:35 AM', '11:09 AM', 'DONNA', 40, 14, 'Yes', '', '18, 22'),
(145, '2017-06-02', 'ROSALINA VILLAGE BANAWA', '2 STOREY COMMERCIAL BUILDING', '86', '09323513310', '06:17 PM', '06:50 PM', 'MICHELLE', 55, 0, 'Yes', 'FS: 72', '22, 27');

-- --------------------------------------------------------

--
-- Table structure for table `meeting`
--

DROP TABLE IF EXISTS `meeting`;
CREATE TABLE IF NOT EXISTS `meeting` (
  `id` bigint(20) NOT NULL AUTO_INCREMENT,
  `date_of_meeting` date NOT NULL,
  `activity` text NOT NULL,
  `venue` text NOT NULL,
  `oic` varchar(10) NOT NULL,
  `remarks` text NOT NULL,
  `recorder` varchar(10) NOT NULL,
  `approved_by` varchar(10) DEFAULT NULL,
  `sent` tinyint(1) DEFAULT '0',
  `replied` tinyint(1) DEFAULT '0',
  PRIMARY KEY (`id`)
) ENGINE=InnoDB  DEFAULT CHARSET=utf8 AUTO_INCREMENT=24 ;

--
-- Dumping data for table `meeting`
--

INSERT INTO `meeting` (`id`, `date_of_meeting`, `activity`, `venue`, `oic`, `remarks`, `recorder`, `approved_by`, `sent`, `replied`) VALUES
(9, '2016-10-27', 'GM Meeting', 'Bravo', '48', 'GM Meeting', '93', NULL, 0, 0),
(10, '2016-09-29', 'GM Meeting', 'Bravo', '30', 'GM MEETING', '98', NULL, 0, 0),
(11, '2016-08-25', 'GM MEETING', 'Bravo', '48', 'GM MEETING', '83', NULL, 0, 0),
(12, '2016-07-28', 'GM MEETING', 'BRAVO', '48', 'GM MEETING', '93', NULL, 0, 0),
(13, '2016-06-30', 'GM MEETING', 'BRAVO', '09', 'GM MEETING', '93', NULL, 0, 0),
(14, '2016-04-28', 'GM MEETING', 'BRAVO', '48', 'GM MEETING', '93', NULL, 0, 0),
(15, '2016-03-31', 'GM MEETING', 'BRAVO', '48', 'GM MEETING', '48', NULL, 0, 0),
(16, '2016-02-25', 'GM MEETING', 'BRAVO', '48', 'GM MEETING', '93', NULL, 0, 0),
(17, '2015-11-26', 'GM MEETING', 'BRAVO', '48', 'gm meeting', '94', NULL, 0, 0),
(18, '2017-05-25', 'GM MEETING', 'BRAVO', '09', 'N/A', '91', NULL, 0, 0),
(20, '2017-03-30', 'GM MEETING', 'BRAVO', '09', 'SEE SEPARATE MINUTES OF THE MEETING', '84', NULL, 0, 0),
(21, '2017-03-16', 'GM MEETING', 'BRAVO', '48', '48 EXPLAIN', '96', NULL, 0, 0),
(22, '2017-01-26', 'GM MEETING', 'BRAVO', '48', 'N/A', '98', NULL, 0, 0),
(23, '2017-04-27', 'GM MEETING', 'BRAVO', '09', 'N/A', '84', NULL, 0, 0);

-- --------------------------------------------------------

--
-- Table structure for table `meeting_attendance`
--

DROP TABLE IF EXISTS `meeting_attendance`;
CREATE TABLE IF NOT EXISTS `meeting_attendance` (
  `meeting_id` bigint(20) NOT NULL,
  `unit` varchar(10) NOT NULL,
  `attendance_date` date NOT NULL,
  KEY `training` (`meeting_id`)
) ENGINE=InnoDB DEFAULT CHARSET=utf8;

--
-- Dumping data for table `meeting_attendance`
--

INSERT INTO `meeting_attendance` (`meeting_id`, `unit`, `attendance_date`) VALUES
(9, '09', '2016-10-27'),
(9, '13', '2016-10-27'),
(9, '29', '2016-10-27'),
(9, '30', '2016-10-27'),
(9, '43', '2016-10-27'),
(9, '48', '2016-10-27'),
(9, '50', '2016-10-27'),
(9, '63', '2016-10-27'),
(9, '72', '2016-10-27'),
(9, '75', '2016-10-27'),
(9, '79', '2016-10-27'),
(9, '83', '2016-10-27'),
(9, '86', '2016-10-27'),
(9, '87', '2016-10-27'),
(9, '90', '2016-10-27'),
(9, '92', '2016-10-27'),
(9, '93', '2016-10-27'),
(9, '94', '2016-10-27'),
(9, '97', '2016-10-27'),
(9, '42', '2016-10-27'),
(10, '27', '2016-09-29'),
(10, '29', '2016-09-29'),
(10, '30', '2016-09-29'),
(10, '38', '2016-09-29'),
(10, '40', '2016-09-29'),
(10, '43', '2016-09-29'),
(10, '45', '2016-09-29'),
(10, '63', '2016-09-29'),
(10, '75', '2016-09-29'),
(10, '80', '2016-09-29'),
(10, '85', '2016-09-29'),
(10, '88', '2016-09-29'),
(10, '90', '2016-09-29'),
(10, '91', '2016-09-29'),
(10, '94', '2016-09-29'),
(10, '96', '2016-09-29'),
(10, '98', '2016-09-29'),
(11, '09', '2016-08-25'),
(11, '22', '2016-08-25'),
(11, '27', '2016-08-25'),
(11, '29', '2016-08-25'),
(11, '30', '2016-08-25'),
(11, '38', '2016-08-25'),
(11, '40', '2016-08-25'),
(11, '45', '2016-08-25'),
(11, '63', '2016-08-25'),
(11, '75', '2016-08-25'),
(11, '80', '2016-08-25'),
(11, '83', '2016-08-25'),
(11, '87', '2016-08-25'),
(11, '88', '2016-08-25'),
(11, '89', '2016-08-25'),
(11, '90', '2016-08-25'),
(11, '92', '2016-08-25'),
(11, '94', '2016-08-25'),
(11, '48', '2016-08-25'),
(11, '97', '2016-08-25'),
(11, '98', '2016-08-25'),
(11, '82', '2016-08-25'),
(11, '42', '2016-08-25'),
(12, '09', '2016-07-28'),
(12, '13', '2016-07-28'),
(12, '22', '2016-07-28'),
(12, '48', '2016-07-28'),
(12, '55', '2016-07-28'),
(12, '63', '2016-07-28'),
(12, '80', '2016-07-28'),
(12, '83', '2016-07-28'),
(12, '85', '2016-07-28'),
(12, '88', '2016-07-28'),
(12, '92', '2016-07-28'),
(12, '93', '2016-07-28'),
(12, '94', '2016-07-28'),
(12, '97', '2016-07-28'),
(12, '90', '2016-07-28'),
(12, '98', '2016-07-28'),
(12, '87', '2016-07-28'),
(12, '29', '2016-07-28'),
(12, '75', '2016-07-28'),
(12, '82', '2016-07-28'),
(12, '40', '2016-07-28'),
(12, '45', '2016-07-28'),
(12, '86', '2016-07-28'),
(12, '95', '2016-07-28'),
(12, '42', '2016-07-28'),
(12, '50', '2016-07-28'),
(12, '38', '2016-07-28'),
(13, '09', '2016-06-30'),
(13, '13', '2016-06-30'),
(13, '22', '2016-06-30'),
(13, '30', '2016-06-30'),
(13, '38', '2016-06-30'),
(13, '43', '2016-06-30'),
(13, '45', '2016-06-30'),
(13, '50', '2016-06-30'),
(13, '55', '2016-06-30'),
(13, '56', '2016-06-30'),
(13, '63', '2016-06-30'),
(13, '77', '2016-06-30'),
(13, '80', '2016-06-30'),
(13, '85', '2016-06-30'),
(13, '86', '2016-06-30'),
(13, '87', '2016-06-30'),
(13, '88', '2016-06-30'),
(13, '89', '2016-06-30'),
(13, '90', '2016-06-30'),
(13, '92', '2016-06-30'),
(13, '93', '2016-06-30'),
(13, '94', '2016-06-30'),
(13, '96', '2016-06-30'),
(13, '42', '2016-06-30'),
(14, '09', '2016-04-28'),
(14, '13', '2016-04-28'),
(14, '22', '2016-04-28'),
(14, '29', '2016-04-28'),
(14, '35', '2016-04-28'),
(14, '42', '2016-04-28'),
(14, '43', '2016-04-28'),
(14, '45', '2016-04-28'),
(14, '48', '2016-04-28'),
(14, '50', '2016-04-28'),
(14, '56', '2016-04-28'),
(14, '63', '2016-04-28'),
(14, '72', '2016-04-28'),
(14, '75', '2016-04-28'),
(14, '80', '2016-04-28'),
(14, '83', '2016-04-28'),
(14, '85', '2016-04-28'),
(14, '86', '2016-04-28'),
(14, '87', '2016-04-28'),
(14, '88', '2016-04-28'),
(14, '90', '2016-04-28'),
(14, '91', '2016-04-28'),
(14, '92', '2016-04-28'),
(14, '93', '2016-04-28'),
(14, '94', '2016-04-28'),
(14, '96', '2016-04-28'),
(15, '48', '2016-03-31'),
(15, '30', '2016-03-31'),
(15, '09', '2016-03-31'),
(15, '29', '2016-03-31'),
(15, '35', '2016-03-31'),
(15, '38', '2016-03-31'),
(15, '40', '2016-03-31'),
(15, '42', '2016-03-31'),
(15, '43', '2016-03-31'),
(15, '45', '2016-03-31'),
(15, '50', '2016-03-31'),
(15, '55', '2016-03-31'),
(15, '72', '2016-03-31'),
(15, '80', '2016-03-31'),
(15, '83', '2016-03-31'),
(15, '85', '2016-03-31'),
(15, '86', '2016-03-31'),
(15, '87', '2016-03-31'),
(15, '88', '2016-03-31'),
(15, '89', '2016-03-31'),
(15, '90', '2016-03-31'),
(15, '91', '2016-03-31'),
(15, '92', '2016-03-31'),
(15, '94', '2016-03-31'),
(15, '95', '2016-03-31'),
(15, '22', '2016-03-31'),
(16, '09', '2016-02-25'),
(16, '13', '2016-02-25'),
(16, '22', '2016-02-25'),
(16, '29', '2016-02-25'),
(16, '30', '2016-02-25'),
(16, '35', '2016-02-25'),
(16, '42', '2016-02-25'),
(16, '45', '2016-02-25'),
(16, '56', '2016-02-25'),
(16, '38', '2016-02-25'),
(16, '72', '2016-02-25'),
(16, '75', '2016-02-25'),
(16, '84', '2016-02-25'),
(16, '85', '2016-02-25'),
(16, '86', '2016-02-25'),
(16, '87', '2016-02-25'),
(16, '88', '2016-02-25'),
(16, '89', '2016-02-25'),
(16, '91', '2016-02-25'),
(16, '92', '2016-02-25'),
(16, '93', '2016-02-25'),
(16, '94', '2016-02-25'),
(16, '95', '2016-02-25'),
(16, '96', '2016-02-25'),
(16, '77', '2016-02-25'),
(16, '48', '2016-02-25'),
(17, '48', '2015-11-26'),
(17, '30', '2015-11-26'),
(17, '09', '2015-11-26'),
(17, '13', '2015-11-26'),
(17, '22', '2015-11-26'),
(17, '29', '2015-11-26'),
(17, '35', '2015-11-26'),
(17, '38', '2015-11-26'),
(17, '42', '2015-11-26'),
(17, '55', '2015-11-26'),
(17, '63', '2015-11-26'),
(17, '72', '2015-11-26'),
(17, '79', '2015-11-26'),
(17, '80', '2015-11-26'),
(17, '83', '2015-11-26'),
(17, '85', '2015-11-26'),
(17, '86', '2015-11-26'),
(17, '87', '2015-11-26'),
(17, '88', '2015-11-26'),
(17, '90', '2015-11-26'),
(17, '92', '2015-11-26'),
(17, '94', '2015-11-26'),
(17, '95', '2015-11-26'),
(17, '96', '2015-11-26'),
(17, '91', '2015-11-26'),
(17, '75', '2015-11-26'),
(17, '40', '2015-11-26'),
(17, '84', '2015-11-26'),
(18, '09', '2017-05-25'),
(18, '13', '2017-05-25'),
(18, '22', '2017-05-25'),
(18, '29', '2017-05-25'),
(18, '30', '2017-05-25'),
(18, '38', '2017-05-25'),
(18, '40', '2017-05-25'),
(18, '42', '2017-05-25'),
(18, '43', '2017-05-25'),
(18, '50', '2017-05-25'),
(18, '55', '2017-05-25'),
(18, '56', '2017-05-25'),
(18, '63', '2017-05-25'),
(18, '72', '2017-05-25'),
(18, '75', '2017-05-25'),
(18, '80', '2017-05-25'),
(18, '83', '2017-05-25'),
(18, '84', '2017-05-25'),
(18, '86', '2017-05-25'),
(18, '87', '2017-05-25'),
(18, '88', '2017-05-25'),
(18, '89', '2017-05-25'),
(18, '90', '2017-05-25'),
(18, '91', '2017-05-25'),
(18, '92', '2017-05-25'),
(18, '94', '2017-05-25'),
(18, '95', '2017-05-25'),
(18, '96', '2017-05-25'),
(20, '09', '2017-03-30'),
(20, '30', '2017-03-30'),
(20, '13', '2017-03-30'),
(20, '22', '2017-03-30'),
(20, '29', '2017-03-30'),
(20, '38', '2017-03-30'),
(20, '40', '2017-03-30'),
(20, '42', '2017-03-30'),
(20, '43', '2017-03-30'),
(20, '45', '2017-03-30'),
(20, '50', '2017-03-30'),
(20, '55', '2017-03-30'),
(20, '56', '2017-03-30'),
(20, '72', '2017-03-30'),
(20, '75', '2017-03-30'),
(20, '80', '2017-03-30'),
(20, '82', '2017-03-30'),
(20, '84', '2017-03-30'),
(20, '87', '2017-03-30'),
(20, '88', '2017-03-30'),
(20, '89', '2017-03-30'),
(20, '90', '2017-03-30'),
(20, '91', '2017-03-30'),
(20, '92', '2017-03-30'),
(20, '94', '2017-03-30'),
(20, '95', '2017-03-30'),
(20, '96', '2017-03-30'),
(20, '97', '2017-03-30'),
(21, '48', '2017-03-16'),
(21, '09', '2017-03-16'),
(21, '30', '2017-03-16'),
(21, '13', '2017-03-16'),
(21, '22', '2017-03-16'),
(21, '29', '2017-03-16'),
(21, '38', '2017-03-16'),
(21, '42', '2017-03-16'),
(21, '43', '2017-03-16'),
(21, '45', '2017-03-16'),
(21, '50', '2017-03-16'),
(21, '56', '2017-03-16'),
(21, '63', '2017-03-16'),
(21, '72', '2017-03-16'),
(21, '75', '2017-03-16'),
(21, '77', '2017-03-16'),
(21, '80', '2017-03-16'),
(21, '84', '2017-03-16'),
(21, '85', '2017-03-16'),
(21, '86', '2017-03-16'),
(21, '87', '2017-03-16'),
(21, '88', '2017-03-16'),
(21, '89', '2017-03-16'),
(21, '90', '2017-03-16'),
(21, '92', '2017-03-16'),
(21, '94', '2017-03-16'),
(21, '95', '2017-03-16'),
(21, '96', '2017-03-16'),
(21, '98', '2017-03-16'),
(22, '48', '2017-01-26'),
(22, '09', '2017-01-26'),
(22, '30', '2017-01-26'),
(22, '22', '2017-01-26'),
(22, '29', '2017-01-26'),
(22, '38', '2017-01-26'),
(22, '40', '2017-01-26'),
(22, '42', '2017-01-26'),
(22, '43', '2017-01-26'),
(22, '45', '2017-01-26'),
(22, '50', '2017-01-26'),
(22, '55', '2017-01-26'),
(22, '56', '2017-01-26'),
(22, '72', '2017-01-26'),
(22, '75', '2017-01-26'),
(22, '80', '2017-01-26'),
(22, '83', '2017-01-26'),
(22, '84', '2017-01-26'),
(22, '86', '2017-01-26'),
(22, '87', '2017-01-26'),
(22, '88', '2017-01-26'),
(22, '89', '2017-01-26'),
(22, '90', '2017-01-26'),
(22, '92', '2017-01-26'),
(22, '94', '2017-01-26'),
(22, '95', '2017-01-26'),
(22, '98', '2017-01-26'),
(23, '09', '2017-04-27'),
(23, '30', '2017-04-27'),
(23, '13', '2017-04-27'),
(23, '22', '2017-04-27'),
(23, '29', '2017-04-27'),
(23, '38', '2017-04-27'),
(23, '40', '2017-04-27'),
(23, '42', '2017-04-27'),
(23, '43', '2017-04-27'),
(23, '45', '2017-04-27'),
(23, '50', '2017-04-27'),
(23, '55', '2017-04-27'),
(23, '56', '2017-04-27'),
(23, '63', '2017-04-27'),
(23, '72', '2017-04-27'),
(23, '80', '2017-04-27'),
(23, '83', '2017-04-27'),
(23, '84', '2017-04-27'),
(23, '86', '2017-04-27'),
(23, '87', '2017-04-27'),
(23, '88', '2017-04-27'),
(23, '89', '2017-04-27'),
(23, '90', '2017-04-27'),
(23, '92', '2017-04-27'),
(23, '94', '2017-04-27'),
(23, '95', '2017-04-27');

-- --------------------------------------------------------

--
-- Table structure for table `personnel`
--

DROP TABLE IF EXISTS `personnel`;
CREATE TABLE IF NOT EXISTS `personnel` (
  `id` int(11) NOT NULL AUTO_INCREMENT,
  `first_name` varchar(100) NOT NULL,
  `last_name` varchar(100) NOT NULL,
  `unit` varchar(10) NOT NULL,
  `status` varchar(10) NOT NULL,
  PRIMARY KEY (`id`),
  KEY `index_unit` (`unit`),
  KEY `unit` (`unit`),
  KEY `unit_2` (`unit`)
) ENGINE=InnoDB  DEFAULT CHARSET=utf8 AUTO_INCREMENT=52 ;

--
-- Dumping data for table `personnel`
--

INSERT INTO `personnel` (`id`, `first_name`, `last_name`, `unit`, `status`) VALUES
(4, 'Cesar', 'Tiu', '13', 'active'),
(5, 'Johnny', 'Chik', '18', 'active'),
(6, 'Tirso', 'Aberia', '22', 'active'),
(7, 'Alexander', 'Sia', '27', 'active'),
(8, 'Mark Anthony', 'Raola', '29', 'active'),
(9, 'Ronnie', 'Gocuan', '30', 'active'),
(10, 'Maxwell', 'Ahyong', '35', 'inactive'),
(11, 'Jason', 'Dy', '38', 'active'),
(12, 'Micheal', 'Dy', '40', 'active'),
(13, 'Joubert', 'Lim', '42', 'active'),
(14, 'Alfred', 'Chu', '43', 'active'),
(15, 'Philip', 'Po', '45', 'active'),
(16, 'Wilton', 'Uykingtian', '48', 'active'),
(17, 'Leonardo', 'Angeles Jr.', '50', 'active'),
(18, 'Dick Nathan', 'Co', '55', 'active'),
(19, 'Roberto', 'Labadan', '56', 'active'),
(20, 'Benjamin', 'Go', '62', 'active'),
(21, 'Bronson', 'Pea', '63', 'active'),
(22, 'Jepher', 'Racuya', '68', 'active'),
(23, 'Dennis', 'Cuenco', '72', 'active'),
(24, 'Micheal', 'Tan', '75', 'active'),
(25, 'Kimhe', 'Chan', '77', 'active'),
(26, 'Jeffrey', 'So', '79', 'active'),
(27, 'Alexander', 'Tanchan', '80', 'active'),
(28, 'Mark', 'Uy', '82', 'active'),
(29, 'Neil', 'Tan', '83', 'active'),
(30, 'Russel', 'Gocuan', '84', 'active'),
(31, 'Frey Angelo', 'Blanco', '85', 'active'),
(32, 'Joseph', 'Baluyos', '86', 'active'),
(33, 'Micheal', 'Lim', '87', 'active'),
(34, 'Louie', 'Aberia', '88', 'active'),
(35, 'Alex', 'Acusar', '89', 'active'),
(36, 'Erwin', 'Batucan', '90', 'active'),
(37, 'Phoenix Mckenzie', 'Gocuan', '91', 'active'),
(38, 'Ace Mark', 'Lao', '92', 'active'),
(39, 'Charles Kevin', 'Lim', '93', 'active'),
(40, 'Jeremy', 'Ling', '94', 'active'),
(41, 'Jonathan', 'Suarez', '95', 'active'),
(42, 'Jacob', 'Tanco', '96', 'active'),
(43, 'Rey', 'Tacder', '97', 'active'),
(44, 'Justin', 'Tieng', '98', 'active'),
(46, 'Leonardo', 'Sylianco Jr.', '09', 'active'),
(47, 'Rey', 'Marco', 'R1', 'active'),
(48, 'Bebot', 'Marco', 'R2', 'active'),
(49, 'Rodel', 'Naval', 'R3', 'active'),
(50, 'Terencio', 'Linamas', 'D1', 'active'),
(51, 'Casiano', 'Belicario Jr.', 'D2', 'active');

-- --------------------------------------------------------

--
-- Table structure for table `personnel_class`
--

DROP TABLE IF EXISTS `personnel_class`;
CREATE TABLE IF NOT EXISTS `personnel_class` (
  `id` int(11) NOT NULL AUTO_INCREMENT,
  `name` varchar(10) DEFAULT NULL,
  `description` text NOT NULL,
  `status` int(11) NOT NULL,
  PRIMARY KEY (`id`)
) ENGINE=InnoDB DEFAULT CHARSET=utf8 AUTO_INCREMENT=1 ;

-- --------------------------------------------------------

--
-- Table structure for table `rank`
--

DROP TABLE IF EXISTS `rank`;
CREATE TABLE IF NOT EXISTS `rank` (
  `id` int(11) NOT NULL AUTO_INCREMENT,
  `name` varchar(11) DEFAULT NULL,
  `status` varchar(11) DEFAULT NULL,
  PRIMARY KEY (`id`)
) ENGINE=InnoDB  DEFAULT CHARSET=utf8 AUTO_INCREMENT=3 ;

--
-- Dumping data for table `rank`
--

INSERT INTO `rank` (`id`, `name`, `status`) VALUES
(1, 'FTO', 'active'),
(2, 'Firefighter', 'active');

-- --------------------------------------------------------

--
-- Table structure for table `special_activity`
--

DROP TABLE IF EXISTS `special_activity`;
CREATE TABLE IF NOT EXISTS `special_activity` (
  `id` bigint(20) NOT NULL AUTO_INCREMENT,
  `date_of_special` date NOT NULL,
  `activity` text NOT NULL,
  `venue` text NOT NULL,
  `oic` varchar(10) NOT NULL,
  `remarks` text NOT NULL,
  `recorder` varchar(10) NOT NULL,
  `approved_by` varchar(10) DEFAULT NULL,
  `sent` tinyint(1) DEFAULT '0',
  `replied` tinyint(1) DEFAULT '0',
  PRIMARY KEY (`id`)
) ENGINE=InnoDB  DEFAULT CHARSET=utf8 AUTO_INCREMENT=59 ;

--
-- Dumping data for table `special_activity`
--

INSERT INTO `special_activity` (`id`, `date_of_special`, `activity`, `venue`, `oic`, `remarks`, `recorder`, `approved_by`, `sent`, `replied`) VALUES
(4, '2017-05-11', 'LNTB at Sacred heart School', 'Sacred heart AVR', '30', 'lntb', '91', '30', 0, 0),
(5, '2016-10-25', 'CHONG HUA HOSPITAL FIRE DRILL', 'CHONG HUA HOSPITAL', '48', 'FIRE DRILL', '94', NULL, 0, 0),
(6, '2016-10-23', 'ROTARY WEST CLUB PICTORIAL', 'CMAC 1 PARKING ARE', '48', 'PICTORIAL ROTARY WEST CLUB', '94', NULL, 0, 0),
(7, '2016-10-23', 'LESLIE LEE BURIAL', 'MANILA MEMORIAL PLAZA', '48', 'BURIAL OF UNIT 49', '94', NULL, 0, 0),
(8, '2016-09-05', 'PICK UP TANKER TRUCK 20 TONS WOHO', 'PIER TO CHONG HUA MANDAUE', '09', 'PICK UP TANKER TRUCK 20 TONS WOHO', '90', NULL, 0, 0),
(9, '2016-08-22', 'BURIAL OF DON ESTEBAN GOSINGKING', 'BENEVOLA GARDEN', '48', 'BURIAL OF DON ESTEBAN GOSINGKING', '94', NULL, 0, 0),
(10, '2016-08-21', 'FLOWER OFFERING CEREMONY TO GOSINGKING', 'CRYSTAL JADE PALACE, LAHUG', '48', 'FLOWER OFFERING CEREMONY TO DON ESTEBAN GOSINGKING''S WAKE', '94', NULL, 0, 0),
(11, '2016-07-26', 'EARTHQUAKE DRILL @ CHONG HUA HOSPITAL', 'CHONG HUA HOSPITAL', '43', 'EARTHQUAKE DRILL AT CHONG HUA HOSPITAL CEBU', '94', NULL, 0, 0),
(12, '2016-07-09', 'LNTB Mrs. vivien Go''s twin birthday celebration', 'Victoriano''s Residence', '83', 'LNTB on Mrs. Vivien Go''s twin''s birthday', '94', NULL, 0, 0),
(13, '2016-05-01', 'SUMMER BEACH OUTING', 'BRAVO', '48', 'SUMMER OUTING', '97', NULL, 0, 0),
(14, '2016-03-09', 'BURIAL', 'ST PETER TO MANILA MEMORIAL LILOAN', '48', 'BURIAL?', '94', NULL, 0, 0),
(15, '2016-03-05', 'STATION VISIT', 'CHERISH GYM', '30', 'STATION VISIT', '94', NULL, 0, 0),
(16, '2016-03-03', 'STATIONN VISIT BY CEBU LEARNING CENTER SCHOOL', 'FB GROUNDS', '30', 'STATION VISITS BY CEBU LEARNING CENTER STUDENTS, FACULTY AND PARENTS', '94', NULL, 0, 0),
(17, '2016-02-29', 'FIRE PREVENTION MONTH WALK', 'OC N. BACALSO', '48', 'FIRE PREVENTION MONTH WALK', '94', NULL, 0, 0),
(18, '2016-02-29', 'FIRE PREVENTION MONTH WALK', 'FLORIAN / FUENTE', '09', 'FIRE PREVENTION MONTH WALK FROM FLORIAN @ 530AM TO KICK OFF THE FIRE PREVENTION MONTH ACTIVITIES', '84', NULL, 0, 0),
(19, '2016-02-18', 'INAUGURATION OF CHH MANDAUE', 'CHH MANDAUE', '48', 'CHONG HUA HOSPITAL MANDAUE INAUGURATION DAY', '94', NULL, 0, 0),
(20, '2016-02-04', 'LNTB BRIDGING HOMES', 'BRAVO', '48', 'BRIDGING HOMES LEARNING CENTER HAD AN EDUCATIONAL TOUR AT CFCVFB, INC.', '94', NULL, 0, 0),
(21, '2016-01-17', 'SINULOG DAY', 'BRAVO / ABELLANA', '30', 'SINULOG DAY', '30', NULL, 0, 0),
(22, '2015-12-11', 'STATION VISIT BY SHS-HIJAS DE JESUS', 'CEBU CHERISH GYM / FB', '30', 'FIRE STATION VISIT OF SHS0HIJAS DE JESUS GRADE 2 STUDENTS TO FB. DISCUSSED WITH THEM FIRE SAFETY TIPS, E.G. STOP DROP AND ROLL TECHNIQUE, CRAWL LOW UNDER SMOKE, PUTTING OFF CHRISTMAS LIGHTS WHEN GOING TO SLEEP. DISCUSSED FIREMAN''S APPAREL & EQUIPMENT. LET THEM HOLD THE FIRE HOSE W/ PRESSURE TO KNOCK DOWN TARGETS.', '94', NULL, 0, 0),
(23, '2015-11-27', 'FIRE DRILL CHONG HUA HOSPITAL', 'CHONG HUA HOSPITAL', '30', 'E22 (1ST RESPONDING ENGINE) VOLUNTEERS LAID DOWN 1 LINE 4 LENTHS OF 1.5" HOSES SUPPORTED BY USE OF NEGATIVE VENTILATION FAN TO SUCK OUT THE SMOKE. E19 LAID DOWN FEEDING LINE TO BACKUP E22', '30', NULL, 0, 0),
(24, '2015-11-24', 'FIRE DRILL AT CEBU CHERISH SCHOOL', 'CEBU CHERISH SCHOOL', '30', 'CCS FIRE DRILL', '94', NULL, 0, 0),
(25, '2017-05-27', 'BFP MASS ', 'ST. FLORIAN CHAPEL- BFP', '09', 'BFP MASS FOR ST. FLORIAN FIESTA AT BFP PAHINA STATION.', 'DONNA', NULL, 0, 0),
(27, '2017-04-04', 'DUTY BOYS MEETING', 'BRAVO', '09', 'DUTY BOYS MEETING', 'RT-97', NULL, 0, 0),
(28, '2017-03-01', 'FIRE PREVENTION MONTH', 'CEBU CITY', '13', 'REGIONAL WALK FOR FIRE FREE AND SAFE NATION, 5AM.', 'DONNA', NULL, 0, 0),
(29, '2017-03-01', 'FIRE PREVENTION MONTH, MOTORCADE', 'CEBU CITY', '13', 'MOTORCADE @ 10AM.', 'DONNA', NULL, 0, 0),
(30, '2017-03-17', 'LNTB', 'FB', '94', 'CAMBRIDGE SCHOOL LNTB & STATION VISIT.', '84', NULL, 0, 0),
(31, '2017-03-25', 'STATION VISIT', 'FB', '94', 'STATION VISITS FROM CEBU GOSPEL WITH 7 KIDS & 4 ADULTS.\r\n(CHRISTIAN FELLOWSHIP OF CEBU GOSPEL CHURCH) ', '94', NULL, 0, 0),
(32, '2017-03-25', 'LNTB', 'CIM AMPHITHEATER', '30', 'DISASTER AWARENESS: FIRE EMERGENCY SEMINAR CONDUCTED AT CEBU INSTITUTE OF MEDICINE (CIM) \r\n-09 AS OBSERVER.', '94', NULL, 0, 0),
(33, '2017-02-07', 'CHINESE MEDICAL MISSION, 8AM-12PM', 'CMAC 2- 4TH FLOOR', '48', 'THIRD DAY OF CHINESE MEDICAL MISSION', 'DONNA', NULL, 0, 0),
(34, '2017-02-07', 'CHINESE MEDICAL MISSION, 1PM-3PM', 'CMAC 2- 4TH FLOOR', '48', 'THIRD DAY OF CHINESE MEDICAL MISSION', 'DONNA', NULL, 0, 0),
(35, '2017-02-06', 'CHINESE MEDICAL MISSION, 9AM-12PM', 'CMAC 2- 4TH. FLOOR', '48', 'SECOND DAY OF CHINESE MEDICAL MISSION', 'DONNA', NULL, 0, 0),
(36, '2017-02-06', 'CHINESE MEDICAL MISSION, 2PM-5PM', 'CMAC 2- 4TH. FLOOR', '48', 'SECOND DAY OF CHINESE MEDICAL MISSION', 'DONNA', NULL, 0, 0),
(37, '2017-02-05', 'CHINESE MEDICAL MISSION, 8AM-12PM', 'CMAC 2- 4TH. FLOOR ', '48', 'FIRST DAY OF CHINESE MEDICAL MISSION', 'DONNA', NULL, 0, 0),
(38, '2017-02-05', 'CHINESE MEDICAL MISSION, 1PM-5PM', 'CMAC 2- 4TH FLOOR', '48', 'FIRST DAY OF CHINESE MEDICAL MISSION', 'DONNA', NULL, 0, 0),
(39, '2017-02-03', 'STATION VISIT', 'PAHINA CENTRAL & AT BASE', '48', 'STATION VISIT AT PAHINA CENTRAL AND AT BASE', 'MICHELLE', NULL, 0, 0),
(40, '2017-02-07', 'OFFICIAL VISIT ', 'COSMO LAHUG', '09', 'OFFICIAL VISIT OF 83''s GRANDFATHER (CHUA BON PHAY) @ COSMO LAHUG.\r\n(LAST VIGIL NIGHT)', 'MICHELLE', NULL, 0, 0),
(41, '2017-02-08', 'CREMATION & BURIAL ', 'COSMO LAHUG, C.C', '13', 'CREMATION & BURIAL OF 83''s GRANDFATHER (CHUA BON PHAY).', 'DONNA', NULL, 0, 0),
(42, '2017-02-10', 'LNTB & STATION VISIT', 'CEBU CHERISH GYM', '48', 'ABBA''S ORCHARD SCHOOL STATION VISIT AND LEARN NOT TO BURN PROGRAM', 'DONNA', NULL, 0, 0),
(43, '2017-02-14', 'CHINESE CULTURAL FESTIVAL', 'SM CITY CINEMA 1', '09', 'ASSIST AT ENTRANCE AND ETC., IN COORDINATION WITH FIL- CHI UNITED COMMUNITY', '98', NULL, 0, 0),
(44, '2017-02-19', 'LNTB', 'CHERISH GYM', '48', 'LNTB PROGRAM OF ROTARY WEST CLUB', 'MICHELLE', NULL, 0, 0),
(45, '2017-02-22', 'WAKE VISIT OF MR. LIM LEO LIU', 'OAKRIDGE', '09', 'FIRST NIGHT WAKE VISIT OF MR. LIM LEO LIU AT OAKRIDGE.', 'DONNA', NULL, 0, 0),
(46, '2017-02-23', '2ND. NIGHT WAKE VISIT OF  MR. LIM LEO LIU', 'OAKRIDGE PAVILION', '30', 'SECOND NIGHT WAKE VISIT OF MR. LIM LEO LIU AT OAKRIDGE PAVILION.', 'DONNA', NULL, 0, 0),
(47, '2017-02-24', '3RD. DAY WAKE VISIT OF MR. LIM LEO LIU', 'OAKRIDGE PAVILION', '30', 'THIRD DAY WAKE VISIT OF MR. LIM LEO LIU AT OAKRIDGE PAVILION.', '84', NULL, 0, 0),
(48, '2017-02-25', 'FINAL NIGHT WAKE VISIT OF MR. LIM LEO LIU', 'OAKRIDGE PAVILION', '48', 'FINAL WAKE VISIT AND FLOWER OFFER TO MR. LIM LEO LIU', '84', NULL, 0, 0),
(49, '2017-02-26', 'BURIAL OF MR. LIM LEO LIU', 'OAKRIDGE PAVILION / BENEVOLA GARDENS', '48', 'BURIAL OF MR. LEO LIM LIU AT BENEVOLA GARDENS CONSOLACION.', '84', NULL, 0, 0),
(50, '2017-01-24', 'EARTH QUAKE DRILL & FIRE DRILL', 'CEBU CHERISH SCHOOL', '83', 'EARTH QUAKE DRILL & FIRE DRILL AT CHERISH SCHOOL.', 'MICHELLE', NULL, 0, 0),
(51, '2017-01-26', 'STATION VISIT AND LNTB', 'CFCVFB STATION', '30', 'DISCOVERY CAMP VISITED OUR STATION & WE CONDUCTED LNTB ON ABOUT 15 KIDS WITH THEIR PARENTS.', '94', NULL, 0, 0),
(52, '2017-02-04', 'CHINESE DOCTORS & AMITY MEET AT AIRPORT', 'MACTAN AIRPORT', '48', 'MEET AT AIRPORT FROM 7PM TO 10PM.', 'DONNA', NULL, 0, 0),
(53, '2017-02-04', 'VISITORS (APVFB) SEND- OFF TO AIRPORT', 'MACTAN AIRPORT', '13', 'MORNING, SEND- OFF THE VISITORS (APVFB) TO MACTAN AIRPORT. ', 'DONNA', NULL, 0, 0),
(54, '2017-02-03', 'WELCOME THE VISITORS ', 'MACTAN AIRPORT', '48', 'VOLUNTEERS & MR. ENRICO ANG DE LEON WELCOME THE VISITORS AT MACTAN AIRPORT.', 'DONNA', NULL, 0, 0),
(55, '2016-12-16', 'WAKE VISIT OF 85''S FATHER', 'ST. PETER IMUS', '30', 'WAKE VISIT OF 85''S FATHER AT ST. PETER IMUS', 'DONNA', NULL, 0, 0),
(56, '2016-12-01', 'HIJAS DE JESUS STATION VISIT', 'BRAVO', '83', 'HIJAS DE JESUS, GRADE 2 PUPIL STATION VISIT AT BRAVO', 'MICHELLE', NULL, 0, 0),
(57, '2016-12-03', 'PARTY PRACTICE', 'BRAVO', '48', 'CHRISTMAS PARTY PRACTICE. ', '97', NULL, 0, 0),
(58, '2016-12-18', 'BURIAL OF 85''S FATHER', 'ST. PETER IMUS TO SANCTUARY MEMORIAL PLAZA, MINGLANILLA', '09', 'BURIAL OF 85''S FATHER FROM ST.PETER IMUS TO SANCTUARY MEMORIAL PLAZA, MINGLANILLA.', 'DONNA', NULL, 0, 0);

-- --------------------------------------------------------

--
-- Table structure for table `special_activity_attendance`
--

DROP TABLE IF EXISTS `special_activity_attendance`;
CREATE TABLE IF NOT EXISTS `special_activity_attendance` (
  `special_id` bigint(20) NOT NULL,
  `unit` varchar(10) NOT NULL,
  `attendance_date` date NOT NULL,
  KEY `training` (`special_id`)
) ENGINE=InnoDB DEFAULT CHARSET=utf8;

--
-- Dumping data for table `special_activity_attendance`
--

INSERT INTO `special_activity_attendance` (`special_id`, `unit`, `attendance_date`) VALUES
(4, '30', '2017-05-11'),
(4, '82', '2017-05-11'),
(4, '91', '2017-05-11'),
(4, '95', '2017-05-11'),
(4, '96', '2017-05-11'),
(5, '09', '2016-10-25'),
(5, '48', '2016-10-25'),
(5, '83', '2016-10-25'),
(5, '94', '2016-10-25'),
(5, '98', '2016-10-25'),
(5, 'D1', '2016-10-25'),
(5, 'D2', '2016-10-25'),
(5, 'R2', '2016-10-25'),
(5, 'R3', '2016-10-25'),
(6, '48', '2016-10-23'),
(6, '22', '2016-10-23'),
(6, '86', '2016-10-23'),
(6, '88', '2016-10-23'),
(6, 'D1', '2016-10-23'),
(6, 'R3', '2016-10-23'),
(7, '48', '2016-10-23'),
(7, '29', '2016-10-23'),
(7, '40', '2016-10-23'),
(7, '42', '2016-10-23'),
(7, '43', '2016-10-23'),
(7, '45', '2016-10-23'),
(7, '72', '2016-10-23'),
(8, '09', '2016-09-05'),
(8, '22', '2016-09-05'),
(8, '90', '2016-09-05'),
(8, 'D1', '2016-09-05'),
(8, '94', '2016-09-05'),
(9, '48', '2016-08-22'),
(9, '09', '2016-08-22'),
(9, '30', '2016-08-22'),
(9, '84', '2016-08-22'),
(9, '91', '2016-08-22'),
(9, '56', '2016-08-22'),
(9, '94', '2016-08-22'),
(9, '98', '2016-08-22'),
(9, '43', '2016-08-22'),
(9, '72', '2016-08-22'),
(10, '48', '2016-08-21'),
(10, '09', '2016-08-21'),
(10, '30', '2016-08-21'),
(10, '42', '2016-08-21'),
(10, '63', '2016-08-21'),
(10, '72', '2016-08-21'),
(10, '84', '2016-08-21'),
(10, '90', '2016-08-21'),
(10, '92', '2016-08-21'),
(10, '98', '2016-08-21'),
(11, '42', '2016-07-26'),
(11, '43', '2016-07-26'),
(11, '45', '2016-07-26'),
(11, 'D1', '2016-07-26'),
(11, 'D2', '2016-07-26'),
(11, 'R1', '2016-07-26'),
(11, 'R3', '2016-07-26'),
(12, '83', '2016-07-09'),
(12, '90', '2016-07-09'),
(12, '93', '2016-07-09'),
(12, '94', '2016-07-09'),
(12, '95', '2016-07-09'),
(12, '96', '2016-07-09'),
(12, 'D2', '2016-07-09'),
(12, 'D1', '2016-07-09'),
(13, '09', '2016-05-01'),
(13, '22', '2016-05-01'),
(13, '30', '2016-05-01'),
(13, '29', '2016-05-01'),
(13, '48', '2016-05-01'),
(13, '63', '2016-05-01'),
(13, '72', '2016-05-01'),
(13, '75', '2016-05-01'),
(13, '79', '2016-05-01'),
(13, '80', '2016-05-01'),
(13, '85', '2016-05-01'),
(13, '87', '2016-05-01'),
(13, '88', '2016-05-01'),
(13, '89', '2016-05-01'),
(13, '90', '2016-05-01'),
(13, '91', '2016-05-01'),
(13, '92', '2016-05-01'),
(13, '93', '2016-05-01'),
(13, '94', '2016-05-01'),
(13, '96', '2016-05-01'),
(13, '84', '2016-05-01'),
(13, '43', '2016-05-01'),
(13, '45', '2016-05-01'),
(13, 'D1', '2016-05-01'),
(13, '97', '2016-05-01'),
(14, '48', '2016-03-09'),
(14, '13', '2016-03-09'),
(14, '38', '2016-03-09'),
(14, '40', '2016-03-09'),
(14, '43', '2016-03-09'),
(14, '50', '2016-03-09'),
(14, '56', '2016-03-09'),
(14, '68', '2016-03-09'),
(14, '72', '2016-03-09'),
(14, '88', '2016-03-09'),
(14, '77', '2016-03-09'),
(14, 'D2', '2016-03-09'),
(14, 'R2', '2016-03-09'),
(15, '30', '2016-03-05'),
(15, '83', '2016-03-05'),
(15, '88', '2016-03-05'),
(15, '90', '2016-03-05'),
(15, '94', '2016-03-05'),
(15, '95', '2016-03-05'),
(15, '96', '2016-03-05'),
(15, 'D1', '2016-03-05'),
(15, 'R2', '2016-03-05'),
(16, '30', '2016-03-03'),
(16, '84', '2016-03-03'),
(16, '91', '2016-03-03'),
(16, 'D1', '2016-03-03'),
(17, '13', '2016-02-29'),
(17, '35', '2016-02-29'),
(17, '42', '2016-02-29'),
(17, '48', '2016-02-29'),
(17, '72', '2016-02-29'),
(17, '85', '2016-02-29'),
(17, '87', '2016-02-29'),
(17, '88', '2016-02-29'),
(17, '94', '2016-02-29'),
(17, 'D1', '2016-02-29'),
(17, 'R2', '2016-02-29'),
(18, '09', '2016-02-29'),
(18, '13', '2016-02-29'),
(18, '83', '2016-02-29'),
(18, '84', '2016-02-29'),
(18, '85', '2016-02-29'),
(18, '86', '2016-02-29'),
(18, '90', '2016-02-29'),
(18, '91', '2016-02-29'),
(18, '94', '2016-02-29'),
(18, '95', '2016-02-29'),
(19, '09', '2016-02-18'),
(19, '13', '2016-02-18'),
(19, '18', '2016-02-18'),
(19, '22', '2016-02-18'),
(19, '29', '2016-02-18'),
(19, '30', '2016-02-18'),
(19, '38', '2016-02-18'),
(19, '43', '2016-02-18'),
(19, '48', '2016-02-18'),
(19, '55', '2016-02-18'),
(19, '56', '2016-02-18'),
(19, '72', '2016-02-18'),
(19, '75', '2016-02-18'),
(19, '80', '2016-02-18'),
(19, '83', '2016-02-18'),
(19, '84', '2016-02-18'),
(19, '86', '2016-02-18'),
(19, '87', '2016-02-18'),
(19, '88', '2016-02-18'),
(19, '91', '2016-02-18'),
(19, '82', '2016-02-18'),
(19, 'D1', '2016-02-18'),
(19, 'R2', '2016-02-18'),
(20, '48', '2016-02-04'),
(20, '83', '2016-02-04'),
(20, '94', '2016-02-04'),
(20, 'D1', '2016-02-04'),
(21, '84', '2016-01-17'),
(21, '91', '2016-01-17'),
(21, '95', '2016-01-17'),
(21, 'D1', '2016-01-17'),
(21, 'D2', '2016-01-17'),
(21, '98', '2016-01-17'),
(21, 'R3', '2016-01-17'),
(21, '96', '2016-01-17'),
(21, '90', '2016-01-17'),
(21, '94', '2016-01-17'),
(22, '30', '2015-12-11'),
(22, '84', '2015-12-11'),
(22, '88', '2015-12-11'),
(22, '94', '2015-12-11'),
(22, 'D1', '2015-12-11'),
(22, 'R1', '2015-12-11'),
(23, '30', '2015-11-27'),
(23, '42', '2015-11-27'),
(23, '72', '2015-11-27'),
(23, '84', '2015-11-27'),
(23, '88', '2015-11-27'),
(23, '91', '2015-11-27'),
(23, '94', '2015-11-27'),
(23, 'R1', '2015-11-27'),
(23, 'D1', '2015-11-27'),
(23, 'D2', '2015-11-27'),
(24, '30', '2015-11-24'),
(24, '42', '2015-11-24'),
(24, '94', '2015-11-24'),
(24, 'R1', '2015-11-24'),
(24, 'D1', '2015-11-24'),
(25, '09', '2017-05-27'),
(25, '56', '2017-05-27'),
(25, '91', '2017-05-27'),
(25, '92', '2017-05-27'),
(27, '09', '2017-04-04'),
(27, '30', '2017-04-04'),
(27, '84', '2017-04-04'),
(27, '85', '2017-04-04'),
(27, '86', '2017-04-04'),
(27, '88', '2017-04-04'),
(27, '89', '2017-04-04'),
(27, '90', '2017-04-04'),
(27, '91', '2017-04-04'),
(27, '92', '2017-04-04'),
(27, '93', '2017-04-04'),
(27, '94', '2017-04-04'),
(27, '95', '2017-04-04'),
(27, '96', '2017-04-04'),
(27, '97', '2017-04-04'),
(28, '13', '2017-03-01'),
(28, '22', '2017-03-01'),
(28, '38', '2017-03-01'),
(28, '83', '2017-03-01'),
(28, '90', '2017-03-01'),
(28, '94', '2017-03-01'),
(29, '40', '2017-03-01'),
(29, '72', '2017-03-01'),
(29, 'D1', '2017-03-01'),
(29, 'R3', '2017-03-01'),
(30, '30', '2017-03-17'),
(30, '84', '2017-03-17'),
(30, '94', '2017-03-17'),
(30, '96', '2017-03-17'),
(30, 'D1', '2017-03-17'),
(30, 'R3', '2017-03-17'),
(31, '94', '2017-03-25'),
(31, '95', '2017-03-25'),
(31, '96', '2017-03-25'),
(31, 'D1', '2017-03-25'),
(31, 'R3', '2017-03-25'),
(32, '30', '2017-03-25'),
(32, '50', '2017-03-25'),
(32, '94', '2017-03-25'),
(32, '95', '2017-03-25'),
(32, '96', '2017-03-25'),
(33, '48', '2017-02-07'),
(33, '09', '2017-02-07'),
(33, '18', '2017-02-07'),
(33, '56', '2017-02-07'),
(33, '72', '2017-02-07'),
(33, 'D1', '2017-02-07'),
(34, '48', '2017-02-07'),
(34, '18', '2017-02-07'),
(34, '30', '2017-02-07'),
(34, '38', '2017-02-07'),
(34, '42', '2017-02-07'),
(34, '43', '2017-02-07'),
(34, '55', '2017-02-07'),
(34, '56', '2017-02-07'),
(34, '72', '2017-02-07'),
(34, '87', '2017-02-07'),
(35, '48', '2017-02-06'),
(35, '09', '2017-02-06'),
(35, '13', '2017-02-06'),
(35, '43', '2017-02-06'),
(35, '56', '2017-02-06'),
(36, '48', '2017-02-06'),
(36, '13', '2017-02-06'),
(36, '43', '2017-02-06'),
(36, '50', '2017-02-06'),
(36, '56', '2017-02-06'),
(37, '48', '2017-02-05'),
(37, '09', '2017-02-05'),
(37, '43', '2017-02-05'),
(37, '45', '2017-02-05'),
(37, '89', '2017-02-05'),
(37, '90', '2017-02-05'),
(37, '95', '2017-02-05'),
(37, '96', '2017-02-05'),
(37, '98', '2017-02-05'),
(37, 'D1', '2017-02-05'),
(38, '48', '2017-02-05'),
(38, '09', '2017-02-05'),
(38, '43', '2017-02-05'),
(38, '84', '2017-02-05'),
(38, '86', '2017-02-05'),
(38, '96', '2017-02-05'),
(38, 'D1', '2017-02-05'),
(39, '48', '2017-02-03'),
(39, '09', '2017-02-03'),
(39, '13', '2017-02-03'),
(39, '18', '2017-02-03'),
(39, '30', '2017-02-03'),
(39, '38', '2017-02-03'),
(39, '40', '2017-02-03'),
(39, '42', '2017-02-03'),
(39, '43', '2017-02-03'),
(39, '50', '2017-02-03'),
(39, '75', '2017-02-03'),
(39, '98', '2017-02-03'),
(40, '09', '2017-02-07'),
(40, '30', '2017-02-07'),
(40, '84', '2017-02-07'),
(40, '88', '2017-02-07'),
(40, '56', '2017-02-07'),
(40, '72', '2017-02-07'),
(41, '13', '2017-02-08'),
(41, '30', '2017-02-08'),
(41, '56', '2017-02-08'),
(42, '48', '2017-02-10'),
(42, '43', '2017-02-10'),
(42, '83', '2017-02-10'),
(42, '86', '2017-02-10'),
(42, '87', '2017-02-10'),
(42, 'D1', '2017-02-10'),
(42, 'D2', '2017-02-10'),
(42, 'R1', '2017-02-10'),
(42, 'R2', '2017-02-10'),
(42, 'R3', '2017-02-10'),
(43, '09', '2017-02-14'),
(43, '18', '2017-02-14'),
(43, '42', '2017-02-14'),
(43, '43', '2017-02-14'),
(43, '56', '2017-02-14'),
(43, '72', '2017-02-14'),
(43, '84', '2017-02-14'),
(43, '88', '2017-02-14'),
(43, '90', '2017-02-14'),
(43, '92', '2017-02-14'),
(43, '94', '2017-02-14'),
(44, '48', '2017-02-19'),
(44, '22', '2017-02-19'),
(44, '30', '2017-02-19'),
(44, '45', '2017-02-19'),
(44, '50', '2017-02-19'),
(44, '63', '2017-02-19'),
(44, '75', '2017-02-19'),
(44, '80', '2017-02-19'),
(44, '83', '2017-02-19'),
(44, '84', '2017-02-19'),
(44, '86', '2017-02-19'),
(44, '88', '2017-02-19'),
(44, '96', '2017-02-19'),
(44, '98', '2017-02-19'),
(45, '09', '2017-02-22'),
(45, '30', '2017-02-22'),
(45, '22', '2017-02-22'),
(46, '30', '2017-02-23'),
(46, '18', '2017-02-23'),
(46, '27', '2017-02-23'),
(46, '42', '2017-02-23'),
(46, '56', '2017-02-23'),
(46, '72', '2017-02-23'),
(46, '80', '2017-02-23'),
(46, '82', '2017-02-23'),
(46, '90', '2017-02-23'),
(46, '94', '2017-02-23'),
(46, '98', '2017-02-23'),
(47, '29', '2017-02-24'),
(47, '30', '2017-02-24'),
(47, '50', '2017-02-24'),
(47, '84', '2017-02-24'),
(47, '86', '2017-02-24'),
(47, '91', '2017-02-24'),
(48, '18', '2017-02-25'),
(48, '22', '2017-02-25'),
(48, '30', '2017-02-25'),
(48, '38', '2017-02-25'),
(48, '42', '2017-02-25'),
(48, '48', '2017-02-25'),
(48, '55', '2017-02-25'),
(48, '56', '2017-02-25'),
(48, '63', '2017-02-25'),
(48, '72', '2017-02-25'),
(48, '82', '2017-02-25'),
(48, '84', '2017-02-25'),
(48, '87', '2017-02-25'),
(48, '88', '2017-02-25'),
(48, '90', '2017-02-25'),
(48, '91', '2017-02-25'),
(48, '92', '2017-02-25'),
(48, '93', '2017-02-25'),
(48, '94', '2017-02-25'),
(48, '95', '2017-02-25'),
(48, '98', '2017-02-25'),
(49, '18', '2017-02-26'),
(49, '22', '2017-02-26'),
(49, '27', '2017-02-26'),
(49, '30', '2017-02-26'),
(49, '38', '2017-02-26'),
(49, '42', '2017-02-26'),
(49, '43', '2017-02-26'),
(49, '45', '2017-02-26'),
(49, '48', '2017-02-26'),
(49, '56', '2017-02-26'),
(49, '72', '2017-02-26'),
(49, '75', '2017-02-26'),
(49, '77', '2017-02-26'),
(49, '80', '2017-02-26'),
(49, '82', '2017-02-26'),
(49, '84', '2017-02-26'),
(49, '86', '2017-02-26'),
(49, '87', '2017-02-26'),
(49, '88', '2017-02-26'),
(49, '90', '2017-02-26'),
(49, '91', '2017-02-26'),
(49, '92', '2017-02-26'),
(49, '94', '2017-02-26'),
(49, '96', '2017-02-26'),
(50, '83', '2017-01-24'),
(50, '94', '2017-01-24'),
(50, 'D2', '2017-01-24'),
(50, 'R1', '2017-01-24'),
(51, '30', '2017-01-26'),
(51, '83', '2017-01-26'),
(51, '94', '2017-01-26'),
(51, '97', '2017-01-26'),
(51, 'D1', '2017-01-26'),
(51, 'R3', '2017-01-26'),
(52, '09', '2017-02-04'),
(52, '48', '2017-02-04'),
(52, '98', '2017-02-04'),
(52, 'D1', '2017-02-04'),
(53, '13', '2017-02-04'),
(53, '98', '2017-02-04'),
(53, 'D1', '2017-02-04'),
(54, '09', '2017-02-03'),
(54, '13', '2017-02-03'),
(54, '48', '2017-02-03'),
(54, '50', '2017-02-03'),
(54, '75', '2017-02-03'),
(54, '86', '2017-02-03'),
(54, '98', '2017-02-03'),
(55, '27', '2016-12-16'),
(55, '30', '2016-12-16'),
(55, '62', '2016-12-16'),
(55, '80', '2016-12-16'),
(55, '88', '2016-12-16'),
(55, '89', '2016-12-16'),
(56, '83', '2016-12-01'),
(56, '80', '2016-12-01'),
(56, '97', '2016-12-01'),
(56, 'D1', '2016-12-01'),
(56, 'R2', '2016-12-01'),
(57, '48', '2016-12-03'),
(57, '09', '2016-12-03'),
(57, '38', '2016-12-03'),
(57, '42', '2016-12-03'),
(57, '43', '2016-12-03'),
(57, '45', '2016-12-03'),
(57, '50', '2016-12-03'),
(57, '55', '2016-12-03'),
(57, '56', '2016-12-03'),
(57, '72', '2016-12-03'),
(57, '75', '2016-12-03'),
(57, '84', '2016-12-03'),
(57, '86', '2016-12-03'),
(57, '87', '2016-12-03'),
(57, '89', '2016-12-03'),
(57, '90', '2016-12-03'),
(57, '92', '2016-12-03'),
(57, '94', '2016-12-03'),
(57, '97', '2016-12-03'),
(57, '98', '2016-12-03'),
(58, '09', '2016-12-18'),
(58, '43', '2016-12-18'),
(58, '45', '2016-12-18'),
(58, '72', '2016-12-18'),
(58, '89', '2016-12-18');

-- --------------------------------------------------------

--
-- Table structure for table `training`
--

DROP TABLE IF EXISTS `training`;
CREATE TABLE IF NOT EXISTS `training` (
  `id` bigint(20) NOT NULL AUTO_INCREMENT,
  `date_of_training` date NOT NULL,
  `activity` text NOT NULL,
  `venue` text NOT NULL,
  `oic` varchar(10) NOT NULL,
  `remarks` text NOT NULL,
  `recorder` varchar(10) NOT NULL,
  `approved_by` varchar(10) DEFAULT NULL,
  `sent` tinyint(1) DEFAULT '0',
  `replied` tinyint(1) DEFAULT '0',
  PRIMARY KEY (`id`)
) ENGINE=InnoDB  DEFAULT CHARSET=utf8 AUTO_INCREMENT=25 ;

--
-- Dumping data for table `training`
--

INSERT INTO `training` (`id`, `date_of_training`, `activity`, `venue`, `oic`, `remarks`, `recorder`, `approved_by`, `sent`, `replied`) VALUES
(11, '2017-05-14', 'Sunday Training', 'Bravo', '30', 'ladder training', '97', NULL, 0, 0),
(12, '2017-05-07', 'Ladder Training', 'Bravo', '90', 'ground ladder practice', '91', NULL, 0, 0),
(13, '2017-04-23', 'High Rise Drills', 'Gaisano Capital Soho B. Rodriguez', '09', 'ground ladder practice', '94', NULL, 0, 0),
(14, '2017-04-09', 'FTO Training / Roving', 'Cebu City', '63', 'engine check, roving around cebu city\r\n* E22 rdo can receive but NO TRANSMIT', '84', NULL, 0, 0),
(15, '2017-04-02', 'SCBA Training at USC-TC', 'USC-TC', '09', 'SCBA training at us-tc\r\nE12 nadaot after test run', '95', NULL, 0, 0),
(16, '2017-03-19', 'Aerial 1 discussion', 'Bravo', '09', 'checkup of aerial 1\r\ndiscussion re: training, safety standards, past close calls/accidents', '84', NULL, 0, 0),
(17, '2017-03-05', 'SCBA Physical Drill', 'Bravo', '09', 'physical drills with scba\r\nair limit test per volunteer\r\n1st scba training for march (dedicated scba month)', '98', NULL, 0, 0),
(18, '2017-02-12', 'Sunday Training', 'Bravo', '09', 'sunday training', '97', NULL, 0, 0),
(19, '2016-11-20', 'BLS Training part 2', 'Bravo', '09', 'seminar conducted by trisha, janine and donald from ERUF on BLS specifically for common risk factors, incidents and transport', '98', NULL, 0, 0),
(20, '2016-11-13', 'BLS Training part 1', 'Bravo', '09', 'ERUF BLS review on choking victim, fainting, cardiac arrest and CPR\r\nERUF - Gian Esbra', '97', NULL, 0, 0),
(21, '2016-11-06', 'FOAM OPERATIONS', 'Bravo', '09', 'regular training', '94', NULL, 0, 0),
(22, '2017-03-12', 'SCBA Training Part 2', 'Bravo', '09', '2nd scba training for march\r\nlecture by 75 @ dining area', '84', NULL, 0, 0),
(23, '2017-06-04', 'SUNDAY DRILLS', 'BRAVO', '09', '0', '97', NULL, 0, 0),
(24, '2017-01-12', 'TRAINING ', 'BRAVO', '09', 'TRAINING ACTIVITY MEETING', '94', NULL, 0, 0);

-- --------------------------------------------------------

--
-- Table structure for table `training_attendance`
--

DROP TABLE IF EXISTS `training_attendance`;
CREATE TABLE IF NOT EXISTS `training_attendance` (
  `training_id` bigint(20) NOT NULL,
  `unit` varchar(10) NOT NULL,
  `attendance_date` date NOT NULL,
  KEY `training` (`training_id`)
) ENGINE=InnoDB DEFAULT CHARSET=utf8;

--
-- Dumping data for table `training_attendance`
--

INSERT INTO `training_attendance` (`training_id`, `unit`, `attendance_date`) VALUES
(11, '29', '2017-05-14'),
(11, '30', '2017-05-14'),
(11, '84', '2017-05-14'),
(11, '86', '2017-05-14'),
(11, '88', '2017-05-14'),
(11, '89', '2017-05-14'),
(11, '90', '2017-05-14'),
(11, '91', '2017-05-14'),
(11, '92', '2017-05-14'),
(11, '93', '2017-05-14'),
(11, '94', '2017-05-14'),
(11, '95', '2017-05-14'),
(11, '96', '2017-05-14'),
(11, '97', '2017-05-14'),
(11, '22', '2017-05-14'),
(12, '09', '2017-05-07'),
(12, '13', '2017-05-07'),
(12, '22', '2017-05-07'),
(12, '29', '2017-05-07'),
(12, '30', '2017-05-07'),
(12, '38', '2017-05-07'),
(12, '63', '2017-05-07'),
(12, '83', '2017-05-07'),
(12, '84', '2017-05-07'),
(12, '86', '2017-05-07'),
(12, '88', '2017-05-07'),
(12, '90', '2017-05-07'),
(12, '91', '2017-05-07'),
(12, '92', '2017-05-07'),
(12, '95', '2017-05-07'),
(12, '96', '2017-05-07'),
(12, 'D1', '2017-05-07'),
(13, '09', '2017-04-23'),
(13, '30', '2017-04-23'),
(13, '29', '2017-04-23'),
(13, '89', '2017-04-23'),
(13, '90', '2017-04-23'),
(13, '92', '2017-04-23'),
(13, '94', '2017-04-23'),
(13, '95', '2017-04-23'),
(13, 'D1', '2017-04-23'),
(14, '13', '2017-04-09'),
(14, '22', '2017-04-09'),
(14, '27', '2017-04-09'),
(14, '29', '2017-04-09'),
(14, '30', '2017-04-09'),
(14, '63', '2017-04-09'),
(14, '84', '2017-04-09'),
(14, '88', '2017-04-09'),
(14, '89', '2017-04-09'),
(14, '93', '2017-04-09'),
(14, '96', '2017-04-09'),
(14, 'D1', '2017-04-09'),
(15, '09', '2017-04-02'),
(15, '30', '2017-04-02'),
(15, '22', '2017-04-02'),
(15, '29', '2017-04-02'),
(15, '38', '2017-04-02'),
(15, '40', '2017-04-02'),
(15, '50', '2017-04-02'),
(15, '63', '2017-04-02'),
(15, '75', '2017-04-02'),
(15, '84', '2017-04-02'),
(15, '88', '2017-04-02'),
(15, '89', '2017-04-02'),
(15, '90', '2017-04-02'),
(15, '91', '2017-04-02'),
(15, '92', '2017-04-02'),
(15, '94', '2017-04-02'),
(15, '95', '2017-04-02'),
(15, 'D1', '2017-04-02'),
(15, '87', '2017-04-02'),
(16, '09', '2017-03-19'),
(16, '22', '2017-03-19'),
(16, '29', '2017-03-19'),
(16, '30', '2017-03-19'),
(16, '75', '2017-03-19'),
(16, '84', '2017-03-19'),
(16, '88', '2017-03-19'),
(16, '89', '2017-03-19'),
(16, '95', '2017-03-19'),
(16, 'D1', '2017-03-19'),
(17, '09', '2017-03-05'),
(17, '22', '2017-03-05'),
(17, '29', '2017-03-05'),
(17, '30', '2017-03-05'),
(17, '63', '2017-03-05'),
(17, '75', '2017-03-05'),
(17, '86', '2017-03-05'),
(17, '88', '2017-03-05'),
(17, '90', '2017-03-05'),
(17, '92', '2017-03-05'),
(17, '94', '2017-03-05'),
(17, '95', '2017-03-05'),
(17, '96', '2017-03-05'),
(17, '98', '2017-03-05'),
(17, 'D1', '2017-03-05'),
(17, '84', '2017-03-05'),
(18, '09', '2017-02-12'),
(18, '22', '2017-02-12'),
(18, '29', '2017-02-12'),
(18, '63', '2017-02-12'),
(18, '84', '2017-02-12'),
(18, '86', '2017-02-12'),
(18, '88', '2017-02-12'),
(18, '90', '2017-02-12'),
(18, '92', '2017-02-12'),
(18, '94', '2017-02-12'),
(18, '95', '2017-02-12'),
(18, '96', '2017-02-12'),
(18, '97', '2017-02-12'),
(18, '98', '2017-02-12'),
(18, '87', '2017-02-12'),
(18, '75', '2017-02-12'),
(18, 'D1', '2017-02-12'),
(18, '30', '2017-02-12'),
(19, '09', '2016-11-20'),
(19, '22', '2016-11-20'),
(19, '29', '2016-11-20'),
(19, '38', '2016-11-20'),
(19, '45', '2016-11-20'),
(19, '63', '2016-11-20'),
(19, '75', '2016-11-20'),
(19, '87', '2016-11-20'),
(19, '88', '2016-11-20'),
(19, '89', '2016-11-20'),
(19, '90', '2016-11-20'),
(19, '92', '2016-11-20'),
(19, '94', '2016-11-20'),
(19, '98', '2016-11-20'),
(19, 'D1', '2016-11-20'),
(20, '09', '2016-11-13'),
(20, '22', '2016-11-13'),
(20, '29', '2016-11-13'),
(20, '30', '2016-11-13'),
(20, '50', '2016-11-13'),
(20, '63', '2016-11-13'),
(20, '75', '2016-11-13'),
(20, '80', '2016-11-13'),
(20, '45', '2016-11-13'),
(20, '86', '2016-11-13'),
(20, '87', '2016-11-13'),
(20, '88', '2016-11-13'),
(20, '89', '2016-11-13'),
(20, '90', '2016-11-13'),
(20, '92', '2016-11-13'),
(20, '94', '2016-11-13'),
(20, '95', '2016-11-13'),
(20, '97', '2016-11-13'),
(20, '98', '2016-11-13'),
(20, 'D2', '2016-11-13'),
(21, '09', '2016-11-06'),
(21, '22', '2016-11-06'),
(21, '29', '2016-11-06'),
(21, '30', '2016-11-06'),
(21, '75', '2016-11-06'),
(21, '88', '2016-11-06'),
(21, '90', '2016-11-06'),
(21, '91', '2016-11-06'),
(21, '92', '2016-11-06'),
(21, '94', '2016-11-06'),
(21, '95', '2016-11-06'),
(21, '98', '2016-11-06'),
(21, 'D1', '2016-11-06'),
(22, '09', '2017-03-12'),
(22, '13', '2017-03-12'),
(22, '22', '2017-03-12'),
(22, '29', '2017-03-12'),
(22, '63', '2017-03-12'),
(22, '75', '2017-03-12'),
(22, '84', '2017-03-12'),
(22, '87', '2017-03-12'),
(22, '88', '2017-03-12'),
(22, '90', '2017-03-12'),
(22, '92', '2017-03-12'),
(22, '93', '2017-03-12'),
(22, '94', '2017-03-12'),
(22, 'D2', '2017-03-12'),
(22, '50', '2017-03-12'),
(22, '96', '2017-03-12'),
(22, '30', '2017-03-12'),
(23, '09', '2017-06-04'),
(23, '30', '2017-06-04'),
(23, '22', '2017-06-04'),
(23, '29', '2017-06-04'),
(23, '43', '2017-06-04'),
(23, '50', '2017-06-04'),
(23, '63', '2017-06-04'),
(23, '75', '2017-06-04'),
(23, '84', '2017-06-04'),
(23, '87', '2017-06-04'),
(23, '88', '2017-06-04'),
(23, '89', '2017-06-04'),
(23, '90', '2017-06-04'),
(23, '91', '2017-06-04'),
(23, '93', '2017-06-04'),
(23, '96', '2017-06-04'),
(23, '97', '2017-06-04'),
(23, 'D1', '2017-06-04'),
(24, '09', '2017-01-12'),
(24, '30', '2017-01-12'),
(24, '50', '2017-01-12'),
(24, '75', '2017-01-12'),
(24, '90', '2017-01-12'),
(24, '92', '2017-01-12'),
(24, '94', '2017-01-12'),
(24, '98', '2017-01-12');

--
-- Constraints for dumped tables
--

--
-- Constraints for table `duty_attendance`
--
ALTER TABLE `duty_attendance`
  ADD CONSTRAINT `attendance_unit_number_update` FOREIGN KEY (`unit`) REFERENCES `personnel` (`unit`) ON DELETE CASCADE ON UPDATE CASCADE;

--
-- Constraints for table `duty_schedule`
--
ALTER TABLE `duty_schedule`
  ADD CONSTRAINT `unit_number_` FOREIGN KEY (`unit`) REFERENCES `personnel` (`unit`) ON DELETE CASCADE ON UPDATE CASCADE;

--
-- Constraints for table `fire_apparata`
--
ALTER TABLE `fire_apparata`
  ADD CONSTRAINT `fire_apparata_ibfk_1` FOREIGN KEY (`fire_data_id`) REFERENCES `fire_data` (`id`) ON DELETE CASCADE ON UPDATE NO ACTION;

--
-- Constraints for table `fire_attendance`
--
ALTER TABLE `fire_attendance`
  ADD CONSTRAINT `fire_attendance_ibfk_1` FOREIGN KEY (`fire_data_id`) REFERENCES `fire_data` (`id`) ON DELETE CASCADE ON UPDATE NO ACTION;

--
-- Constraints for table `meeting_attendance`
--
ALTER TABLE `meeting_attendance`
  ADD CONSTRAINT `meeting_attendance_ibfk_1` FOREIGN KEY (`meeting_id`) REFERENCES `meeting` (`id`) ON DELETE CASCADE ON UPDATE NO ACTION;

--
-- Constraints for table `special_activity_attendance`
--
ALTER TABLE `special_activity_attendance`
  ADD CONSTRAINT `special_activity_attendance_ibfk_1` FOREIGN KEY (`special_id`) REFERENCES `special_activity` (`id`) ON DELETE CASCADE ON UPDATE NO ACTION;

--
-- Constraints for table `training_attendance`
--
ALTER TABLE `training_attendance`
  ADD CONSTRAINT `training_attendance_ibfk_1` FOREIGN KEY (`training_id`) REFERENCES `training` (`id`) ON DELETE CASCADE ON UPDATE NO ACTION;

/*!40101 SET CHARACTER_SET_CLIENT=@OLD_CHARACTER_SET_CLIENT */;
/*!40101 SET CHARACTER_SET_RESULTS=@OLD_CHARACTER_SET_RESULTS */;
/*!40101 SET COLLATION_CONNECTION=@OLD_COLLATION_CONNECTION */;
